,BIC,LL,LR_down,LR_up,SSE,asymm_LR,best_model,bounded_weights,comb,comb_index,cost_type,feature_names,feature_weight_1,feature_weight_2,feature_weight_3,feature_weight_4,feature_weight_5,fit_to,gaze,gaze_bias,inv_temp,model_descr,sub_ID,sub_ind
0,-23.425,24.189,0.903,0.903,1.759,0,,0,1111,15,SSE,Coop_Greed_Risk_Nash,1.359,0.53,0.979,0.183,,joint,0,0.0,0.41,All Motives,6001,201
1,84.759,-29.903,0.421,0.421,9.539,0,,0,1111,15,SSE,Coop_Greed_Risk_Nash,-0.35,2.562,1.106,2.915,,joint,0,0.0,0.364,All Motives,6002,202
2,30.829,-2.938,0.979,0.979,4.107,0,,0,1111,15,SSE,Coop_Greed_Risk_Nash,1.436,1.546,-1.663,0.873,,joint,0,0.0,0.512,All Motives,6003,203
3,50.599,-12.823,0.371,0.371,5.5939999999999985,0,,0,1111,15,SSE,Coop_Greed_Risk_Nash,1.071,1.5,-0.374,-0.34,,joint,0,0.0,0.888,All Motives,6004,204
4,-19.723,22.338,4.341,4.341,1.864,0,,0,1111,15,SSE,Coop_Greed_Risk_Nash,-2.023,1.116,3.896,4.073,,joint,0,0.0,0.29100000000000004,All Motives,6005,205
5,5.847,9.553,1.087,1.087,2.78,0,,0,1111,15,SSE,Coop_Greed_Risk_Nash,2.712,-2.264,1.271,3.685,,joint,0,0.0,0.153,All Motives,6006,206
6,56.848,-15.947,0.456,0.456,6.167999999999998,0,,0,1111,15,SSE,Coop_Greed_Risk_Nash,-1.084,4.045,1.4280000000000002,0.5579999999999999,,joint,0,0.0,1.868,All Motives,7001,207
7,17.73,3.612,0.249,0.249,3.347,0,,0,1111,15,SSE,Coop_Greed_Risk_Nash,1.144,1.518,-0.531,-0.366,,joint,0,0.0,1.629,All Motives,7002,208
8,78.068,-26.557,0.887,0.887,8.592,0,,0,1111,15,SSE,Coop_Greed_Risk_Nash,0.8440000000000001,1.863,-0.813,0.233,,joint,0,0.0,0.57,All Motives,7003,209
9,25.774,-0.41,0.531,0.531,3.795,0,,0,1111,15,SSE,Coop_Greed_Risk_Nash,0.6459999999999999,0.969,-1.209,0.319,,joint,0,0.0,0.588,All Motives,7005,210
10,50.157,-12.602,0.94,0.94,5.555,0,,0,1111,15,SSE,Coop_Greed_Risk_Nash,3.002,-0.7809999999999999,-1.342,0.01,,joint,0,0.0,0.311,All Motives,7006,211
11,17.691,3.631,0.672,0.672,3.345,0,,0,1111,15,SSE,Coop_Greed_Risk_Nash,2.108,1.924,-1.466,-0.8059999999999999,,joint,0,0.0,0.418,All Motives,7007,212
12,-57.302,41.128,0.715,0.715,1.036,0,,0,1111,15,SSE,Coop_Greed_Risk_Nash,0.92,1.047,0.18600000000000005,-0.851,,joint,0,0.0,0.823,All Motives,7008,213
13,33.17,-4.1080000000000005,1.211,1.211,4.26,0,,0,1111,15,SSE,Coop_Greed_Risk_Nash,3.595,2.732,-1.7180000000000002,-2.309,,joint,0,0.0,0.122,All Motives,7009,214
14,-0.337,12.645,0.789,0.789,2.524,0,,0,1111,15,SSE,Coop_Greed_Risk_Nash,-0.942,1.7919999999999998,-1.05,3.257,,joint,0,0.0,0.5329999999999999,All Motives,7010,215
15,69.37899999999999,-22.213,0.858,0.858,7.501,0,,0,1111,15,SSE,Coop_Greed_Risk_Nash,1.525,0.436,-0.624,-0.146,,joint,0,0.0,0.399,All Motives,7011,216
16,11.074000000000002,6.94,0.322,0.322,3.016,0,,0,1111,15,SSE,Coop_Greed_Risk_Nash,1.04,0.993,-0.7659999999999999,0.249,,joint,0,0.0,0.348,All Motives,7012,217
17,1.038,11.958,0.5529999999999999,0.5529999999999999,2.579,0,,0,1111,15,SSE,Coop_Greed_Risk_Nash,1.669,3.98,-1.4780000000000002,0.079,,joint,0,0.0,0.48,All Motives,7013,218
18,43.521,-9.284,0.897,0.897,5.008,0,,0,1111,15,SSE,Coop_Greed_Risk_Nash,0.485,1.826,-0.507,-0.314,,joint,0,0.0,0.632,All Motives,7014,219
19,65.875,-20.461,0.8079999999999999,0.8079999999999999,7.101,0,,0,1111,15,SSE,Coop_Greed_Risk_Nash,0.6940000000000001,2.077,-1.271,0.8909999999999999,,joint,0,0.0,0.421,All Motives,7015,220
20,28.394,-1.721,0.795,0.795,3.954,0,,0,1111,15,SSE,Coop_Greed_Risk_Nash,2.369,4.542,-2.045,0.888,,joint,0,0.0,0.339,All Motives,7016,221
21,9.003,7.975,0.754,0.754,2.92,0,,0,1111,15,SSE,Coop_Greed_Risk_Nash,1.584,1.704,-0.264,-0.695,,joint,0,0.0,0.391,All Motives,7017,222
22,-5.339,15.146,0.409,0.409,2.334,0,,0,1111,15,SSE,Coop_Greed_Risk_Nash,0.097,1.2009999999999998,1.39,0.612,,joint,0,0.0,1.413,All Motives,7018,223
23,36.372,-5.709,0.518,0.518,4.479,0,,0,1111,15,SSE,Coop_Greed_Risk_Nash,2.296,2.778,-1.332,-0.111,,joint,0,0.0,0.339,All Motives,7019,224
24,9.694,7.629,1.294,1.294,2.952,0,,0,1111,15,SSE,Coop_Greed_Risk_Nash,2.007,1.905,-0.465,0.154,,joint,0,0.0,0.45,All Motives,7021,225
25,-4.127,14.54,0.715,0.715,2.379,0,,0,1111,15,SSE,Coop_Greed_Risk_Nash,1.683,1.375,-0.253,-0.407,,joint,0,0.0,0.5,All Motives,7022,226
26,51.198,-13.122,0.909,0.909,5.646,0,,0,1111,15,SSE,Coop_Greed_Risk_Nash,3.567,17.19,8.584,-13.914,,joint,0,0.0,0.021,All Motives,7023,227
27,11.316,6.819,1.152,1.152,3.028,0,,0,1111,15,SSE,Coop_Greed_Risk_Nash,2.37,2.161,-2.319,0.006999999999999999,,joint,0,0.0,0.444,All Motives,7024,228
28,20.77,2.091,0.562,0.562,3.51,0,,0,1111,15,SSE,Coop_Greed_Risk_Nash,2.057,3.217,-1.159,-0.7709999999999999,,joint,0,0.0,0.387,All Motives,7025,229
29,107.463,-41.255,0.458,0.458,13.601,0,,0,1111,15,SSE,Coop_Greed_Risk_Nash,1.955,0.82,0.018000000000000002,-3.192,,joint,0,0.0,0.35,All Motives,7026,230
30,-4.467,14.71,1.023,1.023,2.366,0,,0,1111,15,SSE,Coop_Greed_Risk_Nash,0.053,0.713,1.497,0.215,,joint,0,0.0,0.4920000000000001,All Motives,7027,231
31,50.93,-12.989,1.452,1.452,5.622999999999998,0,,0,1111,15,SSE,Coop_Greed_Risk_Nash,0.928,2.084,-1.067,0.248,,joint,0,0.0,0.522,All Motives,7028,232
32,28.067,-1.557,1.141,1.141,3.934,0,,0,1111,15,SSE,Coop_Greed_Risk_Nash,2.657,1.796,-0.275,-0.006999999999999999,,joint,0,0.0,0.388,All Motives,7029,233
33,29.923,-2.485,0.828,0.828,4.05,0,,0,1111,15,SSE,Coop_Greed_Risk_Nash,2.699,1.828,-1.654,0.32,,joint,0,0.0,0.463,All Motives,7030,234
34,25.052,-0.05,0.942,0.942,3.753,0,,0,1111,15,SSE,Coop_Greed_Risk_Nash,0.989,0.648,-0.828,-0.611,,joint,0,0.0,0.935,All Motives,7031,235
35,71.419,-23.233,0.118,0.118,7.744,0,,0,1111,15,SSE,Coop_Greed_Risk_Nash,0.236,-1.058,-0.777,2.865,,joint,0,0.0,0.131,All Motives,8001,236
36,22.555,1.199,0.706,0.706,3.609,0,,0,1111,15,SSE,Coop_Greed_Risk_Nash,1.673,1.19,-1.798,0.745,,joint,0,0.0,0.299,All Motives,8002,237
37,9.599,7.677,1.663,1.663,2.948,0,,0,1111,15,SSE,Coop_Greed_Risk_Nash,1.023,1.346,0.257,0.336,,joint,0,0.0,0.426,All Motives,8003,238
38,27.776,-1.411,1.051,1.051,3.916,0,,0,1111,15,SSE,Coop_Greed_Risk_Nash,0.807,1.219,-1.248,0.222,,joint,0,0.0,0.485,All Motives,8004,239
39,50.25,-12.649,0.6679999999999999,0.6679999999999999,5.563,0,,0,1111,15,SSE,Coop_Greed_Risk_Nash,1.3730000000000002,3.022,-1.628,1.165,,joint,0,0.0,0.454,All Motives,8005,240
40,48.745,-11.896,2.397,2.397,5.434,0,,0,1111,15,SSE,Coop_Greed_Risk_Nash,2.205,0.303,-1.556,1.4269999999999998,,joint,0,0.0,0.218,All Motives,8006,241
41,99.9,-37.473,0.7290000000000001,0.7290000000000001,12.085,0,,0,1111,15,SSE,Coop_Greed_Risk_Nash,1.7009999999999998,-2.458,-0.23,3.2880000000000003,,joint,0,0.0,0.267,All Motives,8007,242
42,15.361,4.796,5.056,5.056,3.225,0,,0,1111,15,SSE,Coop_Greed_Risk_Nash,3.833,7.697,10.036,3.981,,joint,0,0.0,0.12,All Motives,8009,243
43,-22.738000000000003,23.846,0.688,0.688,1.778,0,,0,1111,15,SSE,Coop_Greed_Risk_Nash,-0.371,1.065,1.4069999999999998,1.378,,joint,0,0.0,0.608,All Motives,8010,244
44,91.491,-33.269,0.188,0.188,10.597,0,,0,1111,15,SSE,Coop_Greed_Risk_Nash,2.99,3.737,-0.285,-2.107,,joint,0,0.0,0.265,All Motives,8011,245
45,11.254,6.85,4.063,4.063,3.025,0,,0,1111,15,SSE,Coop_Greed_Risk_Nash,4.444,10.279000000000002,1.6780000000000002,4.492,,joint,0,0.0,0.125,All Motives,8012,246
46,20.489,2.232,4.327,4.327,3.495,0,,0,1111,15,SSE,Coop_Greed_Risk_Nash,11.919,17.878,-3.428,-2.27,,joint,0,0.0,4.944,All Motives,8013,247
47,51.75100000000001,-13.399,0.948,0.948,5.695,0,,0,1111,15,SSE,Coop_Greed_Risk_Nash,1.375,2.241,-1.229,-0.333,,joint,0,0.0,0.404,All Motives,8014,248
48,25.632,-0.339,0.942,0.942,3.787,0,,0,1111,15,SSE,Coop_Greed_Risk_Nash,3.693,8.055,-0.753,-0.212,,joint,0,0.0,0.28300000000000003,All Motives,8015,249
49,-3.906,14.43,0.6759999999999999,0.6759999999999999,2.387,0,,0,1111,15,SSE,Coop_Greed_Risk_Nash,1.324,-0.18,2.491,0.13,,joint,0,0.0,0.337,All Motives,8016,250
50,53.144,-14.095,0.33,0.33,5.8210000000000015,0,,0,1111,15,SSE,Coop_Greed_Risk_Nash,0.205,-0.106,-0.073,-0.052000000000000005,,joint,0,0.0,1.243,All Motives,8017,251
51,-9.493,17.223,3.644,3.644,2.187,0,,0,1111,15,SSE,Coop_Greed_Risk_Nash,5.694,9.093,8.254,16.137,,joint,0,0.0,0.185,All Motives,8018,252
52,22.991,0.981,1.165,1.165,3.634,0,,0,1111,15,SSE,Coop_Greed_Risk_Nash,3.1060000000000003,2.081,-2.172,-0.18,,joint,0,0.0,0.35700000000000004,All Motives,8019,253
53,-30.361,27.657,0.977,0.977,1.579,0,,0,1111,15,SSE,Coop_Greed_Risk_Nash,1.696,2.222,0.8170000000000001,0.506,,joint,0,0.0,0.378,All Motives,8020,254
54,32.975,-4.011,0.6679999999999999,0.6679999999999999,4.247,0,,0,1111,15,SSE,Coop_Greed_Risk_Nash,2.7510000000000003,0.992,-0.954,-1.161,,joint,0,0.0,0.35100000000000003,All Motives,8021,255
55,9.946,7.504,1.074,1.074,2.964,0,,0,1111,15,SSE,Coop_Greed_Risk_Nash,-0.381,1.875,-1.374,1.939,,joint,0,0.0,0.4,All Motives,8022,256
56,56.118,-15.582,0.173,0.173,6.097,0,,0,1111,15,SSE,Coop_Greed_Risk_Nash,-2.317,-0.166,1.052,-1.894,,joint,0,0.0,0.214,All Motives,8023,257
57,-28.433000000000003,26.693,0.8320000000000001,0.8320000000000001,1.6269999999999998,0,,0,1111,15,SSE,Coop_Greed_Risk_Nash,0.665,5.792999999999998,-2.252,-0.23,,joint,0,0.0,0.32,All Motives,8024,258
58,21.992,1.481,1.6980000000000002,1.6980000000000002,3.574,0,,0,1111,15,SSE,Coop_Greed_Risk_Nash,-0.893,2.341,0.141,-1.036,,joint,0,0.0,0.402,All Motives,8025,259
59,2.138,11.408,0.588,0.588,2.623,0,,0,1111,15,SSE,Coop_Greed_Risk_Nash,2.763,2.27,-1.324,0.411,,joint,0,0.0,0.457,All Motives,8026,260
60,3.772,10.59,0.88,0.88,2.6910000000000003,0,,0,1111,15,SSE,Coop_Greed_Risk_Nash,2.508,5.676,-0.943,-2.042,,joint,0,0.0,0.301,All Motives,8027,261
61,73.046,-24.046,0.374,0.374,7.943,0,,0,1111,15,SSE,Coop_Greed_Risk_Nash,1.241,1.026,-0.691,-1.6369999999999998,,joint,0,0.0,0.272,All Motives,8028,262
62,55.237,-15.142,0.262,0.262,6.0139999999999985,0,,0,1111,15,SSE,Coop_Greed_Risk_Nash,4.424,5.766,-0.882,-0.201,,joint,0,0.0,0.736,All Motives,8029,263
63,-13.503,19.228,1.043,1.043,2.0540000000000003,0,,0,1111,15,SSE,Coop_Greed_Risk_Nash,1.847,-1.269,2.7880000000000003,4.217,,joint,0,0.0,0.29600000000000004,All Motives,8030,264
64,28.715,-1.881,2.5660000000000003,2.5660000000000003,3.974,0,,0,1111,15,SSE,Coop_Greed_Risk_Nash,7.474,8.956,-7.814,2.199,,joint,0,0.0,0.124,All Motives,8031,265
65,30.399,-2.7230000000000003,1.525,1.525,4.08,0,,0,1111,15,SSE,Coop_Greed_Risk_Nash,2.264,2.47,-3.5010000000000003,1.06,,joint,0,0.0,0.248,All Motives,8032,266
66,7.456,8.749,1.124,1.124,2.85,0,,0,1111,15,SSE,Coop_Greed_Risk_Nash,-1.304,2.806,-2.544,-3.008,,joint,0,0.0,0.124,All Motives,8035,267
67,64.67,-19.858,1.341,1.341,6.97,0,,0,1111,15,SSE,Coop_Greed_Risk_Nash,-4.198,6.67,0.8340000000000001,0.812,,joint,0,0.0,0.398,All Motives,8036,268
68,25.375,-0.211,0.33,0.33,3.772,0,,0,1111,15,SSE,Coop_Greed_Risk_Nash,-0.026,0.68,-0.054000000000000006,0.179,,joint,0,0.0,1.14,All Motives,8037,269
69,28.281,-1.664,0.381,0.381,3.947,0,,0,1111,15,SSE,Coop_Greed_Risk_Nash,-0.639,5.542999999999998,0.008,-1.714,,joint,0,0.0,0.272,All Motives,8038,270
70,-39.919,32.436,1.155,1.155,1.36,0,,0,1111,15,SSE,Coop_Greed_Risk_Nash,1.446,0.395,-1.046,1.175,,joint,0,0.0,0.485,All Motives,8039,271
71,38.688,-6.867000000000001,0.5720000000000001,0.5720000000000001,4.644,0,,0,1111,15,SSE,Coop_Greed_Risk_Nash,0.941,0.391,0.33,-2.18,,joint,0,0.0,0.359,All Motives,8040,272
72,0.835,12.059,0.8079999999999999,0.8079999999999999,2.57,0,,0,1111,15,SSE,Coop_Greed_Risk_Nash,1.232,0.616,-0.89,-0.125,,joint,0,0.0,0.962,All Motives,8041,273
73,49.605,-12.326,0.512,0.512,5.5070000000000014,0,,0,1111,15,SSE,Coop_Greed_Risk_Nash,2.852,3.289,-1.276,0.536,,joint,0,0.0,0.591,All Motives,8042,274
74,9.94,7.5070000000000014,0.618,0.618,2.963,0,,0,1111,15,SSE,Coop_Greed_Risk_Nash,-0.506,1.362,-0.877,-0.873,,joint,0,0.0,0.251,All Motives,8043,275
75,49.691,-12.369000000000002,0.471,0.471,5.515,0,,0,1111,15,SSE,Coop_Greed_Risk_Nash,1.248,3.333,-0.596,-1.822,,joint,0,0.0,0.511,All Motives,8044,276
76,-6.023,15.488,0.24,0.24,2.309,0,,0,1111,15,SSE,Coop_Greed_Risk_Nash,0.664,4.48,-0.426,-0.3,,joint,0,0.0,0.34700000000000003,All Motives,8045,277
77,-26.873,25.913,0.179,0.179,1.6669999999999998,0,,0,1111,15,SSE,Coop_Greed_Risk_Nash,-1.446,3.312,-0.105,-0.527,,joint,0,0.0,0.263,All Motives,8046,278
78,85.171,-30.109,0.517,0.517,9.6,0,,0,1111,15,SSE,Coop_Greed_Risk_Nash,2.521,0.5870000000000001,0.08900000000000001,-1.717,,joint,0,0.0,0.341,All Motives,8047,279
79,4.918,10.018,0.422,0.422,2.74,0,,0,1111,15,SSE,Coop_Greed_Risk_Nash,1.352,3.4530000000000003,-0.073,-1.166,,joint,0,0.0,0.404,All Motives,8048,280
80,30.207,-2.627,3.405,3.405,4.0680000000000005,0,,0,1111,15,SSE,Coop_Greed_Risk_Nash,10.087,8.503,1.375,2.533,,joint,0,0.0,0.132,All Motives,8049,281
81,56.337,-15.692,4.319,4.319,6.1179999999999986,0,,0,1111,15,SSE,Coop_Greed_Risk_Nash,2.275,4.971,-3.337,8.3,,joint,0,0.0,0.067,All Motives,8050,282
82,-2.573,13.763,0.754,0.754,2.437,0,,0,1111,15,SSE,Coop_Greed_Risk_Nash,1.76,2.289,-0.977,-0.578,,joint,0,0.0,0.364,All Motives,8051,283
83,45.022,-10.035,2.206,2.206,5.127000000000002,0,,0,1111,15,SSE,Coop_Greed_Risk_Nash,1.402,2.03,-4.42,-4.504,,joint,0,0.0,0.166,All Motives,8052,284
84,39.143,-7.095,0.748,0.748,4.677,0,,0,1111,15,SSE,Coop_Greed_Risk_Nash,1.374,1.823,-1.4680000000000002,-1.49,,joint,0,0.0,0.36,All Motives,8053,285
85,50.396,-12.720999999999998,1.237,1.237,5.5760000000000005,0,,0,1111,15,SSE,Coop_Greed_Risk_Nash,0.484,1.4880000000000002,-1.197,1.621,,joint,0,0.0,0.444,All Motives,8054,286
86,-38.242,31.598000000000006,0.384,0.384,1.396,0,,0,1111,15,SSE,Coop_Greed_Risk_Nash,0.636,3.551,-0.912,0.363,,joint,0,0.0,0.417,All Motives,8055,287
87,48.864,-11.956,0.7340000000000001,0.7340000000000001,5.444,0,,0,1111,15,SSE,Coop_Greed_Risk_Nash,0.7090000000000001,0.747,-1.546,1.0759999999999998,,joint,0,0.0,0.22,All Motives,8056,288
88,50.865,-12.956,0.897,0.897,5.617000000000001,0,,0,1111,15,SSE,Coop_Greed_Risk_Nash,1.57,3.003,-0.11,-1.618,,joint,0,0.0,0.362,All Motives,8057,289
89,90.256,-32.651,0.534,0.534,10.394,0,,0,1111,15,SSE,Coop_Greed_Risk_Nash,-0.7240000000000001,1.913,-1.276,1.642,,joint,0,0.0,0.304,All Motives,8058,290
90,33.707,-4.377,1.645,1.645,4.296,0,,0,1111,15,SSE,Coop_Greed_Risk_Nash,1.6030000000000002,2.833,0.758,-1.392,,joint,0,0.0,0.391,All Motives,8059,291
91,60.37300000000001,-17.71,0.56,0.56,6.516,0,,0,1111,15,SSE,Coop_Greed_Risk_Nash,0.867,-0.004,-0.6890000000000001,-1.786,,joint,0,0.0,0.312,All Motives,8060,292
92,-16.2,20.577,1.19,1.19,1.97,0,,0,1111,15,SSE,Coop_Greed_Risk_Nash,3.784,5.686,3.395,-2.018,,joint,0,0.0,0.312,All Motives,8061,293
93,-15.883,20.418,0.721,0.721,1.98,0,,0,1111,15,SSE,Coop_Greed_Risk_Nash,2.421,2.747,-1.655,0.285,,joint,0,0.0,0.585,All Motives,8062,294
94,-12.901,18.927,0.867,0.867,2.074,0,,0,1111,15,SSE,Coop_Greed_Risk_Nash,1.175,0.272,1.588,2.059,,joint,0,0.0,0.484,All Motives,8063,295
95,-5.93,15.442,9.296,9.296,2.313,0,,0,1111,15,SSE,Coop_Greed_Risk_Nash,13.237,6.291,11.06,18.355,,joint,0,0.0,4.971,All Motives,8065,296
96,47.287,-11.167,1.831,1.831,5.312,0,,0,1111,15,SSE,Coop_Greed_Risk_Nash,4.817,7.096,-0.83,-4.562,,joint,0,0.0,0.184,All Motives,8066,297
97,-52.381,38.667,0.76,0.76,1.119,0,,0,1111,15,SSE,Coop_Greed_Risk_Nash,-0.306,2.178,-0.517,-1.285,,joint,0,0.0,0.147,All Motives,8067,298
98,-7.0779999999999985,16.016,2.477,2.477,2.271,0,,0,1111,15,SSE,Coop_Greed_Risk_Nash,1.148,0.486,2.705,-0.778,,joint,0,0.0,0.301,All Motives,8068,299
99,63.521,-19.284,0.254,0.254,6.845,0,,0,1111,15,SSE,Coop_Greed_Risk_Nash,2.708,0.632,-1.3219999999999998,2.122,,joint,0,0.0,0.299,All Motives,8069,300
100,-37.209,31.081,0.442,0.442,1.419,0,,0,1111,15,SSE,Coop_Greed_Risk_Nash,1.669,2.056,-0.899,-0.012,,joint,0,0.0,0.325,All Motives,8070,301
101,43.767,-9.407,0.19,0.19,5.027,0,,0,1111,15,SSE,Coop_Greed_Risk_Nash,3.3110000000000004,0.375,0.623,-0.5489999999999999,,joint,0,0.0,0.103,All Motives,8071,302
102,3.36,10.796,0.263,0.263,2.674,0,,0,1111,15,SSE,Coop_Greed_Risk_Nash,-1.378,4.56,7.86,1.382,,joint,0,0.0,0.29,All Motives,8072,303
103,53.114,-14.08,0.799,0.799,5.818,0,,0,1111,15,SSE,Coop_Greed_Risk_Nash,0.375,3.172,-0.86,-1.045,,joint,0,0.0,0.368,All Motives,8073,304
104,19.412,2.7710000000000004,2.091,2.091,3.4360000000000004,0,,0,1111,15,SSE,Coop_Greed_Risk_Nash,1.108,1.055,0.21600000000000005,-0.154,,joint,0,0.0,0.305,All Motives,8074,305
105,0.508,12.223,0.618,0.618,2.557,0,,0,1111,15,SSE,Coop_Greed_Risk_Nash,1.163,1.611,-1.141,-1.115,,joint,0,0.0,0.464,All Motives,8075,306
106,54.527,-14.787,0.888,0.888,5.948,0,,0,1111,15,SSE,Coop_Greed_Risk_Nash,0.8,3.157,-0.594,0.488,,joint,0,0.0,0.35,All Motives,8076,307
107,28.224,-1.635,3.5610000000000004,3.5610000000000004,3.943,0,,0,1111,15,SSE,Coop_Greed_Risk_Nash,10.079,11.222,-3.5380000000000003,-2.651,,joint,0,0.0,0.085,All Motives,8077,308
108,41.842,-8.443999999999999,0.76,0.76,4.878,0,,0,1111,15,SSE,Coop_Greed_Risk_Nash,1.366,2.887,-0.987,-0.521,,joint,0,0.0,0.434,All Motives,8078,309
109,-23.584,24.268,0.471,0.471,1.755,0,,0,1111,15,SSE,Coop_Greed_Risk_Nash,2.0,2.113,-0.35,1.288,,joint,0,0.0,0.4320000000000001,All Motives,8079,310
110,33.309,-4.178,2.162,2.162,4.269,0,,0,1111,15,SSE,Coop_Greed_Risk_Nash,-0.502,4.6,-2.306,-3.159,,joint,0,0.0,0.402,All Motives,8080,311
111,14.8,5.077,0.5479999999999999,0.5479999999999999,3.197,0,,0,1111,15,SSE,Coop_Greed_Risk_Nash,1.17,1.586,-1.364,-0.794,,joint,0,0.0,0.3670000000000001,All Motives,8081,312
112,29.088,-2.068,0.642,0.642,3.997,0,,0,1111,15,SSE,Coop_Greed_Risk_Nash,1.197,3.14,-1.473,0.27,,joint,0,0.0,0.474,All Motives,8083,313
113,53.775,-14.411,1.4169999999999998,1.4169999999999998,5.877999999999999,0,,0,1111,15,SSE,Coop_Greed_Risk_Nash,5.82,6.968,-2.329,0.952,,joint,0,0.0,0.317,All Motives,8084,314
114,-7.935,16.444000000000006,0.76,0.76,2.241,0,,0,1111,15,SSE,Coop_Greed_Risk_Nash,1.531,2.405,-2.5,0.944,,joint,0,0.0,0.342,All Motives,8085,315
115,25.155,-0.101,1.149,1.149,3.759,0,,0,1111,15,SSE,Coop_Greed_Risk_Nash,2.448,2.053,-0.723,-0.157,,joint,0,0.0,0.4,All Motives,8086,316
116,10.067,7.443,0.523,0.523,2.969,0,,0,1111,15,SSE,Coop_Greed_Risk_Nash,0.935,0.8809999999999999,-0.129,-0.6559999999999999,,joint,0,0.0,1.248,All Motives,8087,317
117,63.699,-19.373,1.818,1.818,6.864,0,,0,1111,15,SSE,Coop_Greed_Risk_Nash,2.194,4.832,-0.045,-0.882,,joint,0,0.0,0.219,All Motives,8088,318
118,52.209,-13.628,0.506,0.506,5.7360000000000015,0,,0,1111,15,SSE,Coop_Greed_Risk_Nash,2.271,2.135,-2.56,1.278,,joint,0,0.0,0.506,All Motives,8089,319
119,8.304,8.324,0.805,0.805,2.889,0,,0,1111,15,SSE,Coop_Greed_Risk_Nash,1.142,2.064,-0.828,-0.705,,joint,0,0.0,0.423,All Motives,8090,320
120,38.163,-6.605,0.19,0.19,4.606,0,,0,1111,15,SSE,Coop_Greed_Risk_Nash,1.883,3.228,-0.547,0.555,,joint,0,0.0,1.073,All Motives,8091,321
121,36.707,-5.877000000000002,0.691,0.691,4.502,0,,0,1111,15,SSE,Coop_Greed_Risk_Nash,1.013,2.388,-0.325,0.021,,joint,0,0.0,0.65,All Motives,8092,322
122,26.547,-0.797,1.279,1.279,3.841,0,,0,1111,15,SSE,Coop_Greed_Risk_Nash,1.038,0.386,-0.633,2.102,,joint,0,0.0,0.578,All Motives,8093,323
123,40.891,-7.9689999999999985,0.175,0.175,4.806,0,,0,1111,15,SSE,Coop_Greed_Risk_Nash,0.194,0.78,-0.063,0.096,,joint,0,0.0,2.173,All Motives,8094,324
124,64.243,-19.645,0.01,0.01,6.922999999999999,0,,0,1111,15,SSE,Coop_Greed_Risk_Nash,-9.123,0.388,19.993,6.746,,joint,0,0.0,0.025,All Motives,8095,325
125,32.971,-4.009,1.213,1.213,4.247,0,,0,1111,15,SSE,Coop_Greed_Risk_Nash,-4.126,4.959,-0.623,0.971,,joint,0,0.0,0.204,All Motives,8096,326
126,39.839,-7.443,1.044,1.044,4.728,0,,0,1111,15,SSE,Coop_Greed_Risk_Nash,2.917,3.705,-3.113,1.702,,joint,0,0.0,0.237,All Motives,8098,327
127,59.934,-17.49,1.73,1.73,6.472,0,,0,1111,15,SSE,Coop_Greed_Risk_Nash,-0.633,0.105,-1.565,-1.558,,joint,0,0.0,0.257,All Motives,8099,328
128,56.124,-15.586,0.01,0.01,6.098,0,,0,1111,15,SSE,Coop_Greed_Risk_Nash,19.991,-19.204,-19.714,14.567,,joint,0,0.0,0.019,All Motives,8100,329
129,3.025,10.964,0.07200000000000001,0.07200000000000001,2.66,0,,0,1111,15,SSE,Coop_Greed_Risk_Nash,2.78,7.331,0.4,-3.982,,joint,0,0.0,0.208,All Motives,8101,330
130,40.768,-7.907,1.392,1.392,4.797,0,,0,1111,15,SSE,Coop_Greed_Risk_Nash,2.065,1.648,-0.957,-1.149,,joint,0,0.0,0.382,All Motives,8102,331
131,33.081,-4.064,1.03,1.03,4.254,0,,0,1111,15,SSE,Coop_Greed_Risk_Nash,5.207000000000002,6.056,-1.686,2.212,,joint,0,0.0,0.353,All Motives,8103,332
132,26.175,-0.611,0.251,0.251,3.819,0,,0,1111,15,SSE,Coop_Greed_Risk_Nash,3.1860000000000004,0.922,-0.584,-0.13699999999999998,,joint,0,0.0,0.287,All Motives,8104,333
133,70.23100000000001,-22.639,1.336,1.336,7.602,0,,0,1111,15,SSE,Coop_Greed_Risk_Nash,0.466,0.973,-0.841,-2.335,,joint,0,0.0,0.365,All Motives,8105,334
134,23.122,0.916,1.725,1.725,3.641,0,,0,1111,15,SSE,Coop_Greed_Risk_Nash,2.797,4.659,-5.088,1.569,,joint,0,0.0,0.241,All Motives,8106,335
135,9.314,7.82,0.722,0.722,2.934,0,,0,1111,15,SSE,Coop_Greed_Risk_Nash,1.344,2.177,-1.853,-0.219,,joint,0,0.0,0.44,All Motives,8107,336
136,75.852,-25.449,0.705,0.705,8.299,0,,0,1111,15,SSE,Coop_Greed_Risk_Nash,-1.134,1.055,-1.779,-2.405,,joint,0,0.0,0.451,All Motives,8108,337
137,73.134,-24.09,0.239,0.239,7.954,0,,0,1111,15,SSE,Coop_Greed_Risk_Nash,2.846,-0.59,-0.407,0.162,,joint,0,0.0,0.193,All Motives,8109,338
139,66.804,-20.926,0.01,0.01,7.205,0,,0,1111,15,SSE,Coop_Greed_Risk_Nash,-19.997,5.92,7.695,-14.268,,joint,0,0.0,0.022,All Motives,8111,340
140,23.631,0.6609999999999999,0.885,0.885,3.67,0,,0,1111,15,SSE,Coop_Greed_Risk_Nash,0.327,3.003,0.003,-0.406,,joint,0,0.0,0.395,All Motives,8112,341
141,24.186,0.383,1.5490000000000002,1.5490000000000002,3.702,0,,0,1111,15,SSE,Coop_Greed_Risk_Nash,2.017,4.66,-1.524,-0.94,,joint,0,0.0,0.211,All Motives,8113,342
142,52.499,-13.773,0.282,0.282,5.7620000000000005,0,,0,1111,15,SSE,Coop_Greed_Risk_Nash,1.134,1.296,-0.28,-0.383,,joint,0,0.0,0.928,All Motives,8114,343
143,-6.232,15.593,0.257,0.257,2.302,0,,0,1111,15,SSE,Coop_Greed_Risk_Nash,0.941,3.4360000000000004,-0.916,0.765,,joint,0,0.0,0.328,All Motives,9001,344
144,4.52,10.217,1.026,1.026,2.7230000000000003,0,,0,1111,15,SSE,Coop_Greed_Risk_Nash,1.665,1.7990000000000002,-0.273,-0.129,,joint,0,0.0,0.52,All Motives,9002,345
145,27.387,-1.217,1.371,1.371,3.892,0,,0,1111,15,SSE,Coop_Greed_Risk_Nash,4.714,-1.015,3.113,8.271,,joint,0,0.0,0.123,All Motives,9003,346
146,-93.003,58.978,0.303,0.303,0.593,0,,0,1111,15,SSE,Coop_Greed_Risk_Nash,0.201,1.539,0.08199999999999999,-0.278,,joint,0,0.0,0.25,All Motives,9004,347
147,33.798,-4.422,0.826,0.826,4.302,0,,0,1111,15,SSE,Coop_Greed_Risk_Nash,1.93,2.632,-1.369,-0.947,,joint,0,0.0,0.386,All Motives,9005,348
148,13.683,5.635,0.261,0.261,3.142,0,,0,1111,15,SSE,Coop_Greed_Risk_Nash,0.975,1.72,-0.093,-0.851,,joint,0,0.0,1.92,All Motives,9006,349
149,33.931,-4.489,0.322,0.322,4.311,0,,0,1111,15,SSE,Coop_Greed_Risk_Nash,2.088,2.359,-1.3119999999999998,-0.318,,joint,0,0.0,0.34,All Motives,9007,350
150,5.039,9.957,0.453,0.453,2.745,0,,0,1111,15,SSE,Coop_Greed_Risk_Nash,0.438,0.459,0.8220000000000001,2.754,,joint,0,0.0,0.34700000000000003,All Motives,9008,351
151,43.635,-9.341,1.66,1.66,5.017,0,,0,1111,15,SSE,Coop_Greed_Risk_Nash,2.844,3.44,0.001,-1.158,,joint,0,0.0,0.363,All Motives,9009,352
152,-20.73,22.841,0.897,0.897,1.835,0,,0,1111,15,SSE,Coop_Greed_Risk_Nash,2.305,1.757,0.113,1.77,,joint,0,0.0,0.515,All Motives,9010,353
0,-29.958,25.376,0.452,0.452,1.695,0,True,0,1110,14,SSE,Coop_Greed_Risk,0.652,0.28800000000000003,0.5589999999999999,,,joint,0,0.0,0.848,Best Motives,6001,201
1,77.709,-30.537,0.672,0.672,9.73,0,True,0,1001,9,SSE,Coop_Nash,-0.289,4.479,,,,joint,0,0.0,0.384,Best Motives,6002,202
2,10.469,5.1629999999999985,1.886,1.886,3.189,0,True,0,1101,13,SSE,Coop_Greed_Nash,2.412,2.085,0.328,,,joint,0,0.0,0.37,Best Motives,6003,203
3,41.20399999999999,-12.284,3.808,3.808,5.5,0,True,0,1100,12,SSE,Coop_Greed,7.872999999999998,9.292,,,,joint,0,0.0,0.122,Best Motives,6004,204
4,-19.723,22.338,4.341,4.341,1.864,0,True,0,1111,15,SSE,Coop_Greed_Risk_Nash,-2.023,1.116,3.896,4.073,,joint,0,0.0,0.29100000000000004,Best Motives,6005,205
5,-9.629,15.212,2.591,2.591,2.329,0,True,0,1011,11,SSE,Coop_Risk_Nash,4.494,2.486,3.44,,,joint,0,0.0,0.107,Best Motives,6006,206
6,49.299,-16.332,0.7090000000000001,0.7090000000000001,6.242000000000001,0,True,0,1100,12,SSE,Coop_Greed,-0.205,3.314,,,,joint,0,0.0,0.441,Best Motives,7001,207
7,-50.93,33.783,1.422,1.422,1.3019999999999998,0,True,0,1100,12,SSE,Coop_Greed,6.005,5.968,,,,joint,0,0.0,1.331,Best Motives,7002,208
8,62.132,-22.748,2.344,2.344,7.627999999999999,0,True,0,1100,12,SSE,Coop_Greed,1.507,5.086,,,,joint,0,0.0,0.265,Best Motives,7003,209
9,5.934,5.351,1.248,1.248,3.17,0,True,0,1100,12,SSE,Coop_Greed,0.726,1.605,,,,joint,0,0.0,0.441,Best Motives,7005,210
10,15.61,0.513,1.378,1.378,3.687,0,True,0,1100,12,SSE,Coop_Greed,2.895,-1.308,,,,joint,0,0.0,0.491,Best Motives,7006,211
11,-3.749,12.272,1.89,1.89,2.553,0,True,0,1101,13,SSE,Coop_Greed_Nash,3.533,2.449,-2.254,,,joint,0,0.0,0.314,Best Motives,7007,212
12,-64.71300000000001,42.754,2.166,2.166,0.985,0,True,0,1110,14,SSE,Coop_Greed_Risk,2.8280000000000003,2.37,-0.336,,,joint,0,0.0,0.27,Best Motives,7008,213
13,18.217,-0.7909999999999999,1.988,1.988,3.84,0,True,0,1100,12,SSE,Coop_Greed,3.921,1.4780000000000002,,,,joint,0,0.0,0.127,Best Motives,7009,214
14,-2.017,11.406,1.056,1.056,2.624,0,True,0,1101,13,SSE,Coop_Greed_Nash,-1.052,2.15,4.134,,,joint,0,0.0,0.472,Best Motives,7010,215
15,27.116,-5.24,1.926,1.926,4.414,0,True,0,1100,12,SSE,Coop_Greed,1.46,-0.289,,,,joint,0,0.0,0.542,Best Motives,7011,216
16,-3.113,9.874,0.6709999999999999,0.6709999999999999,2.752,0,True,0,1100,12,SSE,Coop_Greed,1.3119999999999998,1.2819999999999998,,,,joint,0,0.0,0.297,Best Motives,7012,217
17,-17.725,17.18,0.6729999999999999,0.6729999999999999,2.19,0,True,0,1100,12,SSE,Coop_Greed,1.914,3.927,,,,joint,0,0.0,0.557,Best Motives,7013,218
18,36.607,-7.9060000000000015,1.471,1.471,4.797,0,True,0,1101,13,SSE,Coop_Greed_Nash,0.977,1.824,-0.183,,,joint,0,0.0,0.51,Best Motives,7014,219
19,44.93600000000001,-14.15,1.794,1.794,5.83,0,True,0,1100,12,SSE,Coop_Greed,1.338,3.825,,,,joint,0,0.0,0.287,Best Motives,7015,220
20,9.316,5.739,1.239,1.239,3.132,0,True,0,1101,13,SSE,Coop_Greed_Nash,2.739,3.45,0.327,,,joint,0,0.0,0.563,Best Motives,7016,221
21,-29.327,22.981,1.3130000000000002,1.3130000000000002,1.827,0,True,0,1100,12,SSE,Coop_Greed,1.712,1.371,,,,joint,0,0.0,0.424,Best Motives,7017,222
22,-8.766,14.78,2.051,2.051,2.361,0,True,0,1110,14,SSE,Coop_Greed_Risk,0.765,5.573,6.0310000000000015,,,joint,0,0.0,0.326,Best Motives,7018,223
23,9.285,3.675,4.475,4.475,3.341,0,True,0,1100,12,SSE,Coop_Greed,8.055,10.25,,,,joint,0,0.0,0.096,Best Motives,7019,224
24,-20.106,20.45,1.6969999999999998,1.6969999999999998,1.977,0,True,0,1101,13,SSE,Coop_Greed_Nash,1.957,1.464,0.33,,,joint,0,0.0,0.471,Best Motives,7021,225
25,-67.546,42.091,1.192,1.192,1.006,0,True,0,1100,12,SSE,Coop_Greed,1.7719999999999998,0.623,,,,joint,0,0.0,0.5429999999999999,Best Motives,7022,226
26,39.639,-13.581,0.256,0.256,5.728,0,True,0,100,4,SSE,Greed,1.132,,,,,joint,0,0.0,0.177,Best Motives,7023,227
27,-15.062,17.928,1.162,1.162,2.14,0,True,0,1101,13,SSE,Coop_Greed_Nash,1.794,1.652,-0.479,,,joint,0,0.0,0.608,Best Motives,7024,228
28,4.747,5.944,2.027,2.027,3.112,0,True,0,1100,12,SSE,Coop_Greed,5.312,6.323,,,,joint,0,0.0,0.18,Best Motives,7025,229
29,61.661,-24.592,1.621,1.621,8.08,0,True,0,1000,8,SSE,Coop,2.6060000000000003,,,,,joint,0,0.0,0.7390000000000001,Best Motives,7026,230
30,-10.243,15.519,4.887,4.887,2.307,0,True,0,1110,14,SSE,Coop_Greed_Risk,0.569,3.713,7.028,,,joint,0,0.0,0.108,Best Motives,7027,231
31,37.409,-8.308,1.216,1.216,4.8580000000000005,0,True,0,1101,13,SSE,Coop_Greed_Nash,0.682,0.765,0.094,,,joint,0,0.0,1.149,Best Motives,7028,232
32,-10.159,13.397,2.214,2.214,2.465,0,True,0,1100,12,SSE,Coop_Greed,4.16,2.438,,,,joint,0,0.0,0.38,Best Motives,7029,233
33,-23.405,20.02,4.202,4.202,2.004,0,True,0,1100,12,SSE,Coop_Greed,7.768,3.9,,,,joint,0,0.0,0.202,Best Motives,7030,234
34,1.452,9.671,1.638,1.638,2.77,0,True,0,1101,13,SSE,Coop_Greed_Nash,1.585,0.203,-0.024,,,joint,0,0.0,0.753,Best Motives,7031,235
35,59.39100000000001,-23.457,0.318,0.318,7.797999999999999,0,True,0,1,1,SSE,Nash,2.7880000000000003,,,,,joint,0,0.0,0.085,Best Motives,8001,236
36,-23.157,19.896,3.986,3.986,2.011,0,True,0,1100,12,SSE,Coop_Greed,2.842,3.673,,,,joint,0,0.0,0.171,Best Motives,8002,237
37,9.294,5.75,1.6469999999999998,1.6469999999999998,3.131,0,True,0,1110,14,SSE,Coop_Greed_Risk,0.731,0.987,0.355,,,joint,0,0.0,0.483,Best Motives,8003,238
38,1.7819999999999998,9.506,1.505,1.505,2.784,0,True,0,1101,13,SSE,Coop_Greed_Nash,0.777,0.996,-0.34600000000000003,,,joint,0,0.0,0.652,Best Motives,8004,239
39,9.839,3.398,4.868,4.868,3.369,0,True,0,1100,12,SSE,Coop_Greed,3.289,9.211,,,,joint,0,0.0,0.196,Best Motives,8005,240
40,31.125,-5.165,2.0540000000000003,2.0540000000000003,4.4030000000000005,0,True,0,1101,13,SSE,Coop_Greed_Nash,1.459,0.001,0.124,,,joint,0,0.0,0.413,Best Motives,8006,241
41,73.09,-30.306,3.63,3.63,9.66,0,True,0,1000,8,SSE,Coop,2.86,,,,,joint,0,0.0,0.333,Best Motives,8007,242
42,15.361,4.796,5.056,5.056,3.225,0,True,0,1111,15,SSE,Coop_Greed_Risk_Nash,3.833,7.697,10.036,3.981,,joint,0,0.0,0.12,Best Motives,8009,243
43,-22.738000000000003,23.846,0.688,0.688,1.778,0,True,0,1111,15,SSE,Coop_Greed_Risk_Nash,-0.371,1.065,1.4069999999999998,1.378,,joint,0,0.0,0.608,Best Motives,8010,244
44,84.42299999999999,-33.894,0.294,0.294,10.806,0,True,0,1100,12,SSE,Coop_Greed,2.775,2.404,,,,joint,0,0.0,0.262,Best Motives,8011,245
45,7.122999999999998,6.836,1.081,1.081,3.026,0,True,0,1110,14,SSE,Coop_Greed_Risk,1.169,2.85,0.948,,,joint,0,0.0,0.4970000000000001,Best Motives,8012,246
46,20.489,2.232,4.327,4.327,3.495,0,True,0,1111,15,SSE,Coop_Greed_Risk_Nash,11.919,17.878,-3.428,-2.27,,joint,0,0.0,4.944,Best Motives,8013,247
47,10.659,2.988,4.087,4.087,3.4130000000000003,0,True,0,1100,12,SSE,Coop_Greed,4.168,4.698,,,,joint,0,0.0,0.199,Best Motives,8014,248
48,-14.941,15.788,2.0540000000000003,2.0540000000000003,2.2880000000000003,0,True,0,1100,12,SSE,Coop_Greed,6.2,10.137,,,,joint,0,0.0,0.403,Best Motives,8015,249
49,-18.507,19.651,2.7910000000000004,2.7910000000000004,2.027,0,True,0,1011,11,SSE,Coop_Risk_Nash,4.142,6.607,2.037,,,joint,0,0.0,0.118,Best Motives,8016,250
50,34.099000000000004,-10.811,2.32,2.32,5.252999999999999,0,True,0,1000,8,SSE,Coop,0.7020000000000001,,,,,joint,0,0.0,0.49,Best Motives,8017,251
51,-9.493,17.223,3.644,3.644,2.187,0,True,0,1111,15,SSE,Coop_Greed_Risk_Nash,5.694,9.093,8.254,16.137,,joint,0,0.0,0.185,Best Motives,8018,252
52,-24.211,20.423,1.131,1.131,1.979,0,True,0,1100,12,SSE,Coop_Greed,2.889,1.956,,,,joint,0,0.0,0.866,Best Motives,8019,253
53,-32.421,26.608,0.267,0.267,1.631,0,True,0,1110,14,SSE,Coop_Greed_Risk,0.4320000000000001,0.655,0.298,,,joint,0,0.0,1.475,Best Motives,8020,254
54,-34.41,25.523000000000003,1.916,1.916,1.6880000000000002,0,True,0,1100,12,SSE,Coop_Greed,3.906,-0.479,,,,joint,0,0.0,0.386,Best Motives,8021,255
55,-2.964,11.879,1.294,1.294,2.585,0,True,0,1101,13,SSE,Coop_Greed_Nash,-0.586,1.838,1.416,,,joint,0,0.0,0.525,Best Motives,8022,256
56,38.474,-12.998,1.49,1.49,5.624,0,True,0,1000,8,SSE,Coop,-5.311,,,,,joint,0,0.0,0.142,Best Motives,8023,257
57,-45.854,33.324,0.67,0.67,1.3219999999999998,0,True,0,1101,13,SSE,Coop_Greed_Nash,0.332,3.647,-0.8220000000000001,,,joint,0,0.0,0.522,Best Motives,8024,258
58,18.304,1.245,1.355,1.355,3.5980000000000003,0,True,0,1110,14,SSE,Coop_Greed_Risk,-0.8809999999999999,1.491,-0.187,,,joint,0,0.0,0.599,Best Motives,8025,259
59,-25.877,23.336,0.688,0.688,1.807,0,True,0,1101,13,SSE,Coop_Greed_Nash,2.089,1.841,-0.365,,,joint,0,0.0,0.732,Best Motives,8026,260
60,-46.541,31.588,3.607,3.607,1.396,0,True,0,1100,12,SSE,Coop_Greed,5.9670000000000005,11.32,,,,joint,0,0.0,0.157,Best Motives,8027,261
61,50.651,-19.087,1.641,1.641,6.803,0,True,0,1000,8,SSE,Coop,2.021,,,,,joint,0,0.0,0.285,Best Motives,8028,262
62,-8.822000000000003,12.729,1.375,1.375,2.517,0,True,0,1100,12,SSE,Coop_Greed,10.72,11.531,,,,joint,0,0.0,1.435,Best Motives,8029,263
63,-13.503,19.228,1.043,1.043,2.0540000000000003,0,True,0,1111,15,SSE,Coop_Greed_Risk_Nash,1.847,-1.269,2.7880000000000003,4.217,,joint,0,0.0,0.29600000000000004,Best Motives,8030,264
64,0.769,7.933,2.264,2.264,2.919,0,True,0,1100,12,SSE,Coop_Greed,3.087,4.793,,,,joint,0,0.0,0.354,Best Motives,8031,265
65,-12.555,16.675,0.395,0.395,2.225,0,True,0,1101,13,SSE,Coop_Greed_Nash,0.262,0.35600000000000004,-0.222,,,joint,0,0.0,2.273,Best Motives,8032,266
66,-1.245,11.019,0.741,0.741,2.655,0,True,0,1101,13,SSE,Coop_Greed_Nash,-0.8079999999999999,1.074,-1.747,,,joint,0,0.0,0.28600000000000003,Best Motives,8035,267
67,61.97,-20.588,1.588,1.588,7.13,0,True,0,1101,13,SSE,Coop_Greed_Nash,-2.041,3.711,0.979,,,joint,0,0.0,0.337,Best Motives,8036,268
68,18.927,0.934,1.247,1.247,3.639,0,True,0,1110,14,SSE,Coop_Greed_Risk,-0.108,2.552,-0.268,,,joint,0,0.0,0.327,Best Motives,8037,269
69,19.229,-1.297,0.37,0.37,3.902,0,True,0,1100,12,SSE,Coop_Greed,-0.5760000000000001,3.527,,,,joint,0,0.0,0.36,Best Motives,8038,270
70,-39.919,32.436,1.155,1.155,1.36,0,True,0,1111,15,SSE,Coop_Greed_Risk_Nash,1.446,0.395,-1.046,1.175,,joint,0,0.0,0.485,Best Motives,8039,271
71,-13.271,12.874,3.439,3.439,2.506,0,True,0,1000,8,SSE,Coop,2.632,,,,,joint,0,0.0,0.273,Best Motives,8040,272
72,-4.805,12.8,5.3020000000000005,5.3020000000000005,2.512,0,True,0,1110,14,SSE,Coop_Greed_Risk,7.0870000000000015,3.3760000000000003,-5.805,,,joint,0,0.0,0.165,Best Motives,8041,273
73,-3.562,10.099,1.812,1.812,2.733,0,True,0,1100,12,SSE,Coop_Greed,7.7570000000000014,8.016,,,,joint,0,0.0,0.97,Best Motives,8042,274
74,-20.069000000000006,18.352,0.5479999999999999,0.5479999999999999,2.111,0,True,0,1100,12,SSE,Coop_Greed,-0.318,0.345,,,,joint,0,0.0,0.597,Best Motives,8043,275
75,12.409,4.192,4.829,4.829,3.287,0,True,0,1101,13,SSE,Coop_Greed_Nash,5.78,13.611,-8.639,,,joint,0,0.0,0.141,Best Motives,8044,276
76,-21.562,19.099,1.198,1.198,2.063,0,True,0,1100,12,SSE,Coop_Greed,1.12,11.537,,,,joint,0,0.0,0.14,Best Motives,8045,277
77,-34.96,25.798,0.219,0.219,1.673,0,True,0,1100,12,SSE,Coop_Greed,-1.5319999999999998,3.245,,,,joint,0,0.0,0.25,Best Motives,8046,278
78,48.268,-17.896,4.683,4.683,6.555,0,True,0,1000,8,SSE,Coop,7.425,,,,,joint,0,0.0,0.281,Best Motives,8047,279
79,-13.856,17.325,0.514,0.514,2.18,0,True,0,1101,13,SSE,Coop_Greed_Nash,1.172,2.317,-0.5760000000000001,,,joint,0,0.0,0.5870000000000001,Best Motives,8048,280
80,27.21,-3.208,1.344,1.344,4.142,0,True,0,1101,13,SSE,Coop_Greed_Nash,3.3960000000000004,2.533,1.771,,,joint,0,0.0,0.406,Best Motives,8049,281
81,36.8,-10.082,1.118,1.118,5.134,0,True,0,1100,12,SSE,Coop_Greed,0.6970000000000001,1.506,,,,joint,0,0.0,0.41,Best Motives,8050,282
82,-47.733,32.184,1.467,1.467,1.37,0,True,0,1100,12,SSE,Coop_Greed,2.129,2.077,,,,joint,0,0.0,0.364,Best Motives,8051,283
83,38.188,-8.697000000000001,0.6940000000000001,0.6940000000000001,4.917,0,True,0,1110,14,SSE,Coop_Greed_Risk,0.322,-0.021,-1.58,,,joint,0,0.0,0.65,Best Motives,8052,284
84,-4.5680000000000005,12.681,0.905,0.905,2.521,0,True,0,1101,13,SSE,Coop_Greed_Nash,0.807,0.988,-1.374,,,joint,0,0.0,0.973,Best Motives,8053,285
85,33.829,-6.517,1.2819999999999998,1.2819999999999998,4.593,0,True,0,1101,13,SSE,Coop_Greed_Nash,0.118,1.126,1.21,,,joint,0,0.0,0.618,Best Motives,8054,286
86,-63.93,40.283,0.909,0.909,1.064,0,True,0,1100,12,SSE,Coop_Greed,0.564,5.465,,,,joint,0,0.0,0.308,Best Motives,8055,287
87,21.728,-2.546,1.237,1.237,4.058,0,True,0,1001,9,SSE,Coop_Nash,-0.188,0.489,,,,joint,0,0.0,0.508,Best Motives,8056,288
88,2.911,6.862,2.201,2.201,3.024,0,True,0,1100,12,SSE,Coop_Greed,1.745,2.7230000000000003,,,,joint,0,0.0,0.395,Best Motives,8057,289
89,71.988,-27.676,0.63,0.63,8.898,0,True,0,1100,12,SSE,Coop_Greed,-0.784,1.704,,,,joint,0,0.0,0.653,Best Motives,8058,290
90,26.138,-2.672,3.129,3.129,4.073,0,True,0,1110,14,SSE,Coop_Greed_Risk,3.022,4.089,-0.226,,,joint,0,0.0,0.212,Best Motives,8059,291
91,39.139,-13.331,2.318,2.318,5.683,0,True,0,1000,8,SSE,Coop,0.653,,,,,joint,0,0.0,0.265,Best Motives,8060,292
92,-16.2,20.577,1.19,1.19,1.97,0,True,0,1111,15,SSE,Coop_Greed_Risk_Nash,3.784,5.686,3.395,-2.018,,joint,0,0.0,0.312,Best Motives,8061,293
93,-36.675,28.735,0.989,0.989,1.527,0,True,0,1101,13,SSE,Coop_Greed_Nash,2.768,2.736,-0.501,,,joint,0,0.0,0.6970000000000001,Best Motives,8062,294
94,-12.901,18.927,0.867,0.867,2.074,0,True,0,1111,15,SSE,Coop_Greed_Risk_Nash,1.175,0.272,1.588,2.059,,joint,0,0.0,0.484,Best Motives,8063,295
95,-5.93,15.442,9.296,9.296,2.313,0,True,0,1111,15,SSE,Coop_Greed_Risk_Nash,13.237,6.291,11.06,18.355,,joint,0,0.0,4.971,Best Motives,8065,296
96,22.716,-3.04,3.365,3.365,4.121,0,True,0,1100,12,SSE,Coop_Greed,4.504,3.653,,,,joint,0,0.0,0.264,Best Motives,8066,297
97,-65.02199999999999,38.749,0.338,0.338,1.116,0,True,0,100,4,SSE,Greed,0.147,,,,,joint,0,0.0,0.723,Best Motives,8067,298
98,-26.876,23.835,7.074,7.074,1.778,0,True,0,1110,14,SSE,Coop_Greed_Risk,2.532,0.078,6.738,,,joint,0,0.0,0.138,Best Motives,8068,299
99,50.725,-17.045,0.758,0.758,6.3820000000000014,0,True,0,1001,9,SSE,Coop_Nash,3.019,1.098,,,,joint,0,0.0,0.34,Best Motives,8069,300
100,-68.991,42.813,0.921,0.921,0.983,0,True,0,1100,12,SSE,Coop_Greed,2.033,2.396,,,,joint,0,0.0,0.285,Best Motives,8070,301
101,13.813,-0.6679999999999999,1.261,1.261,3.826,0,True,0,1000,8,SSE,Coop,2.313,,,,,joint,0,0.0,0.257,Best Motives,8071,302
102,-4.431,10.533,0.878,0.878,2.696,0,True,0,110,6,SSE,Greed_Risk,7.332000000000002,13.048,,,,joint,0,0.0,0.179,Best Motives,8072,303
103,3.5610000000000004,6.537000000000001,1.041,1.041,3.054,0,True,0,1100,12,SSE,Coop_Greed,-0.09,0.757,,,,joint,0,0.0,0.894,Best Motives,8073,304
104,17.294,1.75,1.521,1.521,3.547,0,True,0,1101,13,SSE,Coop_Greed_Nash,0.853,0.104,0.483,,,joint,0,0.0,0.425,Best Motives,8074,305
105,-33.6,27.197,1.179,1.179,1.602,0,True,0,1101,13,SSE,Coop_Greed_Nash,1.7919999999999998,1.936,-2.033,,,joint,0,0.0,0.384,Best Motives,8075,306
106,15.983,0.326,0.5770000000000001,0.5770000000000001,3.709,0,True,0,1100,12,SSE,Coop_Greed,0.338,1.104,,,,joint,0,0.0,1.36,Best Motives,8076,307
107,-3.873,10.255,2.373,2.373,2.72,0,True,0,1100,12,SSE,Coop_Greed,3.463,3.195,,,,joint,0,0.0,0.307,Best Motives,8077,308
108,32.721,-8.043,4.645,4.645,4.817,0,True,0,1100,12,SSE,Coop_Greed,5.5779999999999985,9.549,,,,joint,0,0.0,0.107,Best Motives,8078,309
109,-43.923,32.359,0.7020000000000001,0.7020000000000001,1.3630000000000002,0,True,0,1101,13,SSE,Coop_Greed_Nash,2.1830000000000003,2.272,1.528,,,joint,0,0.0,0.411,Best Motives,8079,310
110,33.228,-6.2170000000000005,1.383,1.383,4.55,0,True,0,1110,14,SSE,Coop_Greed_Risk,0.11,2.77,-2.031,,,joint,0,0.0,0.528,Best Motives,8080,311
111,-37.53,27.083,0.414,0.414,1.607,0,True,0,1100,12,SSE,Coop_Greed,0.532,0.279,,,,joint,0,0.0,1.585,Best Motives,8081,312
112,5.115,5.76,1.509,1.509,3.13,0,True,0,1100,12,SSE,Coop_Greed,2.314,5.875,,,,joint,0,0.0,0.307,Best Motives,8083,313
113,24.447,-3.906,2.096,2.096,4.232,0,True,0,1100,12,SSE,Coop_Greed,12.398,12.424,,,,joint,0,0.0,0.687,Best Motives,8084,314
114,-40.427,30.611,1.013,1.013,1.44,0,True,0,1101,13,SSE,Coop_Greed_Nash,1.035,2.033,0.016,,,joint,0,0.0,0.59,Best Motives,8085,315
115,-32.376,26.585,1.467,1.467,1.633,0,True,0,1101,13,SSE,Coop_Greed_Nash,1.672,1.158,-0.6409999999999999,,,joint,0,0.0,0.65,Best Motives,8086,316
116,5.619,7.587999999999999,1.384,1.384,2.9560000000000004,0,True,0,1110,14,SSE,Coop_Greed_Risk,2.477,1.261,-0.775,,,joint,0,0.0,0.517,Best Motives,8087,317
117,46.066,-14.715,1.452,1.452,5.935,0,True,0,1100,12,SSE,Coop_Greed,0.964,2.36,,,,joint,0,0.0,0.422,Best Motives,8088,318
118,31.559,-7.4620000000000015,5.694,5.694,4.731,0,True,0,1100,12,SSE,Coop_Greed,11.384,8.674,,,,joint,0,0.0,0.136,Best Motives,8089,319
119,-40.733,28.684,1.826,1.826,1.529,0,True,0,1100,12,SSE,Coop_Greed,1.751,2.263,,,,joint,0,0.0,0.377,Best Motives,8090,320
120,-70.072,43.354,1.369,1.369,0.967,0,True,0,1100,12,SSE,Coop_Greed,8.791,13.184,,,,joint,0,0.0,2.672,Best Motives,8091,321
121,4.76,8.017000000000001,1.5659999999999998,1.5659999999999998,2.917,0,True,0,1101,13,SSE,Coop_Greed_Nash,1.3219999999999998,2.361,1.234,,,joint,0,0.0,0.705,Best Motives,8092,322
122,21.698,-0.452,1.456,1.456,3.8,0,True,0,1101,13,SSE,Coop_Greed_Nash,1.111,0.08199999999999999,1.6869999999999998,,,joint,0,0.0,0.605,Best Motives,8093,323
123,16.473,0.081,2.295,2.295,3.737,0,True,0,1100,12,SSE,Coop_Greed,1.487,8.071,,,,joint,0,0.0,0.258,Best Motives,8094,324
124,53.819,-20.671,0.01,0.01,7.149,0,True,0,10,2,SSE,Risk,19.949,,,,,joint,0,0.0,0.028,Best Motives,8095,325
125,28.513,-5.939,0.6970000000000001,0.6970000000000001,4.511,0,True,0,1100,12,SSE,Coop_Greed,-2.002,2.747,,,,joint,0,0.0,0.361,Best Motives,8096,326
126,16.119,0.258,3.999,3.999,3.717,0,True,0,1100,12,SSE,Coop_Greed,3.705,7.902,,,,joint,0,0.0,0.166,Best Motives,8098,327
127,28.274,-5.819,1.494,1.494,4.494,0,True,0,1100,12,SSE,Coop_Greed,-0.445,-0.5720000000000001,,,,joint,0,0.0,0.599,Best Motives,8099,328
128,44.903,-16.213,0.519,0.519,6.2189999999999985,0,True,0,1000,8,SSE,Coop,1.5119999999999998,,,,,joint,0,0.0,0.261,Best Motives,8100,329
129,-4.981,12.888,0.271,0.271,2.505,0,True,0,1101,13,SSE,Coop_Greed_Nash,1.726,4.3439999999999985,-2.082,,,joint,0,0.0,0.34,Best Motives,8101,330
130,22.58,-2.972,2.888,2.888,4.112,0,True,0,1100,12,SSE,Coop_Greed,2.994,1.277,,,,joint,0,0.0,0.26,Best Motives,8102,331
131,17.846,-0.605,0.914,0.914,3.818,0,True,0,1100,12,SSE,Coop_Greed,6.117000000000001,7.144,,,,joint,0,0.0,0.65,Best Motives,8103,332
132,6.899,4.868,0.637,0.637,3.218,0,True,0,1100,12,SSE,Coop_Greed,3.107,0.5720000000000001,,,,joint,0,0.0,0.33,Best Motives,8104,333
133,33.475,-8.42,2.662,2.662,4.875,0,True,0,1100,12,SSE,Coop_Greed,1.05,-0.6629999999999999,,,,joint,0,0.0,0.41,Best Motives,8105,334
134,1.957,7.338999999999999,1.143,1.143,2.979,0,True,0,1100,12,SSE,Coop_Greed,1.751,2.416,,,,joint,0,0.0,0.5329999999999999,Best Motives,8106,335
135,-25.935,21.286,0.696,0.696,1.926,0,True,0,1100,12,SSE,Coop_Greed,0.56,0.966,,,,joint,0,0.0,0.939,Best Motives,8107,336
136,69.408,-26.386,1.7619999999999998,1.7619999999999998,8.547,0,True,0,1100,12,SSE,Coop_Greed,-1.2919999999999998,0.315,,,,joint,0,0.0,0.255,Best Motives,8108,337
137,24.226,-5.875,1.009,1.009,4.502,0,True,0,1000,8,SSE,Coop,1.568,,,,,joint,0,0.0,0.75,Best Motives,8109,338
139,55.045,-21.284,0.16699999999999998,0.16699999999999998,7.286,0,True,0,1000,8,SSE,Coop,-2.688,,,,,joint,0,0.0,0.177,Best Motives,8111,340
140,13.874,3.46,0.914,0.914,3.363,0,True,0,1110,14,SSE,Coop_Greed_Risk,0.337,2.734,-0.443,,,joint,0,0.0,0.407,Best Motives,8112,341
141,-29.308000000000003,22.972,1.548,1.548,1.828,0,True,0,1100,12,SSE,Coop_Greed,1.754,2.513,,,,joint,0,0.0,0.426,Best Motives,8113,342
142,-4.68,10.658,2.917,2.917,2.685,0,True,0,1100,12,SSE,Coop_Greed,10.82,9.561,,,,joint,0,0.0,0.451,Best Motives,8114,343
143,-16.362000000000002,16.499000000000002,0.348,0.348,2.237,0,True,0,1100,12,SSE,Coop_Greed,0.878,3.427,,,,joint,0,0.0,0.374,Best Motives,9001,344
144,-2.511,11.653,1.76,1.76,2.603,0,True,0,1110,14,SSE,Coop_Greed_Risk,2.917,2.922,-0.405,,,joint,0,0.0,0.349,Best Motives,9002,345
145,4.638,5.999,1.262,1.262,3.107,0,True,0,1001,9,SSE,Coop_Nash,1.538,4.207,,,,joint,0,0.0,0.32,Best Motives,9003,346
146,-103.921,62.358,0.302,0.302,0.534,0,True,0,1101,13,SSE,Coop_Greed_Nash,0.113,0.894,0.078,,,joint,0,0.0,0.35,Best Motives,9004,347
147,-26.283,21.459,1.307,1.307,1.916,0,True,0,1100,12,SSE,Coop_Greed,1.995,1.505,,,,joint,0,0.0,0.6759999999999999,Best Motives,9005,348
148,10.979,4.908,1.37,1.37,3.214,0,True,0,1101,13,SSE,Coop_Greed_Nash,3.986,6.184,-1.913,,,joint,0,0.0,0.336,Best Motives,9006,349
149,23.229,-3.297,0.5820000000000001,0.5820000000000001,4.1530000000000005,0,True,0,1100,12,SSE,Coop_Greed,2.025,1.892,,,,joint,0,0.0,0.388,Best Motives,9007,350
150,-7.0870000000000015,11.861,0.695,0.695,2.5860000000000003,0,True,0,1001,9,SSE,Coop_Nash,0.242,3.365,,,,joint,0,0.0,0.387,Best Motives,9008,351
151,35.306,-7.256,1.308,1.308,4.7010000000000005,0,True,0,1101,13,SSE,Coop_Greed_Nash,2.003,2.225,-0.08800000000000001,,,joint,0,0.0,0.515,Best Motives,9009,352
152,-20.73,22.841,0.897,0.897,1.835,0,True,0,1111,15,SSE,Coop_Greed_Risk_Nash,2.305,1.757,0.113,1.77,,joint,0,0.0,0.515,Best Motives,9010,353
0,7.979,10.566,1.845,1.845,2.693,0,,0,11111,31,SSE,Coop_Harmony_StagHunt_Snowdrift_Prisoners,7.247000000000001,-0.336,-5.424,-3.238,-8.78,joint,0,0.0,0.231,Game Types,6001,201
1,85.46600000000002,-28.177,0.177,0.177,9.038,0,,0,11111,31,SSE,Coop_Harmony_StagHunt_Snowdrift_Prisoners,-1.973,3.469,2.003,1.482,0.5589999999999999,joint,0,0.0,1.704,Game Types,6002,202
2,14.102,7.505,1.176,1.176,2.964,0,,0,11111,31,SSE,Coop_Harmony_StagHunt_Snowdrift_Prisoners,-0.479,3.926,3.031,0.131,1.1,joint,0,0.0,0.728,Game Types,6003,203
3,41.195,-6.042000000000002,0.769,0.769,4.519,0,,0,11111,31,SSE,Coop_Harmony_StagHunt_Snowdrift_Prisoners,1.885,2.424,4.072,-1.746,-1.286,joint,0,0.0,2.065,Game Types,6004,204
4,12.787,8.162,3.187,3.187,2.903,0,,0,11111,31,SSE,Coop_Harmony_StagHunt_Snowdrift_Prisoners,4.86,-2.402,-7.287000000000001,-6.377999999999999,-15.988,joint,0,0.0,0.557,Game Types,6005,205
5,6.355,11.379,1.011,1.011,2.6260000000000003,0,,0,11111,31,SSE,Coop_Harmony_StagHunt_Snowdrift_Prisoners,3.634,0.848,-3.201,0.29600000000000004,-4.0360000000000005,joint,0,0.0,0.271,Game Types,6006,206
6,53.832,-12.36,1.7009999999999998,1.7009999999999998,5.502000000000002,0,,0,11111,31,SSE,Coop_Harmony_StagHunt_Snowdrift_Prisoners,-4.218,4.992,5.135,-3.387,-9.847,joint,0,0.0,2.8,Game Types,7001,207
7,-6.261,17.686,1.155,1.155,2.156,0,,0,11111,31,SSE,Coop_Harmony_StagHunt_Snowdrift_Prisoners,7.495,-3.073,1.846,-8.03,-6.559,joint,0,0.0,0.965,Game Types,7002,208
8,61.625,-16.257,6.19,6.19,6.227,0,,0,11111,31,SSE,Coop_Harmony_StagHunt_Snowdrift_Prisoners,0.757,11.804,15.076,-8.173,-3.024,joint,0,0.0,0.17,Game Types,7003,209
9,0.428,14.342,1.327,1.327,2.393,0,,0,11111,31,SSE,Coop_Harmony_StagHunt_Snowdrift_Prisoners,4.772,-3.248,-1.171,-5.374,-4.505,joint,0,0.0,0.593,Game Types,7005,210
10,38.182,-4.535,1.599,1.599,4.3180000000000005,0,,0,11111,31,SSE,Coop_Harmony_StagHunt_Snowdrift_Prisoners,2.428,-0.243,2.261,1.097,0.241,joint,0,0.0,0.4270000000000001,Game Types,7006,211
11,-5.566,17.339000000000002,1.33,1.33,2.1790000000000003,0,,0,11111,31,SSE,Coop_Harmony_StagHunt_Snowdrift_Prisoners,2.377,1.565,3.333,-2.4930000000000003,-0.524,joint,0,0.0,0.5429999999999999,Game Types,7007,212
12,-4.208,16.66,1.245,1.245,2.226,0,,0,11111,31,SSE,Coop_Harmony_StagHunt_Snowdrift_Prisoners,-0.575,4.563,3.7,1.828,0.513,joint,0,0.0,0.624,Game Types,7008,213
13,27.679,0.716,2.192,2.192,3.664,0,,0,11111,31,SSE,Coop_Harmony_StagHunt_Snowdrift_Prisoners,1.506,3.225,5.943,-0.393,0.182,joint,0,0.0,0.149,Game Types,7009,214
14,42.347,-6.617000000000001,0.892,0.892,4.607,0,,0,11111,31,SSE,Coop_Harmony_StagHunt_Snowdrift_Prisoners,1.714,1.849,-0.8109999999999999,-3.367,-5.034,joint,0,0.0,0.604,Game Types,7010,215
15,53.688,-12.288,0.8290000000000001,0.8290000000000001,5.501,0,,0,11111,31,SSE,Coop_Harmony_StagHunt_Snowdrift_Prisoners,-0.279,1.6469999999999998,2.7910000000000004,0.892,1.071,joint,0,0.0,1.146,Game Types,7011,216
16,13.775,7.667999999999998,1.592,1.592,2.948,0,,0,11111,31,SSE,Coop_Harmony_StagHunt_Snowdrift_Prisoners,0.8059999999999999,6.238,6.7860000000000005,-2.825,0.11,joint,0,0.0,0.115,Game Types,7012,217
17,-23.966,26.539,0.76,0.76,1.631,0,,0,11111,31,SSE,Coop_Harmony_StagHunt_Snowdrift_Prisoners,3.986,1.6230000000000002,3.691,-5.204,-4.4430000000000005,joint,0,0.0,1.219,Game Types,7013,218
18,28.971,0.071,2.769,2.769,3.739,0,,0,11111,31,SSE,Coop_Harmony_StagHunt_Snowdrift_Prisoners,0.051,5.0539999999999985,5.67,-0.079,-0.475,joint,0,0.0,0.535,Game Types,7014,219
19,43.153,-7.021,0.35100000000000003,0.35100000000000003,4.666,0,,0,11111,31,SSE,Coop_Harmony_StagHunt_Snowdrift_Prisoners,1.277,-0.321,-0.489,-1.6780000000000002,-1.347,joint,0,0.0,2.405,Game Types,7015,220
20,23.109,3.0010000000000003,3.575,3.575,3.412,0,,0,11111,31,SSE,Coop_Harmony_StagHunt_Snowdrift_Prisoners,4.2010000000000005,9.647,14.844,-6.277,-4.277,joint,0,0.0,0.207,Game Types,7016,221
21,-23.656,26.384,1.148,1.148,1.639,0,,0,11111,31,SSE,Coop_Harmony_StagHunt_Snowdrift_Prisoners,1.996,0.947,0.21600000000000005,-2.337,-1.548,joint,0,0.0,0.631,Game Types,7017,222
22,27.327,0.893,1.412,1.412,3.644,0,,0,11111,31,SSE,Coop_Harmony_StagHunt_Snowdrift_Prisoners,5.268,2.531,-4.715,-4.503,-9.223,joint,0,0.0,0.644,Game Types,7018,223
23,34.154,-2.521,0.607,0.607,4.0539999999999985,0,,0,11111,31,SSE,Coop_Harmony_StagHunt_Snowdrift_Prisoners,0.954,2.5810000000000004,2.67,-2.063,-0.584,joint,0,0.0,0.501,Game Types,7019,224
24,-10.477,19.795,2.67,2.67,2.019,0,,0,11111,31,SSE,Coop_Harmony_StagHunt_Snowdrift_Prisoners,1.775,2.698,5.99,-0.42,-0.69,joint,0,0.0,0.622,Game Types,7021,225
25,-20.524,24.818,0.825,0.825,1.725,0,,0,11111,31,SSE,Coop_Harmony_StagHunt_Snowdrift_Prisoners,-0.85,2.785,3.648,1.509,1.527,joint,0,0.0,1.025,Game Types,7022,226
26,55.559,-13.223,0.272,0.272,5.664,0,,0,11111,31,SSE,Coop_Harmony_StagHunt_Snowdrift_Prisoners,1.281,2.185,0.019,-2.866,-2.365,joint,0,0.0,0.122,Game Types,7023,227
27,-2.419,15.765999999999998,4.049,4.049,2.289,0,,0,11111,31,SSE,Coop_Harmony_StagHunt_Snowdrift_Prisoners,9.289,0.931,3.324,-9.479,-3.091,joint,0,0.0,0.228,Game Types,7024,228
28,10.537,9.288,0.7490000000000001,0.7490000000000001,2.803,0,,0,11111,31,SSE,Coop_Harmony_StagHunt_Snowdrift_Prisoners,1.907,1.159,2.47,-2.52,-1.416,joint,0,0.0,0.669,Game Types,7025,229
29,85.389,-28.138,1.959,1.959,9.028,0,,0,11111,31,SSE,Coop_Harmony_StagHunt_Snowdrift_Prisoners,1.586,1.33,3.434,2.625,7.3610000000000015,joint,0,0.0,0.404,Game Types,7026,230
30,-7.835,18.473,2.193,2.193,2.104,0,,0,11111,31,SSE,Coop_Harmony_StagHunt_Snowdrift_Prisoners,-3.1060000000000003,7.905,2.65,3.929,1.807,joint,0,0.0,0.5,Game Types,7027,231
31,22.142,3.485,7.4689999999999985,7.4689999999999985,3.346,0,,0,11111,31,SSE,Coop_Harmony_StagHunt_Snowdrift_Prisoners,6.441,15.606,9.013,1.46,-0.037000000000000005,joint,0,0.0,4.626,Game Types,7028,232
32,-23.089,26.1,3.1010000000000004,3.1010000000000004,1.658,0,,0,11111,31,SSE,Coop_Harmony_StagHunt_Snowdrift_Prisoners,9.148,-2.866,9.606,-8.062000000000001,-8.627,joint,0,0.0,1.133,Game Types,7029,233
33,9.465,9.823,1.273,1.273,2.756,0,,0,11111,31,SSE,Coop_Harmony_StagHunt_Snowdrift_Prisoners,3.537,-0.7,2.675,-2.636,-2.174,joint,0,0.0,0.992,Game Types,7030,234
34,-33.56,31.336,9.999,9.999,1.4069999999999998,0,,0,11111,31,SSE,Coop_Harmony_StagHunt_Snowdrift_Prisoners,0.557,17.2,18.598,-0.338,-0.247,joint,0,0.0,4.999,Game Types,7031,235
35,76.22399999999998,-23.556,0.382,0.382,7.822,0,,0,11111,31,SSE,Coop_Harmony_StagHunt_Snowdrift_Prisoners,0.768,0.5710000000000001,-1.142,-0.373,-1.64,joint,0,0.0,0.129,Game Types,8001,236
36,2.918,13.097,1.828,1.828,2.488,0,,0,11111,31,SSE,Coop_Harmony_StagHunt_Snowdrift_Prisoners,2.146,-0.029,3.622,-2.901,-1.528,joint,0,0.0,0.298,Game Types,8002,237
37,26.62,1.246,1.134,1.134,3.604,0,,0,11111,31,SSE,Coop_Harmony_StagHunt_Snowdrift_Prisoners,-2.092,2.985,2.805,1.915,1.146,joint,0,0.0,1.056,Game Types,8003,238
38,-2.9810000000000003,16.047,1.705,1.705,2.269,0,,0,11111,31,SSE,Coop_Harmony_StagHunt_Snowdrift_Prisoners,-3.135,4.841,6.162000000000001,2.6910000000000003,3.15,joint,0,0.0,0.698,Game Types,8004,239
39,32.985,-1.936,1.727,1.727,3.98,0,,0,11111,31,SSE,Coop_Harmony_StagHunt_Snowdrift_Prisoners,4.152,-0.187,3.105,-6.504,-5.617000000000001,joint,0,0.0,0.448,Game Types,8005,240
40,39.79,-5.339,2.657,2.657,4.428,0,,0,11111,31,SSE,Coop_Harmony_StagHunt_Snowdrift_Prisoners,3.882,3.763,-1.227,-3.58,-2.352,joint,0,0.0,0.41,Game Types,8006,241
41,84.38600000000002,-27.637,1.789,1.789,8.887,0,,0,11111,31,SSE,Coop_Harmony_StagHunt_Snowdrift_Prisoners,3.09,0.426,-3.528,-2.636,-0.722,joint,0,0.0,0.445,Game Types,8007,242
42,32.904,-1.896,4.3610000000000015,4.3610000000000015,3.976,0,,0,11111,31,SSE,Coop_Harmony_StagHunt_Snowdrift_Prisoners,-4.4060000000000015,9.583,4.563,7.105,-8.924,joint,0,0.0,0.482,Game Types,8009,243
43,10.329,9.391,2.506,2.506,2.794,0,,0,11111,31,SSE,Coop_Harmony_StagHunt_Snowdrift_Prisoners,5.823,8.337,-6.707000000000002,-6.018,-13.287,joint,0,0.0,0.213,Game Types,8010,244
44,90.658,-30.773000000000003,0.496,0.496,9.801,0,,0,11111,31,SSE,Coop_Harmony_StagHunt_Snowdrift_Prisoners,5.011,3.499,-1.073,-6.877999999999999,-2.3080000000000003,joint,0,0.0,0.264,Game Types,8011,245
45,24.021,2.546,1.351,1.351,3.46,0,,0,11111,31,SSE,Coop_Harmony_StagHunt_Snowdrift_Prisoners,0.597,1.859,2.363,-0.271,-3.689,joint,0,0.0,0.8320000000000001,Game Types,8012,246
46,56.468,-13.678,1.376,1.376,5.746,0,,0,11111,31,SSE,Coop_Harmony_StagHunt_Snowdrift_Prisoners,2.174,4.895,3.617,-3.503,-2.739,joint,0,0.0,0.7,Game Types,8013,247
47,32.903,-1.896,1.431,1.431,3.976,0,,0,11111,31,SSE,Coop_Harmony_StagHunt_Snowdrift_Prisoners,2.738,-0.073,1.6369999999999998,-2.963,-2.506,joint,0,0.0,0.643,Game Types,8014,248
48,-1.794,15.453,0.956,0.956,2.312,0,,0,11111,31,SSE,Coop_Harmony_StagHunt_Snowdrift_Prisoners,5.131,0.394,2.839,-5.939,-6.254,joint,0,0.0,1.214,Game Types,8015,249
49,-26.592,27.852,2.894,2.894,1.569,0,,0,11111,31,SSE,Coop_Harmony_StagHunt_Snowdrift_Prisoners,3.838,1.82,-3.162,7.637,-7.376,joint,0,0.0,0.236,Game Types,8016,250
50,24.3,2.406,1.793,1.793,3.475,0,,0,11111,31,SSE,Coop_Harmony_StagHunt_Snowdrift_Prisoners,-3.752,4.097,4.963,4.747,3.758,joint,0,0.0,0.7979999999999999,Game Types,8017,251
51,46.552,-8.72,0.8190000000000001,0.8190000000000001,4.92,0,,0,11111,31,SSE,Coop_Harmony_StagHunt_Snowdrift_Prisoners,0.449,5.627000000000002,1.731,0.909,-3.383,joint,0,0.0,0.507,Game Types,8018,252
52,-15.746,22.429,4.3439999999999985,4.3439999999999985,1.859,0,,0,11111,31,SSE,Coop_Harmony_StagHunt_Snowdrift_Prisoners,12.061,3.518,9.735,-10.878,-5.582000000000002,joint,0,0.0,0.23,Game Types,8019,253
53,-7.601,18.356,1.138,1.138,2.111,0,,0,11111,31,SSE,Coop_Harmony_StagHunt_Snowdrift_Prisoners,5.732,2.401,-3.568,-5.528,-6.7639999999999985,joint,0,0.0,0.542,Game Types,8020,254
54,6.151,11.48,0.993,0.993,2.617,0,,0,11111,31,SSE,Coop_Harmony_StagHunt_Snowdrift_Prisoners,0.92,1.803,3.201,0.42,2.073,joint,0,0.0,0.593,Game Types,8021,255
55,15.935,6.589,1.978,1.978,3.05,0,,0,11111,31,SSE,Coop_Harmony_StagHunt_Snowdrift_Prisoners,-2.7030000000000003,4.559,3.97,-0.116,0.371,joint,0,0.0,0.5489999999999999,Game Types,8022,256
56,55.508,-13.198,0.6659999999999999,0.6659999999999999,5.659,0,,0,11111,31,SSE,Coop_Harmony_StagHunt_Snowdrift_Prisoners,0.029,-3.761,-4.121,-2.102,-2.696,joint,0,0.0,0.225,Game Types,8023,257
57,-34.191,31.652,0.889,0.889,1.393,0,,0,11111,31,SSE,Coop_Harmony_StagHunt_Snowdrift_Prisoners,2.7910000000000004,0.488,1.648,-7.234,-4.877,joint,0,0.0,0.556,Game Types,8024,258
58,48.592,-9.74,10.0,10.0,5.08,0,,0,11111,31,SSE,Coop_Harmony_StagHunt_Snowdrift_Prisoners,-1.655,1.874,1.608,-10.25,-4.448,joint,0,0.0,5.0,Game Types,8025,259
59,-11.387,20.25,0.846,0.846,1.99,0,,0,11111,31,SSE,Coop_Harmony_StagHunt_Snowdrift_Prisoners,1.55,1.6369999999999998,4.217,-1.077,-0.764,joint,0,0.0,0.76,Game Types,8026,260
60,-35.367,32.24,1.588,1.588,1.368,0,,0,11111,31,SSE,Coop_Harmony_StagHunt_Snowdrift_Prisoners,1.386,2.733,9.096,-3.255,-1.915,joint,0,0.0,0.53,Game Types,8027,261
61,65.501,-18.194000000000006,1.176,1.176,6.6160000000000005,0,,0,11111,31,SSE,Coop_Harmony_StagHunt_Snowdrift_Prisoners,1.775,-0.535,1.53,-1.633,1.0,joint,0,0.0,0.32299999999999995,Game Types,8028,262
62,47.755,-9.322,0.452,0.452,5.0139999999999985,0,,0,11111,31,SSE,Coop_Harmony_StagHunt_Snowdrift_Prisoners,2.547,4.533,4.2780000000000005,-3.504,-2.61,joint,0,0.0,1.152,Game Types,8029,263
63,19.006,5.053,0.8490000000000001,0.8490000000000001,3.199,0,,0,11111,31,SSE,Coop_Harmony_StagHunt_Snowdrift_Prisoners,2.569,3.032,-3.525,-0.106,-4.525,joint,0,0.0,0.454,Game Types,8030,264
64,21.471,3.82,4.958,4.958,3.321,0,,0,11111,31,SSE,Coop_Harmony_StagHunt_Snowdrift_Prisoners,9.148,3.528,8.217,-14.716,-5.682,joint,0,0.0,0.153,Game Types,8031,265
65,4.61,12.251,3.913,3.913,2.555,0,,0,11111,31,SSE,Coop_Harmony_StagHunt_Snowdrift_Prisoners,7.585,-1.169,0.906,-10.6,-5.62,joint,0,0.0,0.237,Game Types,8032,266
66,9.123,9.995,1.061,1.061,2.742,0,,0,11111,31,SSE,Coop_Harmony_StagHunt_Snowdrift_Prisoners,-3.798,2.7,5.199,-0.07200000000000001,1.794,joint,0,0.0,0.222,Game Types,8035,267
67,24.595,2.259,0.672,0.672,3.485,0,,0,11111,31,SSE,Coop_Harmony_StagHunt_Snowdrift_Prisoners,-3.317,7.922999999999999,3.515,-0.064,3.091,joint,0,0.0,2.185,Game Types,8036,268
68,40.655,-5.771,2.113,2.113,4.488,0,,0,11111,31,SSE,Coop_Harmony_StagHunt_Snowdrift_Prisoners,6.2189999999999985,-3.404,-4.18,-8.232999999999999,-10.179,joint,0,0.0,0.304,Game Types,8037,269
69,31.43,-1.159,0.312,0.312,3.885,0,,0,11111,31,SSE,Coop_Harmony_StagHunt_Snowdrift_Prisoners,-1.167,3.4730000000000003,3.633,-2.88,-1.584,joint,0,0.0,0.413,Game Types,8038,270
70,-39.882,34.497,2.763,2.763,1.275,0,,0,11111,31,SSE,Coop_Harmony_StagHunt_Snowdrift_Prisoners,2.9810000000000003,0.006,0.649,-1.5830000000000002,-2.235,joint,0,0.0,0.557,Game Types,8039,271
71,-0.5529999999999999,14.833,2.037,2.037,2.357,0,,0,11111,31,SSE,Coop_Harmony_StagHunt_Snowdrift_Prisoners,-2.649,3.23,5.524,5.403,4.412,joint,0,0.0,0.34700000000000003,Game Types,8040,272
72,38.274,-4.581,4.607,4.607,4.3210000000000015,0,,0,11111,31,SSE,Coop_Harmony_StagHunt_Snowdrift_Prisoners,9.229,-4.391,-4.35,-9.066,-7.341,joint,0,0.0,0.394,Game Types,8041,273
73,23.25,2.931,1.061,1.061,3.419,0,,0,11111,31,SSE,Coop_Harmony_StagHunt_Snowdrift_Prisoners,5.164,1.956,7.322,-5.122000000000001,-4.825,joint,0,0.0,1.826,Game Types,8042,274
74,0.359,14.376,0.43,0.43,2.391,0,,0,11111,31,SSE,Coop_Harmony_StagHunt_Snowdrift_Prisoners,-0.653,0.732,1.047,-0.325,0.166,joint,0,0.0,0.691,Game Types,8043,275
75,37.317,-4.103,1.1840000000000002,1.1840000000000002,4.259,0,,0,11111,31,SSE,Coop_Harmony_StagHunt_Snowdrift_Prisoners,2.849,-0.009000000000000001,3.16,-4.602,-3.268,joint,0,0.0,0.51,Game Types,8044,276
76,-4.342,16.727,0.378,0.378,2.221,0,,0,11111,31,SSE,Coop_Harmony_StagHunt_Snowdrift_Prisoners,9.872,-5.965,-4.716,-13.255999999999998,-12.844,joint,0,0.0,0.39,Game Types,8045,277
77,-22.609,25.86,0.197,0.197,1.67,0,,0,11111,31,SSE,Coop_Harmony_StagHunt_Snowdrift_Prisoners,-3.044,4.402,5.311,-1.864,-2.32,joint,0,0.0,0.226,Game Types,8046,278
78,65.691,-18.29,3.918,3.918,6.635,0,,0,11111,31,SSE,Coop_Harmony_StagHunt_Snowdrift_Prisoners,10.550999999999998,-0.995,12.416,1.599,6.254,joint,0,0.0,0.398,Game Types,8047,279
79,-13.486,21.299,2.387,2.387,1.926,0,,0,11111,31,SSE,Coop_Harmony_StagHunt_Snowdrift_Prisoners,9.833,6.03,0.6809999999999999,-13.468,-11.202,joint,0,0.0,0.168,Game Types,8048,280
80,7.8039999999999985,10.654000000000002,0.515,0.515,2.6860000000000004,0,,0,11111,31,SSE,Coop_Harmony_StagHunt_Snowdrift_Prisoners,0.104,1.529,2.519,1.06,-0.34700000000000003,joint,0,0.0,2.565,Game Types,8049,281
81,47.151,-9.02,1.385,1.385,4.967,0,,0,11111,31,SSE,Coop_Harmony_StagHunt_Snowdrift_Prisoners,3.272,-0.134,-1.321,-4.1930000000000005,-4.099,joint,0,0.0,0.416,Game Types,8050,282
82,-24.503,26.808000000000003,3.615,3.615,1.621,0,,0,11111,31,SSE,Coop_Harmony_StagHunt_Snowdrift_Prisoners,5.22,3.735,11.44,-5.636,-4.434,joint,0,0.0,0.17600000000000002,Game Types,8051,283
83,27.114,0.999,6.2120000000000015,6.2120000000000015,3.632,0,,0,11111,31,SSE,Coop_Harmony_StagHunt_Snowdrift_Prisoners,11.7,-14.315,-4.729,-11.279000000000002,-6.282,joint,0,0.0,0.333,Game Types,8052,284
84,30.486,-0.687,1.719,1.719,3.828,0,,0,11111,31,SSE,Coop_Harmony_StagHunt_Snowdrift_Prisoners,0.005,2.351,5.09,-0.012,1.847,joint,0,0.0,0.573,Game Types,8053,285
85,29.018,0.047,1.012,1.012,3.741,0,,0,11111,31,SSE,Coop_Harmony_StagHunt_Snowdrift_Prisoners,3.96,-3.1010000000000004,-3.326,-5.327000000000001,-4.743,joint,0,0.0,1.24,Game Types,8054,286
86,-40.145,34.628,0.795,0.795,1.27,0,,0,11111,31,SSE,Coop_Harmony_StagHunt_Snowdrift_Prisoners,4.977,-0.523,1.014,-8.891,-7.912000000000001,joint,0,0.0,0.364,Game Types,8055,287
87,42.551,-6.72,4.558,4.558,4.622,0,,0,11111,31,SSE,Coop_Harmony_StagHunt_Snowdrift_Prisoners,-1.157,9.144,6.566,-4.8610000000000015,-1.596,joint,0,0.0,0.075,Game Types,8056,288
88,28.374,0.369,2.624,2.624,3.704,0,,0,11111,31,SSE,Coop_Harmony_StagHunt_Snowdrift_Prisoners,3.252,0.41,4.073,-3.554,-3.434,joint,0,0.0,0.406,Game Types,8057,289
89,87.069,-28.978,1.87,1.87,9.267,0,,0,11111,31,SSE,Coop_Harmony_StagHunt_Snowdrift_Prisoners,2.951,-0.061,-0.027000000000000003,-10.38,-8.62,joint,0,0.0,0.173,Game Types,8058,290
90,29.876,-0.382,2.371,2.371,3.792,0,,0,11111,31,SSE,Coop_Harmony_StagHunt_Snowdrift_Prisoners,2.748,1.575,1.731,-1.726,-3.839,joint,0,0.0,0.474,Game Types,8059,291
91,53.617,-12.252,0.409,0.409,5.495,0,,0,11111,31,SSE,Coop_Harmony_StagHunt_Snowdrift_Prisoners,4.614,-4.69,-4.288,-4.7,-4.1,joint,0,0.0,1.123,Game Types,8060,292
92,-23.766,26.439,2.253,2.253,1.64,0,,0,11111,31,SSE,Coop_Harmony_StagHunt_Snowdrift_Prisoners,0.628,7.322999999999999,9.703,2.875,-5.148,joint,0,0.0,0.324,Game Types,8061,293
93,-25.207,27.16,0.773,0.773,1.6030000000000002,0,,0,11111,31,SSE,Coop_Harmony_StagHunt_Snowdrift_Prisoners,0.688,3.71,5.041,-0.7070000000000001,0.026,joint,0,0.0,1.194,Game Types,8062,294
94,8.839,10.137,1.072,1.072,2.73,0,,0,11111,31,SSE,Coop_Harmony_StagHunt_Snowdrift_Prisoners,1.915,5.285,-1.251,0.8270000000000001,-3.2230000000000003,joint,0,0.0,0.5870000000000001,Game Types,8063,295
95,26.235,1.439,2.21,2.21,3.582,0,,0,11111,31,SSE,Coop_Harmony_StagHunt_Snowdrift_Prisoners,2.097,2.926,-0.86,0.28800000000000003,-4.459,joint,0,0.0,0.916,Game Types,8065,296
96,44.94,-7.914,3.564,3.564,4.798,0,,0,11111,31,SSE,Coop_Harmony_StagHunt_Snowdrift_Prisoners,3.474,3.537,12.982,-0.894,-1.907,joint,0,0.0,0.304,Game Types,8066,297
97,-35.317,32.215,0.377,0.377,1.369,0,,0,11111,31,SSE,Coop_Harmony_StagHunt_Snowdrift_Prisoners,-0.293,1.746,0.986,-1.551,-0.917,joint,0,0.0,0.257,Game Types,8067,298
98,-41.843,35.477,3.985,3.985,1.237,0,,0,11111,31,SSE,Coop_Harmony_StagHunt_Snowdrift_Prisoners,3.519,8.843,-3.753,-2.818,-4.458,joint,0,0.0,2.8110000000000004,Game Types,8068,299
99,57.185,-14.037,0.157,0.157,5.81,0,,0,11111,31,SSE,Coop_Harmony_StagHunt_Snowdrift_Prisoners,-1.151,3.2460000000000004,1.931,1.249,1.797,joint,0,0.0,1.365,Game Types,8069,300
100,-52.197,40.655,0.578,0.578,1.052,0,,0,11111,31,SSE,Coop_Harmony_StagHunt_Snowdrift_Prisoners,5.443,-2.655,-1.85,-5.831,-5.456,joint,0,0.0,0.459,Game Types,8070,301
101,35.705,-3.2960000000000003,0.49,0.49,4.1530000000000005,0,,0,11111,31,SSE,Coop_Harmony_StagHunt_Snowdrift_Prisoners,2.185,-0.977,-0.708,-0.643,-1.022,joint,0,0.0,0.376,Game Types,8071,302
102,10.771,9.17,0.01,0.01,2.813,0,,0,11111,31,SSE,Coop_Harmony_StagHunt_Snowdrift_Prisoners,4.181,19.996,-10.923,-1.464,-19.996,joint,0,0.0,0.17800000000000002,Game Types,8072,303
103,33.759,-2.323,2.446,2.446,4.029,0,,0,11111,31,SSE,Coop_Harmony_StagHunt_Snowdrift_Prisoners,0.75,1.105,12.38,-2.313,-2.483,joint,0,0.0,0.436,Game Types,8073,304
104,29.342,-0.115,2.099,2.099,3.754,0,,0,11111,31,SSE,Coop_Harmony_StagHunt_Snowdrift_Prisoners,-0.903,2.84,1.339,0.258,0.29100000000000004,joint,0,0.0,0.794,Game Types,8074,305
105,-25.283,27.198,1.7919999999999998,1.7919999999999998,1.602,0,,0,11111,31,SSE,Coop_Harmony_StagHunt_Snowdrift_Prisoners,8.934,-4.694,-2.116,-10.071,-7.317,joint,0,0.0,0.335,Game Types,8075,306
106,32.369,-1.628,2.313,2.313,3.942,0,,0,11111,31,SSE,Coop_Harmony_StagHunt_Snowdrift_Prisoners,2.422,3.913,2.625,-6.472,-4.836,joint,0,0.0,0.329,Game Types,8076,307
107,8.059,10.526,1.615,1.615,2.697,0,,0,11111,31,SSE,Coop_Harmony_StagHunt_Snowdrift_Prisoners,6.94,-4.31,2.997,-6.511,-6.897,joint,0,0.0,0.589,Game Types,8077,308
108,56.12300000000001,-13.505999999999998,0.86,0.86,5.714,0,,0,11111,31,SSE,Coop_Harmony_StagHunt_Snowdrift_Prisoners,1.625,1.535,2.271,-3.24,-1.481,joint,0,0.0,0.395,Game Types,8078,309
109,-23.644,26.378,0.6940000000000001,0.6940000000000001,1.643,0,,0,11111,31,SSE,Coop_Harmony_StagHunt_Snowdrift_Prisoners,5.5360000000000005,1.721,-1.69,-5.575,-6.1389999999999985,joint,0,0.0,0.439,Game Types,8079,310
110,15.405,6.854,3.352,3.352,3.025,0,,0,11111,31,SSE,Coop_Harmony_StagHunt_Snowdrift_Prisoners,0.66,2.272,4.309,-6.6960000000000015,0.022,joint,0,0.0,2.285,Game Types,8080,311
111,-8.208,18.66,1.4,1.4,2.091,0,,0,11111,31,SSE,Coop_Harmony_StagHunt_Snowdrift_Prisoners,-1.525,4.765,6.432,0.486,3.718,joint,0,0.0,0.37,Game Types,8081,312
112,-1.74,15.425999999999998,1.558,1.558,2.314,0,,0,11111,31,SSE,Coop_Harmony_StagHunt_Snowdrift_Prisoners,2.637,7.013,3.662,-5.556,-2.882,joint,0,0.0,0.6679999999999999,Game Types,8083,313
113,-3.077,16.095,7.772,7.772,2.266,0,,0,11111,31,SSE,Coop_Harmony_StagHunt_Snowdrift_Prisoners,20.0,20.0,20.0,-19.46,-12.892,joint,0,0.0,5.0,Game Types,8084,314
114,-27.56,28.336,1.224,1.224,1.546,0,,0,11111,31,SSE,Coop_Harmony_StagHunt_Snowdrift_Prisoners,3.68,-1.596,2.5580000000000003,-4.695,-3.754,joint,0,0.0,0.502,Game Types,8085,315
115,10.807,9.153,0.57,0.57,2.815,0,,0,11111,31,SSE,Coop_Harmony_StagHunt_Snowdrift_Prisoners,7.09,-5.073,-5.039,-6.86,-6.6770000000000005,joint,0,0.0,1.48,Game Types,8086,316
116,32.204,-1.546,4.006,4.006,3.932,0,,0,11111,31,SSE,Coop_Harmony_StagHunt_Snowdrift_Prisoners,4.005,5.968,5.957000000000002,-0.6659999999999999,-0.971,joint,0,0.0,0.506,Game Types,8087,317
117,67.705,-19.296,1.436,1.436,6.848,0,,0,11111,31,SSE,Coop_Harmony_StagHunt_Snowdrift_Prisoners,1.545,0.7070000000000001,2.193,-2.359,-3.429,joint,0,0.0,0.421,Game Types,8088,318
118,40.976000000000006,-5.932,1.001,1.001,4.51,0,,0,11111,31,SSE,Coop_Harmony_StagHunt_Snowdrift_Prisoners,1.8,1.961,7.903,-2.372,-0.273,joint,0,0.0,0.873,Game Types,8089,319
119,-3.394,16.253,1.082,1.082,2.255,0,,0,11111,31,SSE,Coop_Harmony_StagHunt_Snowdrift_Prisoners,-0.273,2.214,3.34,-0.333,0.639,joint,0,0.0,0.728,Game Types,8090,320
120,14.026,7.542999999999998,1.79,1.79,2.96,0,,0,11111,31,SSE,Coop_Harmony_StagHunt_Snowdrift_Prisoners,3.153,10.136,11.963,-7.467,-7.826,joint,0,0.0,3.713,Game Types,8091,321
121,14.106,7.502999999999999,2.018,2.018,2.964,0,,0,11111,31,SSE,Coop_Harmony_StagHunt_Snowdrift_Prisoners,2.417,0.7190000000000001,1.952,-3.225,-3.677,joint,0,0.0,0.804,Game Types,8092,322
122,27.313,0.9,3.229,3.229,3.643,0,,0,11111,31,SSE,Coop_Harmony_StagHunt_Snowdrift_Prisoners,7.681,-3.286,-5.5779999999999985,-5.956,-9.261,joint,0,0.0,0.546,Game Types,8093,323
123,-7.2970000000000015,18.205,2.14,2.14,2.121,0,,0,11111,31,SSE,Coop_Harmony_StagHunt_Snowdrift_Prisoners,3.776,5.33,0.231,-8.474,-5.792999999999998,joint,0,0.0,0.6409999999999999,Game Types,8094,324
124,68.421,-19.655,0.01,0.01,6.925,0,,0,11111,31,SSE,Coop_Harmony_StagHunt_Snowdrift_Prisoners,-4.47,19.91,-19.824,10.155,-19.82,joint,0,0.0,0.033,Game Types,8095,325
125,33.816,-2.352,1.152,1.152,4.033,0,,0,11111,31,SSE,Coop_Harmony_StagHunt_Snowdrift_Prisoners,-3.768,4.739,3.497,-3.077,-2.942,joint,0,0.0,0.295,Game Types,8096,326
126,21.008000000000006,4.052,2.228,2.228,3.301,0,,0,11111,31,SSE,Coop_Harmony_StagHunt_Snowdrift_Prisoners,-4.8039999999999985,9.493,13.69,2.081,4.122,joint,0,0.0,0.338,Game Types,8098,327
127,33.095,-1.991,1.703,1.703,3.987,0,,0,11111,31,SSE,Coop_Harmony_StagHunt_Snowdrift_Prisoners,4.228,-4.319,-4.151,-4.953,-3.91,joint,0,0.0,0.972,Game Types,8099,328
128,55.843,-13.365,0.308,0.308,5.689,0,,0,11111,31,SSE,Coop_Harmony_StagHunt_Snowdrift_Prisoners,-0.96,-0.612,4.226,3.931,3.284,joint,0,0.0,0.229,Game Types,8100,329
129,6.597,11.258,0.27,0.27,2.636,0,,0,11111,31,SSE,Coop_Harmony_StagHunt_Snowdrift_Prisoners,2.276,0.775,1.725,-4.009,-2.702,joint,0,0.0,0.457,Game Types,8101,330
130,34.81,-2.849,6.205,6.205,4.096,0,,0,11111,31,SSE,Coop_Harmony_StagHunt_Snowdrift_Prisoners,5.882999999999999,3.535,9.187,-6.301,-2.54,joint,0,0.0,0.158,Game Types,8102,331
131,12.142,8.485,1.007,1.007,2.874,0,,0,11111,31,SSE,Coop_Harmony_StagHunt_Snowdrift_Prisoners,14.355,-1.232,-1.359,-14.274,-14.409,joint,0,0.0,1.064,Game Types,8103,332
132,17.805,5.654,0.366,0.366,3.14,0,,0,11111,31,SSE,Coop_Harmony_StagHunt_Snowdrift_Prisoners,0.361,1.564,3.677,1.414,0.912,joint,0,0.0,0.484,Game Types,8104,333
133,48.74100000000001,-9.814,3.1860000000000004,3.1860000000000004,5.092,0,,0,11111,31,SSE,Coop_Harmony_StagHunt_Snowdrift_Prisoners,-0.463,2.232,3.836,1.473,2.8160000000000003,joint,0,0.0,0.439,Game Types,8105,334
134,-2.822,15.967,1.3259999999999998,1.3259999999999998,2.275,0,,0,11111,31,SSE,Coop_Harmony_StagHunt_Snowdrift_Prisoners,1.648,1.789,3.257,-2.934,-0.674,joint,0,0.0,0.711,Game Types,8106,335
135,1.408,13.852,1.841,1.841,2.43,0,,0,11111,31,SSE,Coop_Harmony_StagHunt_Snowdrift_Prisoners,7.565,-4.728,-0.274,-9.121,-6.6389999999999985,joint,0,0.0,0.425,Game Types,8107,336
136,77.794,-24.341,1.556,1.556,8.015,0,,0,11111,31,SSE,Coop_Harmony_StagHunt_Snowdrift_Prisoners,-0.307,-0.862,1.558,-1.956,0.371,joint,0,0.0,0.489,Game Types,8108,337
137,54.42,-12.654000000000002,0.935,0.935,5.564,0,,0,11111,31,SSE,Coop_Harmony_StagHunt_Snowdrift_Prisoners,8.718,-6.478,-6.815,-6.4289999999999985,-5.16,joint,0,0.0,0.387,Game Types,8109,338
139,69.295,-20.091,0.029,0.029,7.02,0,,0,11111,31,SSE,Coop_Harmony_StagHunt_Snowdrift_Prisoners,-4.949,3.193,-2.31,-1.5,3.4330000000000003,joint,0,0.0,0.109,Game Types,8111,340
140,-3.445,16.278,1.5019999999999998,1.5019999999999998,2.253,0,,0,11111,31,SSE,Coop_Harmony_StagHunt_Snowdrift_Prisoners,-1.561,7.525,2.525,-1.459,0.976,joint,0,0.0,0.544,Game Types,8112,341
141,-15.399,22.256,1.433,1.433,1.869,0,,0,11111,31,SSE,Coop_Harmony_StagHunt_Snowdrift_Prisoners,1.77,1.16,2.264,-2.901,-1.5530000000000002,joint,0,0.0,0.5529999999999999,Game Types,8113,342
142,36.918,-3.903,0.464,0.464,4.2330000000000005,0,,0,11111,31,SSE,Coop_Harmony_StagHunt_Snowdrift_Prisoners,1.178,-0.132,1.581,-1.007,-0.948,joint,0,0.0,1.744,Game Types,8114,343
143,-0.804,14.958,0.18600000000000005,0.18600000000000005,2.3480000000000003,0,,0,11111,31,SSE,Coop_Harmony_StagHunt_Snowdrift_Prisoners,0.451,1.829,2.639,-1.975,-1.952,joint,0,0.0,0.5770000000000001,Game Types,9001,344
144,-52.896,41.004,6.739,6.739,1.04,0,,0,11111,31,SSE,Coop_Harmony_StagHunt_Snowdrift_Prisoners,14.147,13.429,-0.5429999999999999,-10.984000000000002,-10.087,joint,0,0.0,0.189,Game Types,9002,345
145,35.037,-2.962,0.214,0.214,4.11,0,,0,11111,31,SSE,Coop_Harmony_StagHunt_Snowdrift_Prisoners,1.5319999999999998,0.218,-1.368,-0.615,-2.219,joint,0,0.0,1.153,Game Types,9003,346
146,-90.65,59.881,0.151,0.151,0.5770000000000001,0,,0,11111,31,SSE,Coop_Harmony_StagHunt_Snowdrift_Prisoners,0.194,0.604,0.411,-0.6679999999999999,-0.83,joint,0,0.0,0.648,Game Types,9004,347
147,8.894,10.109,1.535,1.535,2.732,0,,0,11111,31,SSE,Coop_Harmony_StagHunt_Snowdrift_Prisoners,1.804,1.683,3.367,-1.922,-0.604,joint,0,0.0,0.6559999999999999,Game Types,9005,348
148,15.602,6.755,1.078,1.078,3.034,0,,0,11111,31,SSE,Coop_Harmony_StagHunt_Snowdrift_Prisoners,3.644,4.303,2.441,-5.023,-3.032,joint,0,0.0,0.6970000000000001,Game Types,9006,349
149,33.283,-2.085,0.604,0.604,3.999,0,,0,11111,31,SSE,Coop_Harmony_StagHunt_Snowdrift_Prisoners,2.27,0.7909999999999999,3.695,-2.865,-1.181,joint,0,0.0,0.413,Game Types,9007,350
150,22.924,3.094,0.633,0.633,3.401,0,,0,11111,31,SSE,Coop_Harmony_StagHunt_Snowdrift_Prisoners,6.48,0.174,-6.587999999999999,-6.2120000000000015,-9.966,joint,0,0.0,0.28600000000000003,Game Types,9008,351
151,2.483,13.315,0.973,0.973,2.472,0,,0,11111,31,SSE,Coop_Harmony_StagHunt_Snowdrift_Prisoners,5.172999999999999,14.568,-2.207,-4.822,-4.955,joint,0,0.0,1.513,Game Types,9009,352
152,8.291,10.41,2.384,2.384,2.7060000000000004,0,,0,11111,31,SSE,Coop_Harmony_StagHunt_Snowdrift_Prisoners,12.32,2.421,-4.364,-10.502,-13.814,joint,0,0.0,0.292,Game Types,9010,353
