,sub_ind,sub_ID,fit_to,comb_index,comb,feature_names,asymm_LR,bounded_weights,gaze,LR_up,LR_down,inv_temp,gaze_bias,feature_weight_1,feature_weight_2,feature_weight_3,feature_weight_4,feature_weight_5,feature_weight_6,feature_weight_7,feature_weight_8,feature_weight_9,feature_weight_10,feature_weight_11,feature_weight_12,feature_weight_13,feature_weight_14,feature_weight_15,feature_weight_16,feature_weight_17,cost_type,SSE,LL,BIC
0,201,6001,joint,131071,11111111111111111,Coop_S0T5_S0T8_S0T12_S0T15_S3T5_S3T8_S3T12_S3T15_S7T5_S7T8_S7T12_S7T15_S10T5_S10T8_S10T12_S10T15,0,0,0,1.4040000000000001,1.4040000000000001,0.23199999999999998,0.0,2.656,-1.574,-1.205,-3.955,-2.6710000000000003,0.157,-1.585,-4.715,-5.462000000000001,2.229,3.7889999999999997,0.265,0.981,5.372999999999999,7.053999999999999,1.489,2.613,SSE,3.193,5.1160000000000005,68.78699999999999
1,202,6002,joint,131071,11111111111111111,Coop_S0T5_S0T8_S0T12_S0T15_S3T5_S3T8_S3T12_S3T15_S7T5_S7T8_S7T12_S7T15_S10T5_S10T8_S10T12_S10T15,0,0,0,4.282,4.282,4.253,0.0,-6.093999999999999,9.776,6.114,-4.5680000000000005,-17.180999999999997,1.567,2.145,-3.154,-9.482999999999999,13.51,13.640999999999998,6.087000000000001,-6.522,11.19,14.915,7.237,3.4010000000000002,SSE,4.013,-2.1959999999999997,83.411
2,203,6003,joint,131071,11111111111111111,Coop_S0T5_S0T8_S0T12_S0T15_S3T5_S3T8_S3T12_S3T15_S7T5_S7T8_S7T12_S7T15_S10T5_S10T8_S10T12_S10T15,0,0,0,8.741,8.741,1.473,0.0,5.437,4.046,2.77,-2.858,-2.377,4.409,4.934,-6.15,-1.739,4.5569999999999995,4.495,-4.494,-2.386,8.661,10.277999999999999,1.504,-5.728,SSE,0.889,46.05,-13.081
3,204,6004,joint,131071,11111111111111111,Coop_S0T5_S0T8_S0T12_S0T15_S3T5_S3T8_S3T12_S3T15_S7T5_S7T8_S7T12_S7T15_S10T5_S10T8_S10T12_S10T15,0,0,0,4.668,4.668,2.343,0.0,-1.466,-2.633,4.548,-5.724,-3.8960000000000004,1.499,1.1840000000000002,-1.663,-1.493,4.138999999999999,8.531,-0.39,-4.523,5.109,2.24,-4.904,-5.3229999999999995,SSE,3.745,-0.032,79.083
4,205,6005,joint,131071,11111111111111111,Coop_S0T5_S0T8_S0T12_S0T15_S3T5_S3T8_S3T12_S3T15_S7T5_S7T8_S7T12_S7T15_S10T5_S10T8_S10T12_S10T15,0,0,0,1.1,1.1,0.903,0.0,-0.593,0.33899999999999997,-1.2790000000000001,-3.034,-2.219,0.638,0.111,-1.643,-1.578,1.679,1.176,-0.37200000000000005,-0.6759999999999999,4.047,1.304,0.344,-0.222,SSE,4.083,-2.7460000000000004,84.51100000000001
5,206,6006,joint,131071,11111111111111111,Coop_S0T5_S0T8_S0T12_S0T15_S3T5_S3T8_S3T12_S3T15_S7T5_S7T8_S7T12_S7T15_S10T5_S10T8_S10T12_S10T15,0,0,0,1.54,1.54,0.262,0.0,4.186,-5.252000000000001,-5.88,-5.821000000000001,-8.097000000000001,-2.6319999999999997,-0.442,-1.838,-2.965,3.5060000000000002,-2.2969999999999997,-0.6459999999999999,-2.9760000000000004,4.398,3.3369999999999997,2.049,2.224,SSE,1.633,26.585,25.849
6,207,7001,joint,131071,11111111111111111,Coop_S0T5_S0T8_S0T12_S0T15_S3T5_S3T8_S3T12_S3T15_S7T5_S7T8_S7T12_S7T15_S10T5_S10T8_S10T12_S10T15,0,0,0,3.693,3.693,3.122,0.0,1.182,3.8480000000000003,0.244,-4.688,-15.290999999999999,0.846,1.535,-12.665,-18.335,1.992,3.557,-1.374,-0.8859999999999999,6.872000000000001,5.745,-1.254,-17.987000000000002,SSE,4.548,-6.1979999999999995,91.415
7,208,7002,joint,131071,11111111111111111,Coop_S0T5_S0T8_S0T12_S0T15_S3T5_S3T8_S3T12_S3T15_S7T5_S7T8_S7T12_S7T15_S10T5_S10T8_S10T12_S10T15,0,0,0,7.232,7.232,3.63,0.0,16.102,12.081,-8.877,-7.671,-16.067,14.654000000000002,17.542,-9.599,-0.45,2.653,9.001,-13.14,-16.799,7.252999999999999,17.017,-9.161,-10.101,SSE,0.948,43.992,-8.966000000000001
8,209,7003,joint,131071,11111111111111111,Coop_S0T5_S0T8_S0T12_S0T15_S3T5_S3T8_S3T12_S3T15_S7T5_S7T8_S7T12_S7T15_S10T5_S10T8_S10T12_S10T15,0,0,0,7.722,7.722,3.918,0.0,2.883,-0.988,2.963,-3.3089999999999997,-4.198,-2.499,-2.8080000000000003,-6.765,-5.551,5.629,1.195,-5.5089999999999995,-4.904,5.38,0.606,-4.3919999999999995,-1.849,SSE,2.082,18.811,41.398
9,210,7005,joint,131071,11111111111111111,Coop_S0T5_S0T8_S0T12_S0T15_S3T5_S3T8_S3T12_S3T15_S7T5_S7T8_S7T12_S7T15_S10T5_S10T8_S10T12_S10T15,0,0,0,2.909,2.909,0.52,0.0,2.077,1.1909999999999998,-0.024,-3.2030000000000003,-3.286,5.558,0.659,-0.826,-2.398,-0.127,2.8280000000000003,-4.638999999999999,-0.138,0.5760000000000001,1.5330000000000001,-1.6669999999999998,-3.763,SSE,1.7819999999999998,23.788,31.441999999999997
10,211,7006,joint,131071,11111111111111111,Coop_S0T5_S0T8_S0T12_S0T15_S3T5_S3T8_S3T12_S3T15_S7T5_S7T8_S7T12_S7T15_S10T5_S10T8_S10T12_S10T15,0,0,0,8.663,8.663,1.484,0.0,14.284,10.610999999999999,-13.929,5.593,-2.104,-11.333,9.638,4.276,-6.562,-12.985999999999999,14.369000000000002,12.447000000000001,-8.297,14.581,3.5860000000000003,1.025,4.959,SSE,2.435,13.796,51.426
11,212,7007,joint,131071,11111111111111111,Coop_S0T5_S0T8_S0T12_S0T15_S3T5_S3T8_S3T12_S3T15_S7T5_S7T8_S7T12_S7T15_S10T5_S10T8_S10T12_S10T15,0,0,0,6.151,6.151,0.41200000000000003,0.0,8.8,4.369,2.121,7.127999999999999,-7.775,3.815,2.077,-7.35,-8.029,8.786,3.5439999999999996,-7.037000000000001,-7.641,1.8430000000000002,5.734,-3.347,-6.815,SSE,1.5030000000000001,29.233,20.552
12,213,7008,joint,131071,11111111111111111,Coop_S0T5_S0T8_S0T12_S0T15_S3T5_S3T8_S3T12_S3T15_S7T5_S7T8_S7T12_S7T15_S10T5_S10T8_S10T12_S10T15,0,0,0,0.583,0.583,0.8029999999999999,0.0,1.08,0.7170000000000001,1.916,-1.208,-1.847,0.013000000000000001,-0.156,-1.7830000000000001,-1.4809999999999999,2.504,1.9580000000000002,-0.07200000000000001,-0.835,1.121,1.949,-0.62,-0.787,SSE,3.077,6.309,66.402
13,214,7009,joint,131071,11111111111111111,Coop_S0T5_S0T8_S0T12_S0T15_S3T5_S3T8_S3T12_S3T15_S7T5_S7T8_S7T12_S7T15_S10T5_S10T8_S10T12_S10T15,0,0,0,4.132,4.132,0.17,0.0,6.474,-1.5519999999999998,13.392000000000001,-6.5489999999999995,0.624,1.77,1.943,-9.248,-4.646,14.944,0.672,-6.577000000000001,-4.742,-3.304,3.194,-2.717,4.074,SSE,2.6069999999999998,11.61,55.799
14,215,7010,joint,131071,11111111111111111,Coop_S0T5_S0T8_S0T12_S0T15_S3T5_S3T8_S3T12_S3T15_S7T5_S7T8_S7T12_S7T15_S10T5_S10T8_S10T12_S10T15,0,0,0,0.643,0.643,0.858,0.0,1.6340000000000001,-0.5870000000000001,-4.6930000000000005,-3.7539999999999996,-5.22,1.989,-0.9570000000000001,-3.195,-3.431,-0.873,0.8029999999999999,-3.34,-3.367,2.548,4.189,0.5770000000000001,-2.877,SSE,2.806,9.255,60.51
15,216,7011,joint,131071,11111111111111111,Coop_S0T5_S0T8_S0T12_S0T15_S3T5_S3T8_S3T12_S3T15_S7T5_S7T8_S7T12_S7T15_S10T5_S10T8_S10T12_S10T15,0,0,0,8.128,8.128,2.975,0.0,7.019,3.0860000000000003,-3.38,-7.096,-5.372000000000001,6.662999999999999,17.518,-8.832,-11.015,2.69,0.787,-5.013,-7.06,5.157,-1.268,-1.0390000000000001,-3.123,SSE,3.465,2.5069999999999997,74.005
16,217,7012,joint,131071,11111111111111111,Coop_S0T5_S0T8_S0T12_S0T15_S3T5_S3T8_S3T12_S3T15_S7T5_S7T8_S7T12_S7T15_S10T5_S10T8_S10T12_S10T15,0,0,0,0.575,0.575,0.43799999999999994,0.0,1.156,2.912,-0.765,-0.203,-3.891,0.028999999999999998,1.983,-0.755,0.35200000000000004,-0.027000000000000003,0.489,-2.023,-2.063,1.446,3.128,-1.155,-1.043,SSE,2.2359999999999998,16.524,45.971000000000004
17,218,7013,joint,131071,11111111111111111,Coop_S0T5_S0T8_S0T12_S0T15_S3T5_S3T8_S3T12_S3T15_S7T5_S7T8_S7T12_S7T15_S10T5_S10T8_S10T12_S10T15,0,0,0,3.025,3.025,1.445,0.0,2.551,-0.792,8.354,-3.783,-3.673,-0.081,5.113,-3.822,-3.7539999999999996,9.95,2.356,-3.784,-3.5060000000000002,-0.797,-0.7809999999999999,-3.451,-4.302,SSE,0.36200000000000004,74.774,-70.529
18,219,7014,joint,131071,11111111111111111,Coop_S0T5_S0T8_S0T12_S0T15_S3T5_S3T8_S3T12_S3T15_S7T5_S7T8_S7T12_S7T15_S10T5_S10T8_S10T12_S10T15,0,0,0,8.165,8.165,4.163,0.0,6.553,-2.272,0.444,-7.736000000000001,-7.037999999999999,-2.0,0.40299999999999997,-7.885,-6.605,2.228,-1.105,-6.2410000000000005,-6.956,4.673,3.5789999999999997,-6.497000000000001,-6.528,SSE,2.03,19.608,39.803000000000004
19,220,7015,joint,131071,11111111111111111,Coop_S0T5_S0T8_S0T12_S0T15_S3T5_S3T8_S3T12_S3T15_S7T5_S7T8_S7T12_S7T15_S10T5_S10T8_S10T12_S10T15,0,0,0,9.014,9.014,2.219,0.0,4.755,-3.9419999999999997,3.842,3.2289999999999996,-1.7819999999999998,1.04,2.369,-6.8660000000000005,-5.422999999999999,0.282,0.653,-4.015,-2.4290000000000003,7.393,6.697,-4.096,-6.313,SSE,1.611,27.008000000000003,25.003
20,221,7016,joint,131071,11111111111111111,Coop_S0T5_S0T8_S0T12_S0T15_S3T5_S3T8_S3T12_S3T15_S7T5_S7T8_S7T12_S7T15_S10T5_S10T8_S10T12_S10T15,0,0,0,1.744,1.744,1.705,0.0,4.537,1.3119999999999998,2.475,-3.74,-5.947,-0.624,0.04,-3.8819999999999997,-6.002999999999999,2.911,0.013000000000000001,-3.6319999999999997,-5.484,-0.56,2.9210000000000003,-3.681,-7.178999999999999,SSE,1.5030000000000001,29.233,20.553
21,222,7017,joint,131071,11111111111111111,Coop_S0T5_S0T8_S0T12_S0T15_S3T5_S3T8_S3T12_S3T15_S7T5_S7T8_S7T12_S7T15_S10T5_S10T8_S10T12_S10T15,0,0,0,3.658,3.658,0.24600000000000002,0.0,1.636,4.921,3.975,-0.261,-2.299,4.186,4.495,1.9069999999999998,-1.8,4.856,6.752000000000001,-1.4880000000000002,-0.9279999999999999,9.642000000000001,14.585999999999999,-2.54,1.345,SSE,1.6640000000000001,25.983,27.054000000000002
22,223,7018,joint,131071,11111111111111111,Coop_S0T5_S0T8_S0T12_S0T15_S3T5_S3T8_S3T12_S3T15_S7T5_S7T8_S7T12_S7T15_S10T5_S10T8_S10T12_S10T15,0,0,0,0.49700000000000005,0.49700000000000005,0.65,0.0,1.268,-2.66,0.579,-5.425,-2.5789999999999997,0.033,-1.056,-2.7039999999999997,-4.287,4.224,3.037,1.3530000000000002,-3.633,5.919,7.084,-0.228,-1.136,SSE,3.5669999999999997,1.577,75.865
23,224,7019,joint,131071,11111111111111111,Coop_S0T5_S0T8_S0T12_S0T15_S3T5_S3T8_S3T12_S3T15_S7T5_S7T8_S7T12_S7T15_S10T5_S10T8_S10T12_S10T15,0,0,0,1.564,1.564,0.373,0.0,3.275,11.442,-0.679,-4.334,-0.38,2.365,0.687,-4.2010000000000005,-2.19,1.005,2.476,-5.074,-3.068,1.605,6.539,-4.613,-5.132000000000001,SSE,3.315,3.917,71.185
24,225,7021,joint,131071,11111111111111111,Coop_S0T5_S0T8_S0T12_S0T15_S3T5_S3T8_S3T12_S3T15_S7T5_S7T8_S7T12_S7T15_S10T5_S10T8_S10T12_S10T15,0,0,0,9.833,9.833,1.8130000000000002,0.0,11.375,8.027999999999999,-0.151,-2.85,-9.296,4.995,4.415,-1.9480000000000002,-4.6819999999999995,1.3769999999999998,3.3760000000000003,-1.554,-10.671,12.186,5.015,9.564,-9.847999999999999,SSE,2.105,18.456,42.106
25,226,7022,joint,131071,11111111111111111,Coop_S0T5_S0T8_S0T12_S0T15_S3T5_S3T8_S3T12_S3T15_S7T5_S7T8_S7T12_S7T15_S10T5_S10T8_S10T12_S10T15,0,0,0,4.105,4.105,0.22699999999999998,0.0,5.544,6.584,6.4670000000000005,-3.358,-3.037,3.5780000000000003,4.611000000000001,-3.113,-2.665,5.89,10.66,-1.4780000000000002,-3.613,5.443,6.972,0.225,-4.147,SSE,2.318,15.373,48.273999999999994
26,227,7023,joint,131071,11111111111111111,Coop_S0T5_S0T8_S0T12_S0T15_S3T5_S3T8_S3T12_S3T15_S7T5_S7T8_S7T12_S7T15_S10T5_S10T8_S10T12_S10T15,0,0,0,0.527,0.527,0.10400000000000001,0.0,0.684,4.83,-0.35600000000000004,0.266,-0.05,-11.21,11.345999999999998,-8.904,-0.5760000000000001,5.782,-1.633,-5.934,-5.7620000000000005,6.436,3.9739999999999998,-6.167000000000001,7.456,SSE,4.453,-5.523,90.065
27,228,7024,joint,131071,11111111111111111,Coop_S0T5_S0T8_S0T12_S0T15_S3T5_S3T8_S3T12_S3T15_S7T5_S7T8_S7T12_S7T15_S10T5_S10T8_S10T12_S10T15,0,0,0,5.897,5.897,0.255,0.0,8.424,1.604,2.117,-7.358,-3.795,12.186,8.445,-3.1919999999999997,-1.8159999999999998,12.28,8.005,-3.7,-11.669,-4.2010000000000005,3.969,-5.94,-6.385,SSE,2.093,18.636,41.747
28,229,7025,joint,131071,11111111111111111,Coop_S0T5_S0T8_S0T12_S0T15_S3T5_S3T8_S3T12_S3T15_S7T5_S7T8_S7T12_S7T15_S10T5_S10T8_S10T12_S10T15,0,0,0,2.955,2.955,0.28600000000000003,0.0,8.872,1.25,6.776,-10.933,-13.456,0.698,-1.775,-7.803,-4.837,7.774,-0.8490000000000001,-9.91,-10.797,3.063,-2.551,-8.578,-7.227,SSE,1.745,24.456999999999997,30.105
29,230,7026,joint,131071,11111111111111111,Coop_S0T5_S0T8_S0T12_S0T15_S3T5_S3T8_S3T12_S3T15_S7T5_S7T8_S7T12_S7T15_S10T5_S10T8_S10T12_S10T15,0,0,0,2.07,2.07,0.7170000000000001,0.0,4.66,-1.2570000000000001,0.11599999999999999,-2.221,1.511,0.19699999999999998,-1.367,-0.092,0.064,-0.457,-0.687,-2.825,1.5090000000000001,-1.7109999999999999,0.374,-1.324,-3.7119999999999997,SSE,6.132000000000001,-15.76,110.539
30,231,7027,joint,131071,11111111111111111,Coop_S0T5_S0T8_S0T12_S0T15_S3T5_S3T8_S3T12_S3T15_S7T5_S7T8_S7T12_S7T15_S10T5_S10T8_S10T12_S10T15,0,0,0,0.78,0.78,0.9309999999999999,0.0,0.289,-0.361,-1.521,-1.2429999999999999,-0.912,-0.35600000000000004,-0.125,-1.4569999999999999,-1.367,2.3819999999999997,3.1010000000000004,-0.535,-0.147,2.6069999999999998,2.2969999999999997,0.387,0.5589999999999999,SSE,3.0210000000000004,6.892,65.236
31,232,7028,joint,131071,11111111111111111,Coop_S0T5_S0T8_S0T12_S0T15_S3T5_S3T8_S3T12_S3T15_S7T5_S7T8_S7T12_S7T15_S10T5_S10T8_S10T12_S10T15,0,0,0,9.58,9.58,2.503,0.0,10.927999999999999,1.163,0.951,-9.766,-2.675,2.888,2.639,-2.281,-5.025,5.412999999999999,-1.092,-0.033,-2.992,5.428999999999999,11.104000000000001,-1.6269999999999998,-13.067,SSE,2.687,10.607999999999999,57.803000000000004
32,233,7029,joint,131071,11111111111111111,Coop_S0T5_S0T8_S0T12_S0T15_S3T5_S3T8_S3T12_S3T15_S7T5_S7T8_S7T12_S7T15_S10T5_S10T8_S10T12_S10T15,0,0,0,4.227,4.227,0.631,0.0,6.982,4.15,0.873,-5.048,-5.584,4.18,0.647,-5.65,-6.058,4.288,0.5479999999999999,0.977,-5.169,0.669,-0.47600000000000003,-5.415,-5.0969999999999995,SSE,0.506,64.039,-49.059
33,234,7030,joint,131071,11111111111111111,Coop_S0T5_S0T8_S0T12_S0T15_S3T5_S3T8_S3T12_S3T15_S7T5_S7T8_S7T12_S7T15_S10T5_S10T8_S10T12_S10T15,0,0,0,9.978,9.978,1.874,0.0,16.507,19.869,17.599,-15.575999999999999,-6.537000000000001,5.76,9.898,-8.632,-10.565999999999999,4.298,0.767,-1.169,-15.753,12.338,-3.105,-3.424,-6.226,SSE,1.8030000000000002,23.412,32.194
34,235,7031,joint,131071,11111111111111111,Coop_S0T5_S0T8_S0T12_S0T15_S3T5_S3T8_S3T12_S3T15_S7T5_S7T8_S7T12_S7T15_S10T5_S10T8_S10T12_S10T15,0,0,0,8.033999999999999,8.033999999999999,3.395,0.0,11.546,-3.076,0.748,-6.877999999999999,-7.194,0.619,-4.878,-11.228,-7.2989999999999995,8.931000000000001,3.313,-6.765,-11.140999999999998,-2.878,9.412,-5.2139999999999995,-5.696000000000001,SSE,0.414,70.26899999999999,-61.519
35,236,8001,joint,131071,11111111111111111,Coop_S0T5_S0T8_S0T12_S0T15_S3T5_S3T8_S3T12_S3T15_S7T5_S7T8_S7T12_S7T15_S10T5_S10T8_S10T12_S10T15,0,0,0,0.764,0.764,0.11900000000000001,0.0,-0.35700000000000004,0.312,-7.8229999999999995,1.0959999999999999,-5.306,-0.7559999999999999,8.969,1.6219999999999999,-0.7340000000000001,5.473,6.4910000000000005,-6.7170000000000005,2.062,-4.468,0.812,6.872000000000001,0.153,SSE,6.721,-18.7,116.41799999999999
36,237,8002,joint,131071,11111111111111111,Coop_S0T5_S0T8_S0T12_S0T15_S3T5_S3T8_S3T12_S3T15_S7T5_S7T8_S7T12_S7T15_S10T5_S10T8_S10T12_S10T15,0,0,0,2.392,2.392,0.26,0.0,4.295,0.016,1.9180000000000001,-2.99,-5.371,4.0569999999999995,0.6409999999999999,-3.821,-2.4019999999999997,-2.454,0.07400000000000001,-2.8739999999999997,-7.667000000000001,3.045,0.19,-3.247,-3.7430000000000003,SSE,2.294,15.696,47.626999999999995
37,238,8003,joint,131071,11111111111111111,Coop_S0T5_S0T8_S0T12_S0T15_S3T5_S3T8_S3T12_S3T15_S7T5_S7T8_S7T12_S7T15_S10T5_S10T8_S10T12_S10T15,0,0,0,8.357999999999999,8.357999999999999,2.432,0.0,-0.708,3.3930000000000002,1.101,-5.005,0.157,5.672999999999999,2.977,-3.66,-0.757,-1.122,10.137,0.156,3.411,3.025,4.311,0.19399999999999998,5.76,SSE,2.319,15.35,48.318000000000005
38,239,8004,joint,131071,11111111111111111,Coop_S0T5_S0T8_S0T12_S0T15_S3T5_S3T8_S3T12_S3T15_S7T5_S7T8_S7T12_S7T15_S10T5_S10T8_S10T12_S10T15,0,0,0,3.213,3.213,0.831,0.0,2.583,1.624,0.293,-2.239,-2.991,-1.999,0.285,-1.694,-2.407,0.753,0.061,-1.901,-3.447,16.654,5.012,-3.0210000000000004,-2.772,SSE,1.828,22.965999999999998,33.086999999999996
39,240,8005,joint,131071,11111111111111111,Coop_S0T5_S0T8_S0T12_S0T15_S3T5_S3T8_S3T12_S3T15_S7T5_S7T8_S7T12_S7T15_S10T5_S10T8_S10T12_S10T15,0,0,0,6.808,6.808,3.415,0.0,8.776,2.502,7.502999999999999,-9.102,-8.799,-1.171,5.586,-9.582,-12.091,13.383,3.827,-11.648,-11.29,0.126,-1.347,-7.745,-12.095,SSE,1.594,27.340999999999998,24.337
40,241,8006,joint,131071,11111111111111111,Coop_S0T5_S0T8_S0T12_S0T15_S3T5_S3T8_S3T12_S3T15_S7T5_S7T8_S7T12_S7T15_S10T5_S10T8_S10T12_S10T15,0,0,0,9.312000000000001,9.312000000000001,2.6510000000000002,0.0,6.199,0.561,-1.425,-0.171,-6.0520000000000005,7.495,0.887,-1.1420000000000001,-6.422000000000001,3.4819999999999998,1.5530000000000002,-5.925,-5.401,8.738999999999999,13.769,-6.843,-3.7710000000000004,SSE,2.2030000000000003,16.988,45.043
41,242,8007,joint,131071,11111111111111111,Coop_S0T5_S0T8_S0T12_S0T15_S3T5_S3T8_S3T12_S3T15_S7T5_S7T8_S7T12_S7T15_S10T5_S10T8_S10T12_S10T15,0,0,0,9.947000000000001,9.947000000000001,2.15,0.0,0.028999999999999998,-3.612,7.454,16.309,3.877,13.860999999999999,-15.776,17.677,8.495,10.796,15.529000000000002,0.327,-14.44,19.302,12.243,7.086,7.247999999999999,SSE,2.9939999999999998,7.178,64.663
42,243,8009,joint,131071,11111111111111111,Coop_S0T5_S0T8_S0T12_S0T15_S3T5_S3T8_S3T12_S3T15_S7T5_S7T8_S7T12_S7T15_S10T5_S10T8_S10T12_S10T15,0,0,0,8.446,8.446,2.35,0.0,4.192,-13.409,13.642999999999999,-19.949,3.742,3.182,-2.555,-16.514,-4.725,4.776,6.735,6.537999999999999,1.943,19.893,11.252,10.527000000000001,9.158,SSE,3.929,-1.515,82.05
43,244,8010,joint,131071,11111111111111111,Coop_S0T5_S0T8_S0T12_S0T15_S3T5_S3T8_S3T12_S3T15_S7T5_S7T8_S7T12_S7T15_S10T5_S10T8_S10T12_S10T15,0,0,0,0.782,0.782,0.461,0.0,1.524,-1.704,-3.26,-5.736000000000001,-5.471,0.349,-3.15,-3.4730000000000003,-3.807,2.635,6.101,-2.638,-2.073,9.568999999999999,4.421,0.32799999999999996,0.068,SSE,2.741,10.006,59.006
44,245,8011,joint,131071,11111111111111111,Coop_S0T5_S0T8_S0T12_S0T15_S3T5_S3T8_S3T12_S3T15_S7T5_S7T8_S7T12_S7T15_S10T5_S10T8_S10T12_S10T15,0,0,0,0.601,0.601,1.235,0.0,2.0140000000000002,-0.121,-0.5429999999999999,-2.64,1.695,-0.006,-0.726,-0.835,-0.9570000000000001,-0.231,-0.8590000000000001,-1.446,-1.605,9.565,2.553,-11.777999999999999,-5.019,SSE,7.742999999999999,-23.230999999999998,125.48
45,246,8012,joint,131071,11111111111111111,Coop_S0T5_S0T8_S0T12_S0T15_S3T5_S3T8_S3T12_S3T15_S7T5_S7T8_S7T12_S7T15_S10T5_S10T8_S10T12_S10T15,0,0,0,2.396,2.396,0.46299999999999997,0.0,3.0189999999999997,-1.304,4.3389999999999995,-5.435,-9.077,11.005999999999998,0.899,-6.52,-5.599,10.429,2.21,-1.574,-2.787,4.752,3.365,-1.033,-4.91,SSE,3.717,0.256,78.506
46,247,8013,joint,131071,11111111111111111,Coop_S0T5_S0T8_S0T12_S0T15_S3T5_S3T8_S3T12_S3T15_S7T5_S7T8_S7T12_S7T15_S10T5_S10T8_S10T12_S10T15,0,0,0,0.706,0.706,1.386,0.0,-0.377,4.226,2.4130000000000003,0.43,-0.34600000000000003,9.41,1.859,1.115,0.27899999999999997,1.9580000000000002,3.827,-0.26,0.084,4.861000000000001,4.556,-2.8310000000000004,0.298,SSE,5.881,-14.422,107.86200000000001
47,248,8014,joint,131071,11111111111111111,Coop_S0T5_S0T8_S0T12_S0T15_S3T5_S3T8_S3T12_S3T15_S7T5_S7T8_S7T12_S7T15_S10T5_S10T8_S10T12_S10T15,0,0,0,3.54,3.54,3.568,0.0,1.6280000000000001,3.452,5.269,3.0589999999999997,2.103,4.833,3.1060000000000003,1.87,0.9390000000000001,4.958,3.373,-1.3880000000000001,1.521,3.6260000000000003,4.534,1.942,-1.633,SSE,3.2960000000000003,4.1080000000000005,70.803
48,249,8015,joint,131071,11111111111111111,Coop_S0T5_S0T8_S0T12_S0T15_S3T5_S3T8_S3T12_S3T15_S7T5_S7T8_S7T12_S7T15_S10T5_S10T8_S10T12_S10T15,0,0,0,1.984,1.984,1.3659999999999999,0.0,5.207999999999999,-1.932,-0.078,-6.14,-7.045,-3.11,2.186,-6.456,-5.52,2.2569999999999997,4.072,-5.492999999999999,-5.609,-2.3680000000000003,-1.767,-6.402,-5.859,SSE,1.729,24.741999999999997,29.535
49,250,8016,joint,131071,11111111111111111,Coop_S0T5_S0T8_S0T12_S0T15_S3T5_S3T8_S3T12_S3T15_S7T5_S7T8_S7T12_S7T15_S10T5_S10T8_S10T12_S10T15,0,0,0,1.9909999999999999,1.9909999999999999,0.436,0.0,1.315,-2.436,-2.639,-2.552,-4.586,1.095,-0.695,-2.696,-3.9410000000000003,1.212,3.486,4.46,2.96,6.973,2.524,2.272,4.781000000000001,SSE,1.1909999999999998,36.673,5.672999999999999
50,251,8017,joint,131071,11111111111111111,Coop_S0T5_S0T8_S0T12_S0T15_S3T5_S3T8_S3T12_S3T15_S7T5_S7T8_S7T12_S7T15_S10T5_S10T8_S10T12_S10T15,0,0,0,9.246,9.246,2.6860000000000004,0.0,2.1919999999999997,0.684,-1.614,4.381,-7.6160000000000005,-1.777,-6.131,-4.052,-5.291,-2.605,-5.17,7.154,-4.928,13.194,2.7539999999999996,2.302,-3.074,SSE,1.6340000000000001,26.559,25.901
51,252,8018,joint,131071,11111111111111111,Coop_S0T5_S0T8_S0T12_S0T15_S3T5_S3T8_S3T12_S3T15_S7T5_S7T8_S7T12_S7T15_S10T5_S10T8_S10T12_S10T15,0,0,0,1.189,1.189,0.43799999999999994,0.0,1.652,0.29100000000000004,-3.7880000000000003,-7.011,-3.6839999999999997,3.5869999999999997,2.314,-3.59,-14.459000000000001,5.086,1.3419999999999999,-0.8909999999999999,-3.964,6.626,9.325,6.569,2.62,SSE,2.991,7.206,64.607
52,253,8019,joint,131071,11111111111111111,Coop_S0T5_S0T8_S0T12_S0T15_S3T5_S3T8_S3T12_S3T15_S7T5_S7T8_S7T12_S7T15_S10T5_S10T8_S10T12_S10T15,0,0,0,2.3209999999999997,2.3209999999999997,1.177,0.0,-0.662,6.521,6.513999999999999,1.716,2.0140000000000002,5.919,4.894,1.6,4.704,5.4639999999999995,5.569,1.768,1.643,8.843,6.72,1.4509999999999998,1.474,SSE,0.655,55.816,-32.613
53,254,8020,joint,131071,11111111111111111,Coop_S0T5_S0T8_S0T12_S0T15_S3T5_S3T8_S3T12_S3T15_S7T5_S7T8_S7T12_S7T15_S10T5_S10T8_S10T12_S10T15,0,0,0,0.7929999999999999,0.7929999999999999,0.603,0.0,2.861,-1.035,-2.3819999999999997,-4.599,-3.6510000000000002,-0.193,0.726,-3.48,-3.662,1.234,2.1719999999999997,-2.449,-3.234,14.123,3.9930000000000003,-2.24,-2.456,SSE,2.505,12.892000000000001,53.233999999999995
54,255,8021,joint,131071,11111111111111111,Coop_S0T5_S0T8_S0T12_S0T15_S3T5_S3T8_S3T12_S3T15_S7T5_S7T8_S7T12_S7T15_S10T5_S10T8_S10T12_S10T15,0,0,0,1.03,1.03,0.657,0.0,1.435,2.166,1.835,1.8880000000000001,0.44799999999999995,2.8489999999999998,1.432,0.321,0.158,1.3030000000000002,0.79,-0.42700000000000005,1.716,3.185,2.992,-0.725,-0.28,SSE,2.376,14.585,49.848
55,256,8022,joint,131071,11111111111111111,Coop_S0T5_S0T8_S0T12_S0T15_S3T5_S3T8_S3T12_S3T15_S7T5_S7T8_S7T12_S7T15_S10T5_S10T8_S10T12_S10T15,0,0,0,8.154,8.154,2.785,0.0,-8.141,7.38,-5.605,-2.384,-9.351,8.705,1.768,-2.225,0.0,8.2,5.73,-0.408,-4.841,13.216,4.251,3.464,0.6659999999999999,SSE,1.693,25.413,28.191999999999997
56,257,8023,joint,131071,11111111111111111,Coop_S0T5_S0T8_S0T12_S0T15_S3T5_S3T8_S3T12_S3T15_S7T5_S7T8_S7T12_S7T15_S10T5_S10T8_S10T12_S10T15,0,0,0,2.574,2.574,0.102,0.0,-6.4,2.303,-6.356,2.274,-3.5389999999999997,-1.829,-11.11,1.291,-8.587,-1.462,-13.061,-4.216,12.76,1.993,0.6759999999999999,-4.441,-4.708,SSE,4.5489999999999995,-6.207999999999999,91.435
57,258,8024,joint,131071,11111111111111111,Coop_S0T5_S0T8_S0T12_S0T15_S3T5_S3T8_S3T12_S3T15_S7T5_S7T8_S7T12_S7T15_S10T5_S10T8_S10T12_S10T15,0,0,0,2.937,2.937,1.1520000000000001,0.0,1.291,6.224,4.08,-2.18,-6.465,6.282,2.655,-11.187000000000001,-4.788,6.067,6.584,-2.414,-8.793,2.076,8.969,-11.245,-12.024000000000001,SSE,0.8340000000000001,48.092,-17.166
58,259,8025,joint,131071,11111111111111111,Coop_S0T5_S0T8_S0T12_S0T15_S3T5_S3T8_S3T12_S3T15_S7T5_S7T8_S7T12_S7T15_S10T5_S10T8_S10T12_S10T15,0,0,0,1.895,1.895,0.171,0.0,2.033,0.659,2.077,-6.459,-15.136,0.951,5.275,-8.472000000000001,-9.426,18.486,7.952999999999999,-4.587,-4.457,3.9610000000000003,14.51,-5.144,-1.044,SSE,6.825,-19.189,117.397
59,260,8026,joint,131071,11111111111111111,Coop_S0T5_S0T8_S0T12_S0T15_S3T5_S3T8_S3T12_S3T15_S7T5_S7T8_S7T12_S7T15_S10T5_S10T8_S10T12_S10T15,0,0,0,1.217,1.217,0.892,0.0,3.85,0.41700000000000004,1.177,-2.425,-3.298,10.37,0.741,-2.8310000000000004,-3.33,0.813,0.645,-3.592,-3.1689999999999996,1.395,-0.9179999999999999,-2.289,-2.485,SSE,1.722,24.878,29.263
60,261,8027,joint,131071,11111111111111111,Coop_S0T5_S0T8_S0T12_S0T15_S3T5_S3T8_S3T12_S3T15_S7T5_S7T8_S7T12_S7T15_S10T5_S10T8_S10T12_S10T15,0,0,0,2.113,2.113,0.627,0.0,3.5,1.7080000000000002,2.897,-3.596,-3.8,2.889,4.013,-2.5639999999999996,-5.439,3.432,1.929,-3.248,-3.766,2.892,1.51,-6.94,-3.9539999999999997,SSE,0.943,44.158,-9.296
61,262,8028,joint,131071,11111111111111111,Coop_S0T5_S0T8_S0T12_S0T15_S3T5_S3T8_S3T12_S3T15_S7T5_S7T8_S7T12_S7T15_S10T5_S10T8_S10T12_S10T15,0,0,0,2.635,2.635,0.313,0.0,1.828,8.238999999999999,4.809,2.0580000000000003,-0.157,1.2209999999999999,-4.133,3.389,-1.187,1.974,-2.843,-2.891,8.421,1.541,3.8169999999999997,3.275,-3.05,SSE,4.54,-6.14,91.3
62,263,8029,joint,131071,11111111111111111,Coop_S0T5_S0T8_S0T12_S0T15_S3T5_S3T8_S3T12_S3T15_S7T5_S7T8_S7T12_S7T15_S10T5_S10T8_S10T12_S10T15,0,0,0,4.683,4.683,4.762,0.0,11.317,15.152000000000001,12.545,-6.382999999999999,-19.183,8.136000000000001,15.839,-0.9690000000000001,-7.1129999999999995,-9.649,19.535,-6.0760000000000005,-18.472,17.164,16.092,-6.6979999999999995,-16.752,SSE,3.029,6.806,65.407
63,264,8030,joint,131071,11111111111111111,Coop_S0T5_S0T8_S0T12_S0T15_S3T5_S3T8_S3T12_S3T15_S7T5_S7T8_S7T12_S7T15_S10T5_S10T8_S10T12_S10T15,0,0,0,0.354,0.354,0.775,0.0,1.34,-2.495,-2.069,-2.378,-1.946,-0.018000000000000002,-2.364,-2.03,-3.645,0.405,1.861,-0.542,-1.618,2.001,2.9160000000000004,2.01,1.506,SSE,2.355,14.857000000000001,49.305
64,265,8031,joint,131071,11111111111111111,Coop_S0T5_S0T8_S0T12_S0T15_S3T5_S3T8_S3T12_S3T15_S7T5_S7T8_S7T12_S7T15_S10T5_S10T8_S10T12_S10T15,0,0,0,3.005,3.005,0.501,0.0,2.23,5.818,6.707999999999999,0.12300000000000001,-1.093,2.775,1.205,2.103,-2.3,3.595,7.186,-3.865,-4.228,4.21,9.003,1.062,-2.4659999999999997,SSE,2.36,14.796,49.427
65,266,8032,joint,131071,11111111111111111,Coop_S0T5_S0T8_S0T12_S0T15_S3T5_S3T8_S3T12_S3T15_S7T5_S7T8_S7T12_S7T15_S10T5_S10T8_S10T12_S10T15,0,0,0,5.689,5.689,0.677,0.0,6.468,4.132,0.521,-7.485,-1.088,3.589,0.22899999999999998,-4.288,-2.291,2.78,-0.42,-6.625,-4.9110000000000005,2.29,9.192,-5.3660000000000005,-3.4589999999999996,SSE,0.9470000000000001,44.027,-9.036
66,267,8035,joint,131071,11111111111111111,Coop_S0T5_S0T8_S0T12_S0T15_S3T5_S3T8_S3T12_S3T15_S7T5_S7T8_S7T12_S7T15_S10T5_S10T8_S10T12_S10T15,0,0,0,2.605,2.605,0.105,0.0,-4.202,4.876,9.57,1.36,-3.3310000000000004,3.54,6.715,0.12300000000000001,-2.052,7.296,2.531,-0.175,-2.7260000000000004,8.972999999999999,-3.673,-8.466000000000001,-4.596,SSE,2.544,12.389000000000001,54.242
67,268,8036,joint,131071,11111111111111111,Coop_S0T5_S0T8_S0T12_S0T15_S3T5_S3T8_S3T12_S3T15_S7T5_S7T8_S7T12_S7T15_S10T5_S10T8_S10T12_S10T15,0,0,0,5.166,5.166,4.413,0.0,-1.993,-7.737,2.48,1.659,-3.815,4.173,-2.688,-0.14,-12.272,7.167999999999999,6.81,-7.787999999999999,-1.807,11.89,11.933,-8.401,-9.186,SSE,1.296,33.968,11.083
68,269,8037,joint,131071,11111111111111111,Coop_S0T5_S0T8_S0T12_S0T15_S3T5_S3T8_S3T12_S3T15_S7T5_S7T8_S7T12_S7T15_S10T5_S10T8_S10T12_S10T15,0,0,0,2.362,2.362,0.138,0.0,1.534,-3.415,-1.538,-6.145,-8.774,10.32,3.6239999999999997,-7.141,-8.771,13.115,4.996,-7.531000000000001,-2.449,9.681000000000001,0.773,-1.349,-7.777,SSE,4.655,-6.943,92.904
69,270,8038,joint,131071,11111111111111111,Coop_S0T5_S0T8_S0T12_S0T15_S3T5_S3T8_S3T12_S3T15_S7T5_S7T8_S7T12_S7T15_S10T5_S10T8_S10T12_S10T15,0,0,0,1.179,1.179,0.23600000000000002,0.0,-0.7490000000000001,10.66,2.7760000000000002,-9.443999999999999,-6.25,1.6740000000000002,7.961,-0.945,-2.928,2.741,9.997,-7.816,-2.9739999999999998,8.737,3.1210000000000004,-8.546,-8.683,SSE,2.9539999999999997,7.615,63.79
70,271,8039,joint,131071,11111111111111111,Coop_S0T5_S0T8_S0T12_S0T15_S3T5_S3T8_S3T12_S3T15_S7T5_S7T8_S7T12_S7T15_S10T5_S10T8_S10T12_S10T15,0,0,0,2.3080000000000003,2.3080000000000003,0.47200000000000003,0.0,3.898,-1.307,-1.5830000000000002,-3.375,-3.108,8.341000000000001,-0.052000000000000005,-3.8939999999999997,-4.354,3.747,-1.26,-0.4,-3.58,5.746,2.41,-2.197,-2.128,SSE,1.956,20.803,37.413000000000004
71,272,8040,joint,131071,11111111111111111,Coop_S0T5_S0T8_S0T12_S0T15_S3T5_S3T8_S3T12_S3T15_S7T5_S7T8_S7T12_S7T15_S10T5_S10T8_S10T12_S10T15,0,0,0,2.116,2.116,0.518,0.0,1.55,-0.517,1.0590000000000002,-1.569,0.621,-0.332,1.5419999999999998,-0.025,-2.064,0.644,-1.402,0.917,2.15,-0.231,0.907,-1.204,-0.5429999999999999,SSE,1.561,28.014,22.991
72,273,8041,joint,131071,11111111111111111,Coop_S0T5_S0T8_S0T12_S0T15_S3T5_S3T8_S3T12_S3T15_S7T5_S7T8_S7T12_S7T15_S10T5_S10T8_S10T12_S10T15,0,0,0,2.761,2.761,0.46299999999999997,0.0,5.601,3.27,4.442,-4.1339999999999995,-2.737,-0.044000000000000004,-2.467,-2.89,-3.14,5.407,7.482,-1.811,9.084,2.0069999999999997,12.218,11.679,0.384,SSE,5.032,-9.471,97.961
73,274,8042,joint,131071,11111111111111111,Coop_S0T5_S0T8_S0T12_S0T15_S3T5_S3T8_S3T12_S3T15_S7T5_S7T8_S7T12_S7T15_S10T5_S10T8_S10T12_S10T15,0,0,0,5.542999999999999,5.542999999999999,4.6930000000000005,0.0,14.77,8.823,12.343,-9.732999999999999,-14.452,-5.459,3.568,-4.305,-12.064,13.715,0.24100000000000002,-15.874,-10.255,12.729000000000001,12.81,-11.739,-9.656,SSE,1.318,33.426,12.168
74,275,8043,joint,131071,11111111111111111,Coop_S0T5_S0T8_S0T12_S0T15_S3T5_S3T8_S3T12_S3T15_S7T5_S7T8_S7T12_S7T15_S10T5_S10T8_S10T12_S10T15,0,0,0,1.199,1.199,0.32299999999999995,0.0,-0.564,3.9619999999999997,-0.634,0.10099999999999999,-2.2840000000000003,0.578,0.871,-1.9069999999999998,0.085,-1.263,0.774,-1.6669999999999998,-0.604,1.865,4.078,-1.9040000000000001,-1.4909999999999999,SSE,1.9180000000000001,21.433000000000003,36.153
75,276,8044,joint,131071,11111111111111111,Coop_S0T5_S0T8_S0T12_S0T15_S3T5_S3T8_S3T12_S3T15_S7T5_S7T8_S7T12_S7T15_S10T5_S10T8_S10T12_S10T15,0,0,0,7.987,7.987,3.3789999999999996,0.0,2.386,7.6370000000000005,3.909,-2.753,0.21100000000000002,10.212,10.374,1.963,-9.633,1.114,6.877999999999999,-2.2319999999999998,-2.4619999999999997,5.269,4.175,-5.893,-4.891,SSE,1.225,35.785,7.45
76,277,8045,joint,131071,11111111111111111,Coop_S0T5_S0T8_S0T12_S0T15_S3T5_S3T8_S3T12_S3T15_S7T5_S7T8_S7T12_S7T15_S10T5_S10T8_S10T12_S10T15,0,0,0,0.5770000000000001,0.5770000000000001,0.24600000000000002,0.0,0.795,6.091,7.164,-1.935,-9.302999999999999,6.157,7.407,-4.1530000000000005,-8.894,6.862,2.7880000000000003,-4.63,-8.306000000000001,7.229,6.555,-8.055,-4.055,SSE,1.784,23.745,31.529
77,278,8046,joint,131071,11111111111111111,Coop_S0T5_S0T8_S0T12_S0T15_S3T5_S3T8_S3T12_S3T15_S7T5_S7T8_S7T12_S7T15_S10T5_S10T8_S10T12_S10T15,0,0,0,0.27,0.27,0.16899999999999998,0.0,-2.559,4.802,9.798,-3.824,-5.95,2.807,5.542999999999999,-2.806,-6.067,5.289,5.957000000000001,-3.165,-7.531000000000001,-1.307,8.642000000000001,-0.831,-5.185,SSE,1.078,39.865,-0.711
78,279,8047,joint,131071,11111111111111111,Coop_S0T5_S0T8_S0T12_S0T15_S3T5_S3T8_S3T12_S3T15_S7T5_S7T8_S7T12_S7T15_S10T5_S10T8_S10T12_S10T15,0,0,0,9.779,9.779,2.615,0.0,12.094000000000001,4.0,3.3560000000000003,-2.333,-3.9589999999999996,-3.28,5.428999999999999,-0.586,1.9980000000000002,4.0489999999999995,-2.19,-10.488,-3.092,-2.057,12.66,-7.007000000000001,0.332,SSE,1.0979999999999999,39.28,0.45799999999999996
79,280,8048,joint,131071,11111111111111111,Coop_S0T5_S0T8_S0T12_S0T15_S3T5_S3T8_S3T12_S3T15_S7T5_S7T8_S7T12_S7T15_S10T5_S10T8_S10T12_S10T15,0,0,0,1.984,1.984,0.529,0.0,0.0,4.217,5.023,1.249,-0.708,4.477,2.95,-0.8959999999999999,-1.0959999999999999,6.285,5.073,0.389,-0.809,8.829,9.582,-7.147,0.302,SSE,0.8959999999999999,45.798,-12.578
80,281,8049,joint,131071,11111111111111111,Coop_S0T5_S0T8_S0T12_S0T15_S3T5_S3T8_S3T12_S3T15_S7T5_S7T8_S7T12_S7T15_S10T5_S10T8_S10T12_S10T15,0,0,0,1.631,1.631,1.137,0.0,2.95,3.302,0.349,-2.109,-4.498,3.945,12.125,-2.3819999999999997,-2.96,1.577,3.214,0.302,0.002,1.499,4.95,0.026000000000000002,0.61,SSE,2.215,16.82,45.378
81,282,8050,joint,131071,11111111111111111,Coop_S0T5_S0T8_S0T12_S0T15_S3T5_S3T8_S3T12_S3T15_S7T5_S7T8_S7T12_S7T15_S10T5_S10T8_S10T12_S10T15,0,0,0,3.011,3.011,0.89,0.0,3.362,-0.65,-2.8289999999999997,-4.562,-2.8139999999999996,0.563,-0.894,-0.782,-4.168,-0.797,-0.48100000000000004,-4.353,-3.1519999999999997,4.433,0.149,-2.734,-3.8710000000000004,SSE,3.3930000000000002,3.173,72.673
82,283,8051,joint,131071,11111111111111111,Coop_S0T5_S0T8_S0T12_S0T15_S3T5_S3T8_S3T12_S3T15_S7T5_S7T8_S7T12_S7T15_S10T5_S10T8_S10T12_S10T15,0,0,0,3.741,3.741,0.258,0.0,3.415,3.2460000000000004,5.861000000000001,-2.559,-4.765,6.917999999999999,8.683,-3.8,-3.9,7.64,4.513,1.374,-4.57,5.417000000000001,2.888,-4.882,-4.553999999999999,SSE,1.146,37.896,3.227
83,284,8052,joint,131071,11111111111111111,Coop_S0T5_S0T8_S0T12_S0T15_S3T5_S3T8_S3T12_S3T15_S7T5_S7T8_S7T12_S7T15_S10T5_S10T8_S10T12_S10T15,0,0,0,1.095,1.095,0.9209999999999999,0.0,0.389,0.20199999999999999,0.06,0.142,-0.32799999999999996,3.095,0.5589999999999999,1.065,0.11800000000000001,0.35700000000000004,-0.639,-0.075,-0.001,1.662,1.742,-3.987,0.20600000000000002,SSE,5.045,-9.519,98.056
84,285,8053,joint,131071,11111111111111111,Coop_S0T5_S0T8_S0T12_S0T15_S3T5_S3T8_S3T12_S3T15_S7T5_S7T8_S7T12_S7T15_S10T5_S10T8_S10T12_S10T15,0,0,0,5.013,5.013,2.8089999999999997,0.0,8.152000000000001,1.335,0.6,-3.4760000000000004,-3.338,0.252,9.432,-7.439,-1.126,-0.9359999999999999,-1.473,-1.3940000000000001,-7.528,3.99,3.886,-2.2640000000000002,-3.242,SSE,2.325,15.263,48.494
85,286,8054,joint,131071,11111111111111111,Coop_S0T5_S0T8_S0T12_S0T15_S3T5_S3T8_S3T12_S3T15_S7T5_S7T8_S7T12_S7T15_S10T5_S10T8_S10T12_S10T15,0,0,0,6.122999999999999,6.122999999999999,4.519,0.0,-1.0070000000000001,2.039,-0.919,-11.349,-4.56,1.301,4.136,-3.517,-3.0869999999999997,9.41,2.275,-5.031000000000001,0.78,6.4079999999999995,6.155,-0.32,-5.417999999999999,SSE,1.354,32.574,13.870999999999999
86,287,8055,joint,131071,11111111111111111,Coop_S0T5_S0T8_S0T12_S0T15_S3T5_S3T8_S3T12_S3T15_S7T5_S7T8_S7T12_S7T15_S10T5_S10T8_S10T12_S10T15,0,0,0,1.681,1.681,0.228,0.0,1.415,6.194,9.765,-5.815,-6.225,4.236000000000001,7.457999999999999,-5.599,-7.995,7.204,5.822,-6.267,-8.125,4.085,8.344,-6.3229999999999995,-8.571,SSE,1.195,36.567,5.886
87,288,8056,joint,131071,11111111111111111,Coop_S0T5_S0T8_S0T12_S0T15_S3T5_S3T8_S3T12_S3T15_S7T5_S7T8_S7T12_S7T15_S10T5_S10T8_S10T12_S10T15,0,0,0,3.1010000000000004,3.1010000000000004,0.292,0.0,-0.7909999999999999,0.364,0.013999999999999999,-2.8,-0.14800000000000002,4.428999999999999,-0.754,-2.191,0.096,3.363,5.461,-1.871,-3.049,4.44,2.398,2.056,-1.615,SSE,3.727,0.17600000000000002,78.666
88,289,8057,joint,131071,11111111111111111,Coop_S0T5_S0T8_S0T12_S0T15_S3T5_S3T8_S3T12_S3T15_S7T5_S7T8_S7T12_S7T15_S10T5_S10T8_S10T12_S10T15,0,0,0,8.517999999999999,8.517999999999999,1.655,0.0,4.936,3.258,1.5490000000000002,-0.363,-2.182,5.897,3.06,-2.003,-5.704,7.306,2.862,-10.485,-4.034,9.291,2.47,-1.7990000000000002,-4.063,SSE,1.6680000000000001,25.9,27.219
89,290,8058,joint,131071,11111111111111111,Coop_S0T5_S0T8_S0T12_S0T15_S3T5_S3T8_S3T12_S3T15_S7T5_S7T8_S7T12_S7T15_S10T5_S10T8_S10T12_S10T15,0,0,0,1.4669999999999999,1.4669999999999999,0.556,0.0,1.2919999999999998,-2.6719999999999997,-3.873,-2.5789999999999997,-4.495,4.6160000000000005,0.22899999999999998,-4.928999999999999,-3.261,2.122,-0.40299999999999997,-4.206,-5.154,2.526,-4.763999999999999,-5.5760000000000005,-2.36,SSE,6.978,-19.899,118.81700000000001
90,291,8059,joint,131071,11111111111111111,Coop_S0T5_S0T8_S0T12_S0T15_S3T5_S3T8_S3T12_S3T15_S7T5_S7T8_S7T12_S7T15_S10T5_S10T8_S10T12_S10T15,0,0,0,2.488,2.488,0.602,0.0,1.364,3.194,1.183,-1.212,-2.784,3.111,0.742,-2.502,-4.08,3.674,4.409,-0.138,1.6469999999999998,2.421,3.6180000000000003,-2.3930000000000002,-0.43799999999999994,SSE,4.315,-4.52,88.059
91,292,8060,joint,131071,11111111111111111,Coop_S0T5_S0T8_S0T12_S0T15_S3T5_S3T8_S3T12_S3T15_S7T5_S7T8_S7T12_S7T15_S10T5_S10T8_S10T12_S10T15,0,0,0,2.5780000000000003,2.5780000000000003,0.34600000000000003,0.0,0.632,-2.211,0.8740000000000001,0.092,2.755,-1.713,3.0210000000000004,-3.38,1.9140000000000001,-2.972,2.526,1.271,-0.608,-1.8459999999999999,3.0660000000000003,-1.6059999999999999,-1.819,SSE,4.021,-2.255,83.53
92,293,8061,joint,131071,11111111111111111,Coop_S0T5_S0T8_S0T12_S0T15_S3T5_S3T8_S3T12_S3T15_S7T5_S7T8_S7T12_S7T15_S10T5_S10T8_S10T12_S10T15,0,0,0,1.327,1.327,0.754,0.0,2.039,3.984,4.5089999999999995,-5.067,-2.659,1.2209999999999999,1.716,-4.529,-2.346,2.2030000000000003,2.09,1.3780000000000001,-0.9540000000000001,4.669,1.834,-0.888,-0.632,SSE,1.392,31.695999999999998,15.626
93,294,8062,joint,131071,11111111111111111,Coop_S0T5_S0T8_S0T12_S0T15_S3T5_S3T8_S3T12_S3T15_S7T5_S7T8_S7T12_S7T15_S10T5_S10T8_S10T12_S10T15,0,0,0,6.124,6.124,0.33,0.0,9.111,5.88,11.728,-5.0089999999999995,-5.32,3.5069999999999997,4.651,-7.316,-5.106,6.876,16.659000000000002,-7.117999999999999,-7.308,8.994,10.739,-7.4479999999999995,-10.318,SSE,1.4269999999999998,30.9,17.22
94,295,8063,joint,131071,11111111111111111,Coop_S0T5_S0T8_S0T12_S0T15_S3T5_S3T8_S3T12_S3T15_S7T5_S7T8_S7T12_S7T15_S10T5_S10T8_S10T12_S10T15,0,0,0,0.9570000000000001,0.9570000000000001,0.691,0.0,3.825,-4.525,-4.704,-4.87,-5.954,0.982,-3.158,-4.7330000000000005,-4.695,-0.133,0.109,-1.869,-3.682,2.039,3.991,-2.73,1.786,SSE,1.94,21.074,36.871
95,296,8065,joint,131071,11111111111111111,Coop_S0T5_S0T8_S0T12_S0T15_S3T5_S3T8_S3T12_S3T15_S7T5_S7T8_S7T12_S7T15_S10T5_S10T8_S10T12_S10T15,0,0,0,5.962000000000001,5.962000000000001,3.572,0.0,7.5889999999999995,-7.3420000000000005,-3.2310000000000003,-10.852,-10.074,2.8289999999999997,-6.016,-2.97,-4.984,3.63,8.773,-1.171,-7.602,2.925,4.065,3.1860000000000004,1.591,SSE,2.331,15.185,48.648
96,297,8066,joint,131071,11111111111111111,Coop_S0T5_S0T8_S0T12_S0T15_S3T5_S3T8_S3T12_S3T15_S7T5_S7T8_S7T12_S7T15_S10T5_S10T8_S10T12_S10T15,0,0,0,8.228,8.228,2.83,0.0,3.951,4.428999999999999,8.195,1.328,-2.0909999999999997,3.719,14.593,-4.675,-0.847,4.809,11.059000000000001,0.81,9.195,12.870999999999999,6.721,-5.06,-5.056,SSE,2.762,9.746,59.526
97,298,8067,joint,131071,11111111111111111,Coop_S0T5_S0T8_S0T12_S0T15_S3T5_S3T8_S3T12_S3T15_S7T5_S7T8_S7T12_S7T15_S10T5_S10T8_S10T12_S10T15,0,0,0,0.7140000000000001,0.7140000000000001,0.08800000000000001,0.0,-0.18600000000000003,2.209,4.213,-7.782,-2.9560000000000004,0.379,2.5639999999999996,-5.996,3.0469999999999997,7.372999999999999,2.736,1.841,-8.521,1.5819999999999999,9.894,-4.266,-8.544,SSE,1.1340000000000001,38.247,2.525
98,299,8068,joint,131071,11111111111111111,Coop_S0T5_S0T8_S0T12_S0T15_S3T5_S3T8_S3T12_S3T15_S7T5_S7T8_S7T12_S7T15_S10T5_S10T8_S10T12_S10T15,0,0,0,2.423,2.423,0.37200000000000005,0.0,5.481,-2.467,-4.8580000000000005,-8.186,-6.019,-7.091,-2.292,-6.867999999999999,-6.691,3.031,3.5780000000000003,-4.359,-3.404,5.476,7.745,-1.0390000000000001,-4.482,SSE,3.799,-0.441,79.902
99,300,8069,joint,131071,11111111111111111,Coop_S0T5_S0T8_S0T12_S0T15_S3T5_S3T8_S3T12_S3T15_S7T5_S7T8_S7T12_S7T15_S10T5_S10T8_S10T12_S10T15,0,0,0,5.455,5.455,3.4819999999999998,0.0,17.123,-16.159000000000002,9.193999999999999,10.04,-2.392,-1.244,-3.3510000000000004,-4.551,-11.704,19.915,5.577999999999999,-8.827,-16.684,4.971,11.296,2.5669999999999997,0.09300000000000001,SSE,3.748,-0.193,79.405
100,301,8070,joint,131071,11111111111111111,Coop_S0T5_S0T8_S0T12_S0T15_S3T5_S3T8_S3T12_S3T15_S7T5_S7T8_S7T12_S7T15_S10T5_S10T8_S10T12_S10T15,0,0,0,3.053,3.053,0.146,0.0,6.321000000000001,8.187000000000001,1.02,-3.378,-8.81,5.706,5.489,-7.25,-6.534,11.043,1.9669999999999999,-5.331,-8.342,8.065,-0.76,-4.8839999999999995,-9.107999999999999,SSE,0.703,53.525,-28.031999999999996
101,302,8071,joint,131071,11111111111111111,Coop_S0T5_S0T8_S0T12_S0T15_S3T5_S3T8_S3T12_S3T15_S7T5_S7T8_S7T12_S7T15_S10T5_S10T8_S10T12_S10T15,0,0,0,0.855,0.855,0.43700000000000006,0.0,1.788,1.857,-1.9069999999999998,-0.619,-1.172,-2.186,1.896,-0.27,-0.488,-2.124,0.466,-1.892,-0.154,0.8009999999999999,0.581,-0.8959999999999999,1.754,SSE,2.806,9.258,60.503
102,303,8072,joint,131071,11111111111111111,Coop_S0T5_S0T8_S0T12_S0T15_S3T5_S3T8_S3T12_S3T15_S7T5_S7T8_S7T12_S7T15_S10T5_S10T8_S10T12_S10T15,0,0,0,0.01,0.01,0.248,0.0,2.246,-9.655,-6.664,-13.272,-11.093,-6.944,-5.6579999999999995,-18.942,-14.064,14.372,11.079,-0.195,-2.053,19.498,16.748,2.169,-0.826,SSE,2.622,11.418,56.181999999999995
103,304,8073,joint,131071,11111111111111111,Coop_S0T5_S0T8_S0T12_S0T15_S3T5_S3T8_S3T12_S3T15_S7T5_S7T8_S7T12_S7T15_S10T5_S10T8_S10T12_S10T15,0,0,0,7.93,7.93,2.863,0.0,4.301,4.565,-0.899,-5.587999999999999,-4.867,1.797,-2.043,-5.483,-4.252,8.564,3.825,-5.159,-4.77,-2.36,-3.065,-3.778,-5.5489999999999995,SSE,2.059,19.157,40.704
104,305,8074,joint,131071,11111111111111111,Coop_S0T5_S0T8_S0T12_S0T15_S3T5_S3T8_S3T12_S3T15_S7T5_S7T8_S7T12_S7T15_S10T5_S10T8_S10T12_S10T15,0,0,0,2.205,2.205,0.27,0.0,3.093,3.158,-2.843,-0.731,-7.45,1.786,1.207,-5.585,-3.0010000000000003,10.413,6.176,-1.374,-3.873,15.564,3.238,-1.288,-2.126,SSE,4.329,-4.625,88.26799999999999
105,306,8075,joint,131071,11111111111111111,Coop_S0T5_S0T8_S0T12_S0T15_S3T5_S3T8_S3T12_S3T15_S7T5_S7T8_S7T12_S7T15_S10T5_S10T8_S10T12_S10T15,0,0,0,1.993,1.993,0.518,0.0,3.569,3.676,-0.012,-3.112,-2.522,0.309,-0.263,-2.801,-3.3110000000000004,0.565,-0.544,-3.13,-3.5869999999999997,3.1180000000000003,0.569,-3.787,-3.432,SSE,1.416,31.136,16.746
106,307,8076,joint,131071,11111111111111111,Coop_S0T5_S0T8_S0T12_S0T15_S3T5_S3T8_S3T12_S3T15_S7T5_S7T8_S7T12_S7T15_S10T5_S10T8_S10T12_S10T15,0,0,0,1.496,1.496,1.713,0.0,1.466,0.23399999999999999,0.763,-0.847,-2.3680000000000003,-0.02,0.6809999999999999,-1.6580000000000001,-2.395,0.955,7.202000000000001,-0.603,-3.9789999999999996,3.6630000000000003,0.39299999999999996,-1.901,-3.495,SSE,1.751,24.35,30.32
107,308,8077,joint,131071,11111111111111111,Coop_S0T5_S0T8_S0T12_S0T15_S3T5_S3T8_S3T12_S3T15_S7T5_S7T8_S7T12_S7T15_S10T5_S10T8_S10T12_S10T15,0,0,0,3.03,3.03,0.9359999999999999,0.0,2.0069999999999997,3.535,2.425,-1.72,-1.315,3.3360000000000003,0.7290000000000001,-3.036,-2.8480000000000003,1.569,1.449,-0.655,-2.19,2.34,1.139,-1.435,-2.032,SSE,2.623,11.395999999999999,56.226000000000006
108,309,8078,joint,131071,11111111111111111,Coop_S0T5_S0T8_S0T12_S0T15_S3T5_S3T8_S3T12_S3T15_S7T5_S7T8_S7T12_S7T15_S10T5_S10T8_S10T12_S10T15,0,0,0,8.214,8.214,2.0140000000000002,0.0,9.93,11.935,7.2589999999999995,-10.183,6.841,1.694,1.531,-6.962999999999999,-3.75,17.547,0.828,-2.049,-17.797,3.926,2.156,-19.996,-17.156,SSE,4.251,-4.038,87.094
109,310,8079,joint,131071,11111111111111111,Coop_S0T5_S0T8_S0T12_S0T15_S3T5_S3T8_S3T12_S3T15_S7T5_S7T8_S7T12_S7T15_S10T5_S10T8_S10T12_S10T15,0,0,0,0.48200000000000004,0.48200000000000004,1.1059999999999999,0.0,2.195,0.23600000000000002,-1.183,-2.313,-1.79,0.51,-0.649,-2.516,-3.089,0.81,-0.17,-2.194,-2.387,2.218,7.811,-1.264,-2.443,SSE,1.111,38.898,1.2229999999999999
110,311,8080,joint,131071,11111111111111111,Coop_S0T5_S0T8_S0T12_S0T15_S3T5_S3T8_S3T12_S3T15_S7T5_S7T8_S7T12_S7T15_S10T5_S10T8_S10T12_S10T15,0,0,0,8.253,8.253,3.679,0.0,6.617999999999999,2.878,12.408,-14.435,-6.247000000000001,6.521,0.701,-3.7319999999999998,-5.881,10.247,10.767000000000001,-7.175,-10.734000000000002,9.722000000000001,10.37,-8.264,-5.926,SSE,2.475,13.26,52.498000000000005
111,312,8081,joint,131071,11111111111111111,Coop_S0T5_S0T8_S0T12_S0T15_S3T5_S3T8_S3T12_S3T15_S7T5_S7T8_S7T12_S7T15_S10T5_S10T8_S10T12_S10T15,0,0,0,1.719,1.719,0.508,0.0,1.641,1.3030000000000002,2.495,-2.21,-0.731,2.9189999999999996,2.7239999999999998,1.074,0.298,1.4269999999999998,1.8430000000000002,-0.8859999999999999,-2.755,1.44,2.3409999999999997,-6.773,-2.56,SSE,1.43,30.816999999999997,17.385
112,313,8083,joint,131071,11111111111111111,Coop_S0T5_S0T8_S0T12_S0T15_S3T5_S3T8_S3T12_S3T15_S7T5_S7T8_S7T12_S7T15_S10T5_S10T8_S10T12_S10T15,0,0,0,3.638,3.638,0.423,0.0,4.374,8.658,2.8289999999999997,-5.755,-5.3839999999999995,7.21,2.125,-2.209,-6.551,12.435,2.394,-6.62,-6.067,5.999,15.679,-5.9079999999999995,-8.99,SSE,1.35,32.656,13.707
113,314,8084,joint,131071,11111111111111111,Coop_S0T5_S0T8_S0T12_S0T15_S3T5_S3T8_S3T12_S3T15_S7T5_S7T8_S7T12_S7T15_S10T5_S10T8_S10T12_S10T15,0,0,0,7.1,7.1,4.485,0.0,13.415,1.5190000000000001,2.5540000000000003,-16.278,-9.432,4.001,0.879,-9.26,-6.874,12.792,-4.551,-8.74,-13.167,11.661,5.375,-6.322,-14.929,SSE,1.699,25.303,28.414
114,315,8085,joint,131071,11111111111111111,Coop_S0T5_S0T8_S0T12_S0T15_S3T5_S3T8_S3T12_S3T15_S7T5_S7T8_S7T12_S7T15_S10T5_S10T8_S10T12_S10T15,0,0,0,2.645,2.645,0.331,0.0,3.742,5.644,4.471,-2.8689999999999998,-5.522,3.889,2.477,-4.245,-4.771,-0.21600000000000003,1.459,-4.216,-6.421,5.856,0.191,-2.019,-4.538,SSE,1.251,35.103,8.814
115,316,8086,joint,131071,11111111111111111,Coop_S0T5_S0T8_S0T12_S0T15_S3T5_S3T8_S3T12_S3T15_S7T5_S7T8_S7T12_S7T15_S10T5_S10T8_S10T12_S10T15,0,0,0,1.2930000000000001,1.2930000000000001,0.893,0.0,3.23,1.663,-0.958,-3.127,-2.2840000000000003,-0.8029999999999999,0.8190000000000001,-2.359,-2.525,-0.353,2.131,-3.177,-1.64,1.2209999999999999,0.643,-3.05,-3.492,SSE,2.4819999999999998,13.181,52.657
116,317,8087,joint,131071,11111111111111111,Coop_S0T5_S0T8_S0T12_S0T15_S3T5_S3T8_S3T12_S3T15_S7T5_S7T8_S7T12_S7T15_S10T5_S10T8_S10T12_S10T15,0,0,0,6.151,6.151,4.207,0.0,11.498,4.356,-5.261,-3.344,-5.3,-11.248,13.057,-5.621,-11.220999999999998,-0.488,11.224,-1.993,-7.962999999999999,14.549000000000001,6.093999999999999,-2.804,-4.012,SSE,3.735,0.10300000000000001,78.812
117,318,8088,joint,131071,11111111111111111,Coop_S0T5_S0T8_S0T12_S0T15_S3T5_S3T8_S3T12_S3T15_S7T5_S7T8_S7T12_S7T15_S10T5_S10T8_S10T12_S10T15,0,0,0,7.829,7.829,1.879,0.0,-4.316,16.669,15.508,-3.407,-19.44,5.228,8.113,3.537,2.074,7.6,16.574,-19.923,2.7439999999999998,10.943,18.005,-5.296,1.194,SSE,5.693,-13.470999999999998,105.961
118,319,8089,joint,131071,11111111111111111,Coop_S0T5_S0T8_S0T12_S0T15_S3T5_S3T8_S3T12_S3T15_S7T5_S7T8_S7T12_S7T15_S10T5_S10T8_S10T12_S10T15,0,0,0,5.182,5.182,4.8839999999999995,0.0,3.609,5.5,1.157,-1.905,-3.234,19.63,15.7,-3.537,-3.188,10.647,14.987,-3.763,-3.278,0.491,10.234,-3.733,-3.827,SSE,1.931,21.213,36.593
119,320,8090,joint,131071,11111111111111111,Coop_S0T5_S0T8_S0T12_S0T15_S3T5_S3T8_S3T12_S3T15_S7T5_S7T8_S7T12_S7T15_S10T5_S10T8_S10T12_S10T15,0,0,0,2.4730000000000003,2.4730000000000003,0.306,0.0,4.425,7.7860000000000005,-0.466,-3.214,-4.2780000000000005,-0.036000000000000004,3.415,-4.737,-6.007000000000001,2.44,-0.75,-6.542000000000001,-5.053,0.9440000000000001,1.646,-4.38,-6.206,SSE,2.765,9.727,59.565
120,321,8091,joint,131071,11111111111111111,Coop_S0T5_S0T8_S0T12_S0T15_S3T5_S3T8_S3T12_S3T15_S7T5_S7T8_S7T12_S7T15_S10T5_S10T8_S10T12_S10T15,0,0,0,2.088,2.088,4.105,0.0,1.5130000000000001,6.8260000000000005,9.587,-7.903,-8.17,3.5989999999999998,9.448,-3.635,-4.611000000000001,13.591,3.162,-3.7239999999999998,-7.622000000000001,11.177,9.676,-3.451,-3.514,SSE,2.0,20.087,38.844
121,322,8092,joint,131071,11111111111111111,Coop_S0T5_S0T8_S0T12_S0T15_S3T5_S3T8_S3T12_S3T15_S7T5_S7T8_S7T12_S7T15_S10T5_S10T8_S10T12_S10T15,0,0,0,9.291,9.291,3.677,0.0,8.736,-1.287,16.87,-14.325,-10.751,-2.012,-0.599,-3.326,-9.324,1.5319999999999998,0.42,-8.33,-10.585,19.345,4.032,-3.115,-8.702,SSE,1.339,32.938,13.142999999999999
122,323,8093,joint,131071,11111111111111111,Coop_S0T5_S0T8_S0T12_S0T15_S3T5_S3T8_S3T12_S3T15_S7T5_S7T8_S7T12_S7T15_S10T5_S10T8_S10T12_S10T15,0,0,0,8.482999999999999,8.482999999999999,2.079,0.0,12.478,-2.6710000000000003,-11.755999999999998,-12.35,-5.744,4.921,-1.722,-5.532,-16.81,10.767999999999999,0.34,3.008,-15.415999999999999,11.763,3.945,-6.165,7.465,SSE,1.158,37.538000000000004,3.9419999999999997
123,324,8094,joint,131071,11111111111111111,Coop_S0T5_S0T8_S0T12_S0T15_S3T5_S3T8_S3T12_S3T15_S7T5_S7T8_S7T12_S7T15_S10T5_S10T8_S10T12_S10T15,0,0,0,8.946,8.946,3.1639999999999997,0.0,2.384,5.955,-1.443,-7.787999999999999,-2.943,0.638,6.8260000000000005,-3.782,-3.327,7.779,-0.166,-2.818,-8.654,9.102,10.616,-2.245,-8.66,SSE,0.281,82.859,-86.698
124,325,8095,joint,131071,11111111111111111,Coop_S0T5_S0T8_S0T12_S0T15_S3T5_S3T8_S3T12_S3T15_S7T5_S7T8_S7T12_S7T15_S10T5_S10T8_S10T12_S10T15,0,0,0,0.253,0.253,0.182,0.0,-1.43,-9.111,-9.96,-3.6010000000000004,0.945,1.889,0.5770000000000001,-4.395,-6.811,11.302,4.789,6.024,5.511,1.111,1.005,0.7190000000000001,-2.748,SSE,5.422999999999999,-11.833,102.686
125,326,8096,joint,131071,11111111111111111,Coop_S0T5_S0T8_S0T12_S0T15_S3T5_S3T8_S3T12_S3T15_S7T5_S7T8_S7T12_S7T15_S10T5_S10T8_S10T12_S10T15,0,0,0,2.057,2.057,0.251,0.0,-4.106,5.37,3.448,-5.103,-4.8,6.6610000000000005,-2.312,0.337,-7.761,11.847000000000001,2.463,-5.685,-2.055,5.43,7.1579999999999995,-0.43200000000000005,-10.275,SSE,3.009,7.021,64.976
126,327,8098,joint,131071,11111111111111111,Coop_S0T5_S0T8_S0T12_S0T15_S3T5_S3T8_S3T12_S3T15_S7T5_S7T8_S7T12_S7T15_S10T5_S10T8_S10T12_S10T15,0,0,0,5.704,5.704,3.1060000000000003,0.0,3.682,9.187000000000001,7.482,-2.653,-0.518,5.065,8.014,0.593,-4.202,6.124,4.133,-3.8789999999999996,-4.18,12.802,5.622999999999999,3.304,-5.585,SSE,0.8809999999999999,46.33,-13.642000000000001
127,328,8099,joint,131071,11111111111111111,Coop_S0T5_S0T8_S0T12_S0T15_S3T5_S3T8_S3T12_S3T15_S7T5_S7T8_S7T12_S7T15_S10T5_S10T8_S10T12_S10T15,0,0,0,9.431000000000001,9.431000000000001,2.061,0.0,0.642,-3.178,2.826,0.018000000000000002,-3.4330000000000003,-0.552,-0.415,-4.178999999999999,3.1,5.247000000000001,6.909,0.16699999999999998,-4.417,6.263,0.718,-2.886,-4.582,SSE,3.2739999999999996,4.292,70.435
128,329,8100,joint,131071,11111111111111111,Coop_S0T5_S0T8_S0T12_S0T15_S3T5_S3T8_S3T12_S3T15_S7T5_S7T8_S7T12_S7T15_S10T5_S10T8_S10T12_S10T15,0,0,0,1.2830000000000001,1.2830000000000001,0.141,0.0,5.086,13.339,-5.314,1.091,-6.047000000000001,4.457,-1.75,7.78,-4.565,-5.5920000000000005,-7.479,-1.074,-1.33,-5.337000000000001,-9.5,-3.096,7.727,SSE,4.463,-5.593999999999999,90.206
129,330,8101,joint,131071,11111111111111111,Coop_S0T5_S0T8_S0T12_S0T15_S3T5_S3T8_S3T12_S3T15_S7T5_S7T8_S7T12_S7T15_S10T5_S10T8_S10T12_S10T15,0,0,0,0.741,0.741,0.359,0.0,2.177,3.384,3.602,-6.047999999999999,-5.1610000000000005,3.9610000000000003,1.6030000000000002,0.165,0.256,1.8840000000000001,3.253,-3.792,-1.58,0.861,3.783,-6.287000000000001,-7.2829999999999995,SSE,1.169,37.265,4.489
130,331,8102,joint,131071,11111111111111111,Coop_S0T5_S0T8_S0T12_S0T15_S3T5_S3T8_S3T12_S3T15_S7T5_S7T8_S7T12_S7T15_S10T5_S10T8_S10T12_S10T15,0,0,0,8.834,8.834,2.1430000000000002,0.0,6.172999999999999,7.632999999999999,2.8739999999999997,-5.591,-2.52,-5.206,7.207999999999999,0.07400000000000001,0.29100000000000004,-0.049,2.8989999999999996,-5.965,1.518,3.215,4.2669999999999995,-8.309,-9.014,SSE,1.901,21.721999999999998,35.574
131,332,8103,joint,131071,11111111111111111,Coop_S0T5_S0T8_S0T12_S0T15_S3T5_S3T8_S3T12_S3T15_S7T5_S7T8_S7T12_S7T15_S10T5_S10T8_S10T12_S10T15,0,0,0,5.2829999999999995,5.2829999999999995,4.323,0.0,15.546,12.08,7.537999999999999,-13.054,-15.148,15.963,17.652,-10.04,-18.854,10.860999999999999,-7.27,-15.607000000000001,-9.341000000000001,15.525,16.875,-8.264,-10.735,SSE,1.186,36.81,5.399
132,333,8104,joint,131071,11111111111111111,Coop_S0T5_S0T8_S0T12_S0T15_S3T5_S3T8_S3T12_S3T15_S7T5_S7T8_S7T12_S7T15_S10T5_S10T8_S10T12_S10T15,0,0,0,0.9279999999999999,0.9279999999999999,0.344,0.0,2.123,3.54,4.194,1.3630000000000002,-2.6710000000000003,3.105,4.738,1.281,0.131,1.954,1.361,3.008,-0.575,2.053,0.846,-0.466,2.4419999999999997,SSE,2.437,13.767999999999999,51.483000000000004
133,334,8105,joint,131071,11111111111111111,Coop_S0T5_S0T8_S0T12_S0T15_S3T5_S3T8_S3T12_S3T15_S7T5_S7T8_S7T12_S7T15_S10T5_S10T8_S10T12_S10T15,0,0,0,9.232999999999999,9.232999999999999,2.424,0.0,6.535,1.285,3.344,-1.6880000000000002,-7.167999999999999,0.166,-8.672,-5.0360000000000005,-2.123,-2.384,4.213,-1.143,-6.513999999999999,2.775,1.261,-8.152000000000001,-7.531000000000001,SSE,2.958,7.565,63.888999999999996
134,335,8106,joint,131071,11111111111111111,Coop_S0T5_S0T8_S0T12_S0T15_S3T5_S3T8_S3T12_S3T15_S7T5_S7T8_S7T12_S7T15_S10T5_S10T8_S10T12_S10T15,0,0,0,1.855,1.855,2.435,0.0,-1.9680000000000002,4.7,4.365,3.372,2.8339999999999996,5.742999999999999,5.042,3.1,2.91,5.079,4.717,3.412,1.449,5.45,5.685,2.84,1.496,SSE,0.878,46.31100000000001,-13.603
135,336,8107,joint,131071,11111111111111111,Coop_S0T5_S0T8_S0T12_S0T15_S3T5_S3T8_S3T12_S3T15_S7T5_S7T8_S7T12_S7T15_S10T5_S10T8_S10T12_S10T15,0,0,0,1.5290000000000001,1.5290000000000001,0.617,0.0,1.652,3.427,0.9229999999999999,-0.845,-2.9530000000000003,2.1830000000000003,1.578,-1.123,-1.946,2.15,0.42,-3.0639999999999996,-2.7710000000000004,1.351,0.848,-1.151,-3.0,SSE,2.568,12.093,54.833
136,337,8108,joint,131071,11111111111111111,Coop_S0T5_S0T8_S0T12_S0T15_S3T5_S3T8_S3T12_S3T15_S7T5_S7T8_S7T12_S7T15_S10T5_S10T8_S10T12_S10T15,0,0,0,0.742,0.742,0.725,0.0,0.122,-0.25,-0.6759999999999999,-0.813,-0.9940000000000001,-1.3359999999999999,7.034,-1.9680000000000002,-0.541,-0.042,1.4969999999999999,-1.494,-2.049,-2.066,-1.416,-5.311,0.035,SSE,7.129,-20.581999999999997,120.184
137,338,8109,joint,131071,11111111111111111,Coop_S0T5_S0T8_S0T12_S0T15_S3T5_S3T8_S3T12_S3T15_S7T5_S7T8_S7T12_S7T15_S10T5_S10T8_S10T12_S10T15,0,0,0,1.5959999999999999,1.5959999999999999,0.655,0.0,2.622,0.024,0.39799999999999996,2.7489999999999997,0.682,0.506,-2.841,-0.977,-1.8330000000000002,-1.0290000000000001,0.444,1.1159999999999999,-0.685,-0.319,1.204,-0.135,-1.003,SSE,3.2289999999999996,4.7589999999999995,69.501
138,339,8110,joint,131071,11111111111111111,Coop_S0T5_S0T8_S0T12_S0T15_S3T5_S3T8_S3T12_S3T15_S7T5_S7T8_S7T12_S7T15_S10T5_S10T8_S10T12_S10T15,0,0,0,0.11699999999999999,0.11699999999999999,0.077,0.0,13.860999999999999,4.441,4.388,4.218999999999999,3.4939999999999998,5.367000000000001,5.561,3.31,4.539,5.47,5.431,4.378,4.363,3.6,5.401,2.4730000000000003,5.4479999999999995,SSE,0.038,146.689,-214.36
139,340,8111,joint,131071,11111111111111111,Coop_S0T5_S0T8_S0T12_S0T15_S3T5_S3T8_S3T12_S3T15_S7T5_S7T8_S7T12_S7T15_S10T5_S10T8_S10T12_S10T15,0,0,0,0.18100000000000002,0.18100000000000002,0.408,0.0,-2.885,0.927,0.278,0.22899999999999998,2.42,-1.665,2.616,2.627,3.4560000000000004,4.1080000000000005,2.698,2.694,1.0,2.9019999999999997,-1.3159999999999998,-2.682,1.8559999999999999,SSE,5.739,-13.645,106.30799999999999
140,341,8112,joint,131071,11111111111111111,Coop_S0T5_S0T8_S0T12_S0T15_S3T5_S3T8_S3T12_S3T15_S7T5_S7T8_S7T12_S7T15_S10T5_S10T8_S10T12_S10T15,0,0,0,3.3739999999999997,3.3739999999999997,0.331,0.0,2.503,-1.053,-0.892,-4.687,-3.432,-3.475,3.278,-5.528,-3.695,7.013,3.673,-5.012,-3.674,11.882,6.928999999999999,-5.547000000000001,-10.372,SSE,2.224,16.694000000000003,45.631
141,342,8113,joint,131071,11111111111111111,Coop_S0T5_S0T8_S0T12_S0T15_S3T5_S3T8_S3T12_S3T15_S7T5_S7T8_S7T12_S7T15_S10T5_S10T8_S10T12_S10T15,0,0,0,4.5569999999999995,4.5569999999999995,0.419,0.0,1.785,4.6930000000000005,3.156,-1.6540000000000001,-2.923,4.637,3.659,2.647,-4.15,5.457000000000001,4.819,-0.768,-3.161,5.1080000000000005,5.638,-2.513,-4.238,SSE,1.1420000000000001,38.03,2.96
142,343,8114,joint,131071,11111111111111111,Coop_S0T5_S0T8_S0T12_S0T15_S3T5_S3T8_S3T12_S3T15_S7T5_S7T8_S7T12_S7T15_S10T5_S10T8_S10T12_S10T15,0,0,0,9.923,9.923,1.723,0.0,12.582,7.688,14.547,3.332,-13.085999999999999,10.784,12.672,7.045,-6.142,4.756,19.85,-2.593,-11.318,18.102,14.780999999999999,1.565,-18.899,SSE,2.418,14.015,50.989
143,344,9001,joint,131071,11111111111111111,Coop_S0T5_S0T8_S0T12_S0T15_S3T5_S3T8_S3T12_S3T15_S7T5_S7T8_S7T12_S7T15_S10T5_S10T8_S10T12_S10T15,0,0,0,0.726,0.726,0.23399999999999999,0.0,-0.023,7.022,7.989,-2.311,-6.787999999999999,8.401,7.028,-0.099,-7.52,8.131,7.2010000000000005,-6.643,-2.141,6.372000000000001,3.285,0.249,-8.43,SSE,1.569,27.846,23.326999999999998
144,345,9002,joint,131071,11111111111111111,Coop_S0T5_S0T8_S0T12_S0T15_S3T5_S3T8_S3T12_S3T15_S7T5_S7T8_S7T12_S7T15_S10T5_S10T8_S10T12_S10T15,0,0,0,2.271,2.271,0.866,0.0,4.18,0.10400000000000001,-0.252,-2.878,-3.12,-1.5190000000000001,1.47,-3.1060000000000003,-2.827,1.797,0.672,-2.356,-3.512,4.272,5.2410000000000005,-1.517,-3.326,SSE,1.625,26.729,25.561
145,346,9003,joint,131071,11111111111111111,Coop_S0T5_S0T8_S0T12_S0T15_S3T5_S3T8_S3T12_S3T15_S7T5_S7T8_S7T12_S7T15_S10T5_S10T8_S10T12_S10T15,0,0,0,2.053,2.053,1.125,0.0,4.864,-6.062,-6.607,-5.768,-6.47,-1.113,-3.755,-5.353,-7.143,5.399,1.778,-5.1160000000000005,-3.293,-4.19,-1.8869999999999998,0.688,2.762,SSE,0.772,50.547,-22.076
146,347,9004,joint,131071,11111111111111111,Coop_S0T5_S0T8_S0T12_S0T15_S3T5_S3T8_S3T12_S3T15_S7T5_S7T8_S7T12_S7T15_S10T5_S10T8_S10T12_S10T15,0,0,0,1.771,1.771,0.054000000000000006,0.0,-1.008,3.998,3.8339999999999996,-2.302,-8.923,8.863999999999999,15.614,-4.789,-12.15,14.512,4.5360000000000005,-7.801,-0.606,14.195,12.753,-3.218,-6.345,SSE,0.469,66.503,-53.986999999999995
147,348,9005,joint,131071,11111111111111111,Coop_S0T5_S0T8_S0T12_S0T15_S3T5_S3T8_S3T12_S3T15_S7T5_S7T8_S7T12_S7T15_S10T5_S10T8_S10T12_S10T15,0,0,0,6.024,6.024,2.698,0.0,1.881,10.948,9.32,3.338,-2.024,12.828,8.677,5.5,4.54,7.862,9.751,-1.247,-1.114,8.318,11.503,6.281000000000001,-2.932,SSE,1.3119999999999998,33.589,11.84
148,349,9006,joint,131071,11111111111111111,Coop_S0T5_S0T8_S0T12_S0T15_S3T5_S3T8_S3T12_S3T15_S7T5_S7T8_S7T12_S7T15_S10T5_S10T8_S10T12_S10T15,0,0,0,1.2690000000000001,1.2690000000000001,1.155,0.0,4.066,-1.53,7.5520000000000005,-5.021,-4.494,-1.5530000000000002,-2.8280000000000003,-2.103,-4.404,0.187,-1.6569999999999998,-4.785,-5.183,11.527999999999999,1.463,-6.216,-5.0680000000000005,SSE,2.0180000000000002,19.799,39.421
149,350,9007,joint,131071,11111111111111111,Coop_S0T5_S0T8_S0T12_S0T15_S3T5_S3T8_S3T12_S3T15_S7T5_S7T8_S7T12_S7T15_S10T5_S10T8_S10T12_S10T15,0,0,0,1.328,1.328,0.22,0.0,4.096,6.739,5.142,-1.348,-5.417999999999999,6.305,6.11,0.9259999999999999,-4.072,3.792,6.119,5.024,-10.071,1.0090000000000001,0.888,-12.122,-5.5760000000000005,SSE,2.4530000000000003,13.554,51.911
150,351,9008,joint,131071,11111111111111111,Coop_S0T5_S0T8_S0T12_S0T15_S3T5_S3T8_S3T12_S3T15_S7T5_S7T8_S7T12_S7T15_S10T5_S10T8_S10T12_S10T15,0,0,0,0.74,0.74,0.505,0.0,2.6489999999999996,-4.325,-3.7569999999999997,-4.444,-6.353,2.112,-2.458,-4.7410000000000005,-4.281000000000001,2.97,-0.136,-4.346,-3.125,2.086,2.965,0.789,-2.615,SSE,1.8330000000000002,22.872,33.275999999999996
151,352,9009,joint,131071,11111111111111111,Coop_S0T5_S0T8_S0T12_S0T15_S3T5_S3T8_S3T12_S3T15_S7T5_S7T8_S7T12_S7T15_S10T5_S10T8_S10T12_S10T15,0,0,0,6.757000000000001,6.757000000000001,3.37,0.0,5.095,1.278,-0.805,-5.442,-5.755,1.615,0.8690000000000001,-0.631,-4.745,14.577,1.4180000000000001,-4.64,-3.483,4.665,4.375,-1.101,-2.504,SSE,0.797,49.505,-19.991
152,353,9010,joint,131071,11111111111111111,Coop_S0T5_S0T8_S0T12_S0T15_S3T5_S3T8_S3T12_S3T15_S7T5_S7T8_S7T12_S7T15_S10T5_S10T8_S10T12_S10T15,0,0,0,0.654,0.654,0.961,0.0,3.423,0.047,-2.175,-3.932,-3.556,-0.259,-1.8619999999999999,-3.804,-3.515,14.870999999999999,1.534,-2.327,-3.823,11.655,8.129,-0.031,-2.342,SSE,2.6630000000000003,10.925999999999998,57.168
