,sub_ind,sub_ID,fit_to,comb_index,comb,feature_names,asymm_LR,bounded_weights,gaze,LR_up,LR_down,inv_temp,gaze_bias,feature_weight_1,feature_weight_2,feature_weight_3,feature_weight_4,feature_weight_5,feature_weight_6,feature_weight_7,feature_weight_8,feature_weight_9,feature_weight_10,feature_weight_11,feature_weight_12,feature_weight_13,feature_weight_14,feature_weight_15,feature_weight_16,cost_type,SSE,LL,BIC
0,201,6001,joint,65535,1111111111111111,S0T5_S0T8_S0T12_S0T15_S3T5_S3T8_S3T12_S3T15_S7T5_S7T8_S7T12_S7T15_S10T5_S10T8_S10T12_S10T15,0,0,0,4.928999999999999,4.928999999999999,0.133,0.0,1.1340000000000001,1.1340000000000001,-3.455,-1.1340000000000001,4.26,0.755,-4.671,-3.455,5.0889999999999995,9.333,4.26,5.0889999999999995,12.373,13.089,3.855,5.0889999999999995,SSE,4.183,-3.5260000000000002,81.911
1,202,6002,joint,65535,1111111111111111,S0T5_S0T8_S0T12_S0T15_S3T5_S3T8_S3T12_S3T15_S7T5_S7T8_S7T12_S7T15_S10T5_S10T8_S10T12_S10T15,0,0,0,5.811,5.811,1.661,0.0,6.757000000000001,-0.6609999999999999,-0.6609999999999999,-0.6609999999999999,0.0,0.0,-5.18,-4.611000000000001,7.622999999999999,0.6609999999999999,0.6609999999999999,-10.015,2.63,5.278,-0.0,-0.6609999999999999,SSE,7.502000000000001,-22.217,119.29299999999999
2,203,6003,joint,65535,1111111111111111,S0T5_S0T8_S0T12_S0T15_S3T5_S3T8_S3T12_S3T15_S7T5_S7T8_S7T12_S7T15_S10T5_S10T8_S10T12_S10T15,0,0,0,5.006,5.006,0.386,0.0,0.782,0.782,-2.039,1.601,5.033,2.842,-2.039,-0.0,7.004,1.745,-1.46,-1.745,6.064,4.011,-0.0,-2.347,SSE,6.47,-17.480999999999998,109.823
3,204,6004,joint,65535,1111111111111111,S0T5_S0T8_S0T12_S0T15_S3T5_S3T8_S3T12_S3T15_S7T5_S7T8_S7T12_S7T15_S10T5_S10T8_S10T12_S10T15,0,0,0,6.659,6.659,0.223,0.0,1.125,13.18,-4.062,-4.623,9.834,4.3389999999999995,-3.529,3.0189999999999997,8.219,12.119000000000002,-0.898,-3.792,10.492,9.834,0.0,-4.062,SSE,6.689,-18.548,111.95700000000001
4,205,6005,joint,65535,1111111111111111,S0T5_S0T8_S0T12_S0T15_S3T5_S3T8_S3T12_S3T15_S7T5_S7T8_S7T12_S7T15_S10T5_S10T8_S10T12_S10T15,0,0,0,4.227,4.227,0.32299999999999995,0.0,1.5830000000000002,-1.9180000000000001,-6.03,-5.081,0.466,0.466,-2.443,-1.5830000000000002,3.404,2.443,-0.31,-0.779,11.353,3.833,0.937,-0.779,SSE,7.441,-21.954,118.76899999999999
5,206,6006,joint,65535,1111111111111111,S0T5_S0T8_S0T12_S0T15_S3T5_S3T8_S3T12_S3T15_S7T5_S7T8_S7T12_S7T15_S10T5_S10T8_S10T12_S10T15,0,0,0,4.777,4.777,0.21899999999999997,0.0,-2.573,-2.3280000000000003,-2.3280000000000003,-5.007,0.915,2.821,2.573,0.685,5.316,0.228,2.821,0.228,7.906000000000001,5.6370000000000005,6.318,5.316,SSE,2.721,10.241,54.379
6,207,7001,joint,65535,1111111111111111,S0T5_S0T8_S0T12_S0T15_S3T5_S3T8_S3T12_S3T15_S7T5_S7T8_S7T12_S7T15_S10T5_S10T8_S10T12_S10T15,0,0,0,4.979,4.979,0.715,0.0,1.73,0.5670000000000001,-1.632,-4.539,1.445,1.73,-1.8319999999999999,-1.27,3.074,1.632,-1.632,-0.07,1.632,3.514,-1.103,-3.7880000000000003,SSE,6.872999999999999,-19.416,113.691
7,208,7002,joint,65535,1111111111111111,S0T5_S0T8_S0T12_S0T15_S3T5_S3T8_S3T12_S3T15_S7T5_S7T8_S7T12_S7T15_S10T5_S10T8_S10T12_S10T15,0,0,0,4.83,4.83,2.053,0.0,5.406000000000001,1.006,-0.0,-0.249,1.1420000000000001,3.5789999999999997,-0.535,0.47200000000000003,1.1420000000000001,1.4340000000000002,-0.535,-0.413,1.006,3.969,-0.223,-0.413,SSE,5.609,-12.914000000000001,100.68799999999999
8,209,7003,joint,65535,1111111111111111,S0T5_S0T8_S0T12_S0T15_S3T5_S3T8_S3T12_S3T15_S7T5_S7T8_S7T12_S7T15_S10T5_S10T8_S10T12_S10T15,0,0,0,4.845,4.845,0.7709999999999999,0.0,1.425,1.425,-1.425,-0.0,1.425,1.425,-1.425,-1.425,12.209000000000001,1.425,-1.425,-1.425,1.425,1.425,-0.0,-1.425,SSE,11.75,-36.575,148.01
9,210,7005,joint,65535,1111111111111111,S0T5_S0T8_S0T12_S0T15_S3T5_S3T8_S3T12_S3T15_S7T5_S7T8_S7T12_S7T15_S10T5_S10T8_S10T12_S10T15,0,0,0,4.419,4.419,0.256,0.0,4.2860000000000005,0.586,-0.7829999999999999,-2.2030000000000003,8.572000000000001,3.076,2.6319999999999997,-2.2030000000000003,1.179,6.397,-4.825,0.19699999999999998,-0.195,3.306,0.0,-1.787,SSE,5.562,-12.642000000000001,100.14299999999999
10,211,7006,joint,65535,1111111111111111,S0T5_S0T8_S0T12_S0T15_S3T5_S3T8_S3T12_S3T15_S7T5_S7T8_S7T12_S7T15_S10T5_S10T8_S10T12_S10T15,0,0,0,6.8839999999999995,6.8839999999999995,0.306,0.0,2.9619999999999997,-0.163,0.163,0.0,5.35,6.35,2.385,0.49,0.327,1.1540000000000001,6.739,0.655,3.1630000000000003,5.9910000000000005,0.163,2.385,SSE,6.914,-19.607,114.074
11,212,7007,joint,65535,1111111111111111,S0T5_S0T8_S0T12_S0T15_S3T5_S3T8_S3T12_S3T15_S7T5_S7T8_S7T12_S7T15_S10T5_S10T8_S10T12_S10T15,0,0,0,5.067,5.067,0.879,0.0,2.351,2.215,1.8659999999999999,0.0,0.897,1.176,-0.705,-0.057,1.974,1.328,-0.705,-0.643,2.09,0.8320000000000001,0.171,-0.643,SSE,4.369,-4.915,84.69
12,213,7008,joint,65535,1111111111111111,S0T5_S0T8_S0T12_S0T15_S3T5_S3T8_S3T12_S3T15_S7T5_S7T8_S7T12_S7T15_S10T5_S10T8_S10T12_S10T15,0,0,0,5.4,5.4,0.135,0.0,7.18,9.16,-2.6189999999999998,-4.996,6.276,1.113,-5.84,-4.585,12.145,9.16,3.391,-0.37,10.267999999999999,13.6,-1.113,0.37,SSE,4.396,-5.1160000000000005,85.09200000000001
13,214,7009,joint,65535,1111111111111111,S0T5_S0T8_S0T12_S0T15_S3T5_S3T8_S3T12_S3T15_S7T5_S7T8_S7T12_S7T15_S10T5_S10T8_S10T12_S10T15,0,0,0,4.6819999999999995,4.6819999999999995,0.115,0.0,3.515,12.017999999999999,-0.0,6.835,6.835,6.835,-4.894,-0.434,12.017999999999999,4.894,-7.345,0.868,-0.434,5.847,-0.868,6.336,SSE,4.308,-4.463,83.786
14,215,7010,joint,65535,1111111111111111,S0T5_S0T8_S0T12_S0T15_S3T5_S3T8_S3T12_S3T15_S7T5_S7T8_S7T12_S7T15_S10T5_S10T8_S10T12_S10T15,0,0,0,6.9079999999999995,6.9079999999999995,0.29,0.0,2.135,-6.71,-6.331,-9.338,7.5760000000000005,2.9219999999999997,-3.1289999999999996,-3.1289999999999996,2.135,7.122000000000001,-5.654,-2.719,8.663,12.632,2.719,-1.9469999999999998,SSE,4.059,-2.565,79.98899999999999
15,216,7011,joint,65535,1111111111111111,S0T5_S0T8_S0T12_S0T15_S3T5_S3T8_S3T12_S3T15_S7T5_S7T8_S7T12_S7T15_S10T5_S10T8_S10T12_S10T15,0,0,0,1.064,1.064,0.151,0.0,6.43,4.848,0.664,-3.388,17.962,7.287000000000001,0.0,-0.997,6.852,7.287000000000001,0.997,1.6669999999999998,1.331,6.43,-0.997,-0.0,SSE,9.539,-29.903000000000002,134.667
16,217,7012,joint,65535,1111111111111111,S0T5_S0T8_S0T12_S0T15_S3T5_S3T8_S3T12_S3T15_S7T5_S7T8_S7T12_S7T15_S10T5_S10T8_S10T12_S10T15,0,0,0,7.747999999999999,7.747999999999999,0.24,0.0,5.45,0.41600000000000004,2.125,-4.853,2.349,4.853,-0.20800000000000002,2.806,1.905,1.905,-1.4709999999999999,-2.349,4.571000000000001,5.146,-0.20800000000000002,0.20800000000000002,SSE,2.77,9.665,55.53
17,218,7013,joint,65535,1111111111111111,S0T5_S0T8_S0T12_S0T15_S3T5_S3T8_S3T12_S3T15_S7T5_S7T8_S7T12_S7T15_S10T5_S10T8_S10T12_S10T15,0,0,0,6.92,6.92,0.18100000000000002,0.0,11.4,16.25,-4.034,-3.722,16.222,11.398,-4.034,-3.722,10.132,10.739,-3.7230000000000003,-10.134,4.676,11.4,-3.115,-6.437,SSE,3.801,-0.462,75.785
18,219,7014,joint,65535,1111111111111111,S0T5_S0T8_S0T12_S0T15_S3T5_S3T8_S3T12_S3T15_S7T5_S7T8_S7T12_S7T15_S10T5_S10T8_S10T12_S10T15,0,0,0,2.524,2.524,0.447,0.0,2.61,2.311,-2.031,-2.458,1.895,0.0,-2.931,-0.6759999999999999,5.245,2.458,-0.562,-1.5090000000000001,2.311,6.586,-2.031,-2.311,SSE,8.846,-27.491999999999997,129.843
19,220,7015,joint,65535,1111111111111111,S0T5_S0T8_S0T12_S0T15_S3T5_S3T8_S3T12_S3T15_S7T5_S7T8_S7T12_S7T15_S10T5_S10T8_S10T12_S10T15,0,0,0,5.1339999999999995,5.1339999999999995,0.38,0.0,3.072,-0.396,-0.264,-0.0,7.754,2.231,-2.231,-2.553,7.132000000000001,-0.396,-2.231,-2.076,7.132000000000001,11.508,-2.39,-2.39,SSE,7.652,-22.85,120.56
20,221,7016,joint,65535,1111111111111111,S0T5_S0T8_S0T12_S0T15_S3T5_S3T8_S3T12_S3T15_S7T5_S7T8_S7T12_S7T15_S10T5_S10T8_S10T12_S10T15,0,0,0,5.254,5.254,0.239,0.0,12.339,4.888,0.21,-10.527999999999999,11.347999999999999,10.527999999999999,-2.826,-1.2670000000000001,9.208,9.825,-4.329,-3.304,4.062,10.527999999999999,-0.841,-9.208,SSE,4.761,-7.664,90.18799999999999
21,222,7017,joint,65535,1111111111111111,S0T5_S0T8_S0T12_S0T15_S3T5_S3T8_S3T12_S3T15_S7T5_S7T8_S7T12_S7T15_S10T5_S10T8_S10T12_S10T15,0,0,0,4.914,4.914,0.172,0.0,5.289,4.595,0.583,-2.363,4.2589999999999995,5.649,4.2589999999999995,-2.977,4.937,9.555,-0.8759999999999999,-2.061,7.632999999999999,12.036,-1.761,1.464,SSE,4.41,-5.216,85.291
22,223,7018,joint,65535,1111111111111111,S0T5_S0T8_S0T12_S0T15_S3T5_S3T8_S3T12_S3T15_S7T5_S7T8_S7T12_S7T15_S10T5_S10T8_S10T12_S10T15,0,0,0,6.439,6.439,0.5529999999999999,0.0,-1.319,1.534,-3.9619999999999997,-1.319,1.861,-0.092,-1.754,-3.32,6.607,4.541,3.318,-2.9589999999999996,11.308,15.511,1.021,-0.18,SSE,4.431,-5.37,85.59899999999999
23,224,7019,joint,65535,1111111111111111,S0T5_S0T8_S0T12_S0T15_S3T5_S3T8_S3T12_S3T15_S7T5_S7T8_S7T12_S7T15_S10T5_S10T8_S10T12_S10T15,0,0,0,4.527,4.527,0.25,0.0,12.965,2.92,-0.4,2.92,6.195,4.941,-2.255,1.208,3.15,7.774,-1.208,-1.208,6.551,7.774,-2.041,-4.941,SSE,4.783,-7.811,90.48100000000001
24,225,7021,joint,65535,1111111111111111,S0T5_S0T8_S0T12_S0T15_S3T5_S3T8_S3T12_S3T15_S7T5_S7T8_S7T12_S7T15_S10T5_S10T8_S10T12_S10T15,0,0,0,7.36,7.36,1.0590000000000002,0.0,1.037,0.48200000000000004,-0.69,-1.037,1.95,1.385,-0.585,-0.142,1.037,2.075,-0.69,-0.237,1.037,0.975,0.5329999999999999,-0.637,SSE,6.171,-15.965,106.791
25,226,7022,joint,65535,1111111111111111,S0T5_S0T8_S0T12_S0T15_S3T5_S3T8_S3T12_S3T15_S7T5_S7T8_S7T12_S7T15_S10T5_S10T8_S10T12_S10T15,0,0,0,5.337999999999999,5.337999999999999,2.239,0.0,0.552,0.379,-0.0,-0.067,0.619,0.491,-0.022000000000000002,-0.09,0.585,0.491,0.09,-0.067,0.521,0.693,0.135,-0.158,SSE,4.579,-6.417000000000001,87.695
26,227,7023,joint,65535,1111111111111111,S0T5_S0T8_S0T12_S0T15_S3T5_S3T8_S3T12_S3T15_S7T5_S7T8_S7T12_S7T15_S10T5_S10T8_S10T12_S10T15,0,0,0,6.561,6.561,0.21100000000000002,0.0,2.68,0.001,0.237,0.47600000000000003,-5.218,5.874,-4.024,0.47600000000000003,3.2030000000000003,-0.7090000000000001,-2.174,-2.6839999999999997,3.7460000000000004,2.427,-2.682,4.025,SSE,4.505,-5.898,86.655
27,228,7024,joint,65535,1111111111111111,S0T5_S0T8_S0T12_S0T15_S3T5_S3T8_S3T12_S3T15_S7T5_S7T8_S7T12_S7T15_S10T5_S10T8_S10T12_S10T15,0,0,0,6.23,6.23,0.7070000000000001,0.0,0.573,1.8530000000000002,-0.573,0.284,3.83,1.554,0.071,0.8759999999999999,3.83,2.597,0.213,-2.074,0.355,1.4609999999999999,-0.722,-0.8759999999999999,SSE,5.4239999999999995,-11.841,98.541
28,229,7025,joint,65535,1111111111111111,S0T5_S0T8_S0T12_S0T15_S3T5_S3T8_S3T12_S3T15_S7T5_S7T8_S7T12_S7T15_S10T5_S10T8_S10T12_S10T15,0,0,0,5.885,5.885,0.281,0.0,7.355,9.642999999999999,-3.017,-3.912,8.349,4.664,0.35600000000000004,3.2319999999999998,9.642999999999999,4.664,-1.444,-2.4019999999999997,6.928999999999999,2.01,-2.8080000000000003,-0.535,SSE,3.8110000000000004,-0.541,75.942
29,230,7026,joint,65535,1111111111111111,S0T5_S0T8_S0T12_S0T15_S3T5_S3T8_S3T12_S3T15_S7T5_S7T8_S7T12_S7T15_S10T5_S10T8_S10T12_S10T15,0,0,0,7.382000000000001,7.382000000000001,0.816,0.0,0.0,1.3459999999999999,0.001,1.3459999999999999,1.3459999999999999,0.0,1.3459999999999999,1.3459999999999999,1.3459999999999999,0.0,0.0,17.098,0.0,-0.0,-1.3459999999999999,-0.0,SSE,13.25,-40.42,155.69899999999998
30,231,7027,joint,65535,1111111111111111,S0T5_S0T8_S0T12_S0T15_S3T5_S3T8_S3T12_S3T15_S7T5_S7T8_S7T12_S7T15_S10T5_S10T8_S10T12_S10T15,0,0,0,4.691,4.691,0.48100000000000004,0.0,-0.10400000000000001,-1.7590000000000001,-1.7590000000000001,-1.517,-0.313,0.207,-1.636,-1.518,3.6,3.8110000000000004,-0.20800000000000002,0.10400000000000001,3.602,4.868,0.20800000000000002,1.516,SSE,4.976,-9.081,93.023
31,232,7028,joint,65535,1111111111111111,S0T5_S0T8_S0T12_S0T15_S3T5_S3T8_S3T12_S3T15_S7T5_S7T8_S7T12_S7T15_S10T5_S10T8_S10T12_S10T15,0,0,0,4.3469999999999995,4.3469999999999995,0.981,0.0,1.119,0.256,-0.925,-1.052,0.988,1.052,-1.052,-0.863,0.631,0.413,0.102,-1.052,3.7319999999999998,3.7310000000000003,-0.0,-12.1,SSE,9.181000000000001,-28.680999999999997,132.222
32,233,7029,joint,65535,1111111111111111,S0T5_S0T8_S0T12_S0T15_S3T5_S3T8_S3T12_S3T15_S7T5_S7T8_S7T12_S7T15_S10T5_S10T8_S10T12_S10T15,0,0,0,2.8110000000000004,2.8110000000000004,0.179,0.0,13.075,4.399,-3.762,-4.398,11.519,12.254000000000001,-4.073,0.5579999999999999,14.011,9.675,9.145,-0.27899999999999997,3.4530000000000003,4.398,-5.062,-3.148,SSE,4.986000000000001,-9.146,93.15100000000001
33,234,7030,joint,65535,1111111111111111,S0T5_S0T8_S0T12_S0T15_S3T5_S3T8_S3T12_S3T15_S7T5_S7T8_S7T12_S7T15_S10T5_S10T8_S10T12_S10T15,0,0,0,3.6489999999999996,3.6489999999999996,0.223,0.0,11.242,4.622,4.338,-0.22399999999999998,13.175999999999998,8.707,-2.049,-2.526,5.218999999999999,2.77,2.286,-3.2710000000000004,7.7620000000000005,5.218999999999999,-0.22399999999999998,-2.526,SSE,6.107,-15.636,106.133
34,235,7031,joint,65535,1111111111111111,S0T5_S0T8_S0T12_S0T15_S3T5_S3T8_S3T12_S3T15_S7T5_S7T8_S7T12_S7T15_S10T5_S10T8_S10T12_S10T15,0,0,0,6.648,6.648,0.524,0.0,3.5069999999999997,0.095,-0.191,-1.973,6.194,0.191,-0.287,-0.38299999999999995,4.197,2.801,-1.618,-0.675,1.506,6.194,-0.38299999999999995,-2.362,SSE,7.934,-24.01,122.88
35,236,8001,joint,65535,1111111111111111,S0T5_S0T8_S0T12_S0T15_S3T5_S3T8_S3T12_S3T15_S7T5_S7T8_S7T12_S7T15_S10T5_S10T8_S10T12_S10T15,0,0,0,4.687,4.687,1.92,0.0,0.0,-0.5720000000000001,-0.0,-0.294,0.0,0.473,0.078,-0.026000000000000002,0.381,0.381,-0.381,0.078,-0.322,0.026000000000000002,0.41100000000000003,-0.0,SSE,6.861000000000001,-19.357,113.575
36,237,8002,joint,65535,1111111111111111,S0T5_S0T8_S0T12_S0T15_S3T5_S3T8_S3T12_S3T15_S7T5_S7T8_S7T12_S7T15_S10T5_S10T8_S10T12_S10T15,0,0,0,4.468999999999999,4.468999999999999,0.14800000000000002,0.0,5.321000000000001,9.897,0.675,-3.448,11.067,5.321000000000001,1.354,1.014,1.696,6.125,1.696,-7.415,5.718,4.933,1.014,1.354,SSE,4.364,-4.883,84.626
37,238,8003,joint,65535,1111111111111111,S0T5_S0T8_S0T12_S0T15_S3T5_S3T8_S3T12_S3T15_S7T5_S7T8_S7T12_S7T15_S10T5_S10T8_S10T12_S10T15,0,0,0,5.542000000000001,5.542000000000001,0.218,0.0,4.173,0.23,-0.9229999999999999,-7.975,4.457,1.626,-1.626,-3.1010000000000004,4.173,4.457,-0.23,-0.23,4.173,8.442,0.691,6.742000000000001,SSE,6.377000000000001,-17.021,108.90100000000001
38,239,8004,joint,65535,1111111111111111,S0T5_S0T8_S0T12_S0T15_S3T5_S3T8_S3T12_S3T15_S7T5_S7T8_S7T12_S7T15_S10T5_S10T8_S10T12_S10T15,0,0,0,5.477,5.477,0.136,0.0,6.686,4.159,-4.968999999999999,-5.385,4.561,6.242000000000001,-0.0,-5.809,2.227,5.809,-0.368,-5.809,12.081,10.802999999999999,-5.385,-3.763,SSE,6.797000000000001,-19.059,112.977
39,240,8005,joint,65535,1111111111111111,S0T5_S0T8_S0T12_S0T15_S3T5_S3T8_S3T12_S3T15_S7T5_S7T8_S7T12_S7T15_S10T5_S10T8_S10T12_S10T15,0,0,0,7.665,7.665,0.966,0.0,3.7939999999999996,1.208,-0.8170000000000001,-1.07,7.834,1.357,-0.156,-1.138,2.602,1.281,-0.8170000000000001,-0.8170000000000001,1.138,1.004,-1.004,-1.138,SSE,7.006,-20.027,114.913
40,241,8006,joint,65535,1111111111111111,S0T5_S0T8_S0T12_S0T15_S3T5_S3T8_S3T12_S3T15_S7T5_S7T8_S7T12_S7T15_S10T5_S10T8_S10T12_S10T15,0,0,0,4.918,4.918,0.627,0.0,1.6480000000000001,-1.077,0.08,-1.449,1.4480000000000002,0.16,0.08,-1.4480000000000002,3.2960000000000003,1.6480000000000001,0.401,-1.7530000000000001,3.2960000000000003,1.3519999999999999,-0.9890000000000001,-1.166,SSE,7.656000000000001,-22.866,120.59200000000001
41,242,8007,joint,65535,1111111111111111,S0T5_S0T8_S0T12_S0T15_S3T5_S3T8_S3T12_S3T15_S7T5_S7T8_S7T12_S7T15_S10T5_S10T8_S10T12_S10T15,0,0,0,6.6370000000000005,6.6370000000000005,0.505,0.0,-2.177,-0.099,1.798,1.921,2.177,-1.921,2.311,-2.177,2.0469999999999997,8.658,1.921,-8.658999999999999,1.798,2.177,-0.298,1.798,SSE,10.113999999999999,-31.778000000000002,138.417
42,243,8009,joint,65535,1111111111111111,S0T5_S0T8_S0T12_S0T15_S3T5_S3T8_S3T12_S3T15_S7T5_S7T8_S7T12_S7T15_S10T5_S10T8_S10T12_S10T15,0,0,0,4.527,4.527,0.213,0.0,-0.943,0.943,-10.327,-3.9819999999999998,4.266,-0.235,-3.435,-13.839,13.839,12.728,0.0,-0.0,17.219,4.855,4.556,4.266,SSE,6.672000000000001,-18.465,111.789
43,244,8010,joint,65535,1111111111111111,S0T5_S0T8_S0T12_S0T15_S3T5_S3T8_S3T12_S3T15_S7T5_S7T8_S7T12_S7T15_S10T5_S10T8_S10T12_S10T15,0,0,0,5.1160000000000005,5.1160000000000005,1.122,0.0,0.08900000000000001,-0.703,-1.735,-1.735,0.755,-0.503,-0.601,-0.703,1.735,2.09,-0.36200000000000004,-0.045,14.095,2.09,0.703,0.455,SSE,3.628,1.035,72.79
44,245,8011,joint,65535,1111111111111111,S0T5_S0T8_S0T12_S0T15_S3T5_S3T8_S3T12_S3T15_S7T5_S7T8_S7T12_S7T15_S10T5_S10T8_S10T12_S10T15,0,0,0,5.4239999999999995,5.4239999999999995,1.038,0.0,0.341,0.816,-0.934,1.058,1.124,1.058,0.995,1.262,1.413,0.995,-0.242,0.242,2.8369999999999997,14.072000000000001,-1.058,-1.058,SSE,8.898,-27.676,130.213
45,246,8012,joint,65535,1111111111111111,S0T5_S0T8_S0T12_S0T15_S3T5_S3T8_S3T12_S3T15_S7T5_S7T8_S7T12_S7T15_S10T5_S10T8_S10T12_S10T15,0,0,0,4.745,4.745,0.242,0.0,0.83,4.0089999999999995,-2.56,-11.2,13.421,3.753,-9.696,-4.824,11.2,4.0089999999999995,2.335,-1.6769999999999998,9.696,4.272,0.83,-3.023,SSE,6.664,-18.429000000000002,111.71700000000001
46,247,8013,joint,65535,1111111111111111,S0T5_S0T8_S0T12_S0T15_S3T5_S3T8_S3T12_S3T15_S7T5_S7T8_S7T12_S7T15_S10T5_S10T8_S10T12_S10T15,0,0,0,6.278,6.278,0.353,0.0,10.379000000000001,3.112,0.142,-2.926,9.193,3.304,-0.142,-0.142,3.304,9.193,-3.112,0.142,9.193,10.379000000000001,-3.112,-0.284,SSE,8.331,-25.572,126.00399999999999
47,248,8014,joint,65535,1111111111111111,S0T5_S0T8_S0T12_S0T15_S3T5_S3T8_S3T12_S3T15_S7T5_S7T8_S7T12_S7T15_S10T5_S10T8_S10T12_S10T15,0,0,0,4.138999999999999,4.138999999999999,0.17600000000000002,0.0,6.622999999999999,11.728,1.4280000000000002,-4.15,10.425999999999998,5.867000000000001,-0.568,-4.477,6.626,6.239,-0.853,-0.858,5.505,6.625,-3.8310000000000004,-4.812,SSE,8.083,-24.605,124.069
48,249,8015,joint,65535,1111111111111111,S0T5_S0T8_S0T12_S0T15_S3T5_S3T8_S3T12_S3T15_S7T5_S7T8_S7T12_S7T15_S10T5_S10T8_S10T12_S10T15,0,0,0,4.781000000000001,4.781000000000001,0.207,0.0,10.615,10.615,-4.093,-10.615,12.137,12.137,0.483,-4.093,5.635,13.083,-4.093,-3.531,9.401,11.325999999999999,-4.093,-3.8089999999999997,SSE,4.45,-5.505,85.869
49,250,8016,joint,65535,1111111111111111,S0T5_S0T8_S0T12_S0T15_S3T5_S3T8_S3T12_S3T15_S7T5_S7T8_S7T12_S7T15_S10T5_S10T8_S10T12_S10T15,0,0,0,5.646,5.646,1.7819999999999998,0.0,-0.379,-0.287,-0.34700000000000003,-0.735,0.34700000000000003,0.084,-0.257,-0.287,0.34700000000000003,0.778,0.735,0.823,0.87,0.44299999999999995,0.44299999999999995,0.823,SSE,3.1189999999999998,5.864,63.132
50,251,8017,joint,65535,1111111111111111,S0T5_S0T8_S0T12_S0T15_S3T5_S3T8_S3T12_S3T15_S7T5_S7T8_S7T12_S7T15_S10T5_S10T8_S10T12_S10T15,0,0,0,6.189,6.189,0.111,0.0,-0.0,6.6129999999999995,-0.452,-7.666,0.452,-0.0,-0.452,-6.102,0.452,-0.905,16.613,-6.102,7.132999999999999,6.6129999999999995,0.0,5.601,SSE,7.457999999999999,-22.026999999999997,118.914
51,252,8018,joint,65535,1111111111111111,S0T5_S0T8_S0T12_S0T15_S3T5_S3T8_S3T12_S3T15_S7T5_S7T8_S7T12_S7T15_S10T5_S10T8_S10T12_S10T15,0,0,0,5.587000000000001,5.587000000000001,0.45899999999999996,0.0,0.547,-1.4680000000000002,-5.4670000000000005,-1.4680000000000002,4.234,3.568,-1.975,-6.407,5.102,2.6910000000000003,-0.547,-1.844,5.4670000000000005,7.979,7.058,1.844,SSE,4.337,-4.685,84.23
52,253,8019,joint,65535,1111111111111111,S0T5_S0T8_S0T12_S0T15_S3T5_S3T8_S3T12_S3T15_S7T5_S7T8_S7T12_S7T15_S10T5_S10T8_S10T12_S10T15,0,0,0,5.06,5.06,0.644,0.0,1.704,2.275,0.875,-0.629,4.57,1.4080000000000001,-1.314,1.046,3.405,1.314,0.0,-1.1340000000000001,3.409,1.504,-0.711,-1.222,SSE,5.931,-14.699000000000002,104.258
53,254,8020,joint,65535,1111111111111111,S0T5_S0T8_S0T12_S0T15_S3T5_S3T8_S3T12_S3T15_S7T5_S7T8_S7T12_S7T15_S10T5_S10T8_S10T12_S10T15,0,0,0,5.115,5.115,0.297,0.0,1.903,-0.507,-4.6739999999999995,-2.0869999999999997,4.6739999999999995,3.06,-1.722,-2.8569999999999998,7.4079999999999995,7.904,-1.192,-0.337,12.350999999999999,10.940999999999999,-0.337,-0.16899999999999998,SSE,3.7430000000000003,0.031,74.798
54,255,8021,joint,65535,1111111111111111,S0T5_S0T8_S0T12_S0T15_S3T5_S3T8_S3T12_S3T15_S7T5_S7T8_S7T12_S7T15_S10T5_S10T8_S10T12_S10T15,0,0,0,5.15,5.15,1.097,0.0,0.718,0.883,1.263,0.772,1.673,0.465,-0.046,-0.0,0.564,0.046,0.046,0.564,1.882,1.413,-0.615,0.091,SSE,4.713,-7.343,89.546
55,256,8022,joint,65535,1111111111111111,S0T5_S0T8_S0T12_S0T15_S3T5_S3T8_S3T12_S3T15_S7T5_S7T8_S7T12_S7T15_S10T5_S10T8_S10T12_S10T15,0,0,0,4.915,4.915,0.237,0.0,4.092,-2.847,-0.847,-8.72,11.432,0.634,-0.423,-2.383,5.221,0.21100000000000002,-5.53,-2.157,8.215,3.577,-0.423,-0.847,SSE,4.6530000000000005,-6.933,88.726
56,257,8023,joint,65535,1111111111111111,S0T5_S0T8_S0T12_S0T15_S3T5_S3T8_S3T12_S3T15_S7T5_S7T8_S7T12_S7T15_S10T5_S10T8_S10T12_S10T15,0,0,0,5.482,5.482,0.203,0.0,0.24600000000000002,-3.8819999999999997,-0.74,-3.321,-3.5989999999999998,-7.218999999999999,-0.0,-2.779,-2.779,-8.54,-2.779,3.8819999999999997,0.0,-0.24600000000000002,-2.515,-2.515,SSE,5.356,-11.436,97.73200000000001
57,258,8024,joint,65535,1111111111111111,S0T5_S0T8_S0T12_S0T15_S3T5_S3T8_S3T12_S3T15_S7T5_S7T8_S7T12_S7T15_S10T5_S10T8_S10T12_S10T15,0,0,0,6.577000000000001,6.577000000000001,1.005,0.0,0.9640000000000001,2.332,-0.0,-1.3030000000000002,1.936,1.8259999999999998,-0.843,-1.935,0.784,2.693,-1.23,-1.631,1.4580000000000002,1.725,-2.186,-0.9640000000000001,SSE,2.306,15.537,43.786
58,259,8025,joint,65535,1111111111111111,S0T5_S0T8_S0T12_S0T15_S3T5_S3T8_S3T12_S3T15_S7T5_S7T8_S7T12_S7T15_S10T5_S10T8_S10T12_S10T15,0,0,0,3.137,3.137,0.27899999999999997,0.0,2.415,2.415,-2.824,-6.5760000000000005,1.83,3.2510000000000003,-3.699,-3.7,7.869,4.428999999999999,-0.718,-0.7190000000000001,4.428999999999999,10.546,-1.2670000000000001,0.5379999999999999,SSE,7.664,-22.901999999999997,120.665
59,260,8026,joint,65535,1111111111111111,S0T5_S0T8_S0T12_S0T15_S3T5_S3T8_S3T12_S3T15_S7T5_S7T8_S7T12_S7T15_S10T5_S10T8_S10T12_S10T15,0,0,0,4.739,4.739,0.366,0.0,6.402,5.312,0.273,0.547,11.92,5.997999999999999,0.0,-1.1059999999999999,5.312,5.012,-1.995,-0.965,5.999,2.477,-0.41,0.825,SSE,4.019,-2.2430000000000003,79.346
60,261,8027,joint,65535,1111111111111111,S0T5_S0T8_S0T12_S0T15_S3T5_S3T8_S3T12_S3T15_S7T5_S7T8_S7T12_S7T15_S10T5_S10T8_S10T12_S10T15,0,0,0,4.718999999999999,4.718999999999999,0.20600000000000002,0.0,11.409,7.545,-2.228,-0.976,10.692,8.935,0.731,-7.545,7.545,4.416,-1.4709999999999999,-2.747,7.979,8.935,-6.746,-2.228,SSE,3.812,-0.552,75.96300000000001
61,262,8028,joint,65535,1111111111111111,S0T5_S0T8_S0T12_S0T15_S3T5_S3T8_S3T12_S3T15_S7T5_S7T8_S7T12_S7T15_S10T5_S10T8_S10T12_S10T15,0,0,0,5.412999999999999,5.412999999999999,0.193,0.0,10.700999999999999,4.388999999999999,4.388,0.257,3.208,-4.388999999999999,4.084,-0.26,0.259,-3.4939999999999998,-2.924,5.024,4.391,4.085,0.261,-3.7880000000000003,SSE,6.852,-19.316,113.493
62,263,8029,joint,65535,1111111111111111,S0T5_S0T8_S0T12_S0T15_S3T5_S3T8_S3T12_S3T15_S7T5_S7T8_S7T12_S7T15_S10T5_S10T8_S10T12_S10T15,0,0,0,7.22,7.22,1.518,0.0,12.032,9.549,0.0,-0.7240000000000001,9.264,6.4270000000000005,0.0,0.0,9.439,5.766,-0.0,-0.7240000000000001,9.443999999999999,9.105,-0.7240000000000001,-6.699,SSE,6.25,-16.374000000000002,107.609
63,264,8030,joint,65535,1111111111111111,S0T5_S0T8_S0T12_S0T15_S3T5_S3T8_S3T12_S3T15_S7T5_S7T8_S7T12_S7T15_S10T5_S10T8_S10T12_S10T15,0,0,0,4.148,4.148,0.946,0.0,-1.2329999999999999,-0.374,-0.8959999999999999,-0.655,0.8340000000000001,-0.8959999999999999,-0.655,-1.834,0.8340000000000001,2.479,0.374,-0.266,2.0580000000000003,3.432,2.657,1.551,SSE,2.927,7.902,59.055
64,265,8031,joint,65535,1111111111111111,S0T5_S0T8_S0T12_S0T15_S3T5_S3T8_S3T12_S3T15_S7T5_S7T8_S7T12_S7T15_S10T5_S10T8_S10T12_S10T15,0,0,0,8.424,8.424,0.27899999999999997,0.0,7.861000000000001,7.858,0.179,0.5379999999999999,4.96,3.696,3.469,-0.358,2.4130000000000003,7.869,-2.4130000000000003,-5.247000000000001,4.425,7.862,0.358,-2.215,SSE,5.236000000000001,-10.710999999999999,96.28200000000001
65,266,8032,joint,65535,1111111111111111,S0T5_S0T8_S0T12_S0T15_S3T5_S3T8_S3T12_S3T15_S7T5_S7T8_S7T12_S7T15_S10T5_S10T8_S10T12_S10T15,0,0,0,5.617000000000001,5.617000000000001,0.136,0.0,13.548,1.4809999999999999,-4.976,0.369,12.798,6.251,4.567,-2.609,4.976,9.125,-4.165,-5.817,6.251,17.298,-4.567,-5.393,SSE,6.165,-15.936,106.73200000000001
66,267,8035,joint,65535,1111111111111111,S0T5_S0T8_S0T12_S0T15_S3T5_S3T8_S3T12_S3T15_S7T5_S7T8_S7T12_S7T15_S10T5_S10T8_S10T12_S10T15,0,0,0,3.236,3.236,0.556,0.0,0.823,0.823,0.09,-1.015,0.823,0.823,0.09,-1.113,0.9179999999999999,-0.09,-0.09,-0.823,1.112,-1.015,-2.2230000000000003,-1.015,SSE,3.253,4.527,65.807
67,268,8036,joint,65535,1111111111111111,S0T5_S0T8_S0T12_S0T15_S3T5_S3T8_S3T12_S3T15_S7T5_S7T8_S7T12_S7T15_S10T5_S10T8_S10T12_S10T15,0,0,0,4.531000000000001,4.531000000000001,0.846,0.0,-1.073,0.059000000000000004,-0.059000000000000004,-1.298,1.379,-1.146,-1.146,-1.298,10.755,1.2209999999999999,-3.48,-1.379,4.33,4.33,-3.835,-3.201,SSE,7.17,-20.769000000000002,116.397
68,269,8037,joint,65535,1111111111111111,S0T5_S0T8_S0T12_S0T15_S3T5_S3T8_S3T12_S3T15_S7T5_S7T8_S7T12_S7T15_S10T5_S10T8_S10T12_S10T15,0,0,0,7.605,7.605,0.386,0.0,-0.26,0.652,-1.464,-1.895,4.498,1.895,-2.045,-1.749,4.498,2.5140000000000002,-2.197,0.13,4.021,0.13,0.52,-1.749,SSE,5.716,-13.514000000000001,101.88799999999999
69,270,8038,joint,65535,1111111111111111,S0T5_S0T8_S0T12_S0T15_S3T5_S3T8_S3T12_S3T15_S7T5_S7T8_S7T12_S7T15_S10T5_S10T8_S10T12_S10T15,0,0,0,4.824,4.824,0.235,0.0,8.789,1.725,-7.382000000000001,-7.382000000000001,2.174,5.899,-2.4019999999999997,-2.174,1.9480000000000002,6.978,-8.789,-3.6060000000000003,6.978,2.174,-7.382000000000001,-8.281,SSE,3.4760000000000004,2.398,70.064
70,271,8039,joint,65535,1111111111111111,S0T5_S0T8_S0T12_S0T15_S3T5_S3T8_S3T12_S3T15_S7T5_S7T8_S7T12_S7T15_S10T5_S10T8_S10T12_S10T15,0,0,0,4.854,4.854,0.171,0.0,2.371,-0.585,-0.585,-3.62,15.835,2.677,-3.62,-3.301,9.588,2.068,2.371,-5.307,11.378,8.574,1.173,-1.173,SSE,4.956,-8.948,92.757
71,272,8040,joint,65535,1111111111111111,S0T5_S0T8_S0T12_S0T15_S3T5_S3T8_S3T12_S3T15_S7T5_S7T8_S7T12_S7T15_S10T5_S10T8_S10T12_S10T15,0,0,0,3.708,3.708,0.688,0.0,-0.073,0.82,-0.366,0.981,0.365,1.5019999999999998,0.6659999999999999,-0.742,1.062,-1.063,0.292,2.254,0.218,0.365,-0.146,0.073,SSE,5.251,-10.802999999999999,96.465
72,273,8041,joint,65535,1111111111111111,S0T5_S0T8_S0T12_S0T15_S3T5_S3T8_S3T12_S3T15_S7T5_S7T8_S7T12_S7T15_S10T5_S10T8_S10T12_S10T15,0,0,0,2.9189999999999996,2.9189999999999996,0.264,0.0,3.67,3.67,-2.767,3.208,3.208,-0.0,-2.985,-0.76,3.208,9.511000000000001,-0.0,-0.0,3.4360000000000004,10.252,3.911,-0.18899999999999997,SSE,7.959,-24.111,123.08200000000001
73,274,8042,joint,65535,1111111111111111,S0T5_S0T8_S0T12_S0T15_S3T5_S3T8_S3T12_S3T15_S7T5_S7T8_S7T12_S7T15_S10T5_S10T8_S10T12_S10T15,0,0,0,4.985,4.985,1.26,0.0,2.148,10.129,-0.0,-0.0,1.1,2.907,0.159,-0.872,1.743,2.148,-0.72,-0.872,2.148,2.336,-0.11900000000000001,-0.535,SSE,6.834,-19.232,113.323
74,275,8043,joint,65535,1111111111111111,S0T5_S0T8_S0T12_S0T15_S3T5_S3T8_S3T12_S3T15_S7T5_S7T8_S7T12_S7T15_S10T5_S10T8_S10T12_S10T15,0,0,0,4.78,4.78,0.152,0.0,7.21,0.0,-0.32799999999999996,-3.353,0.657,0.0,-3.353,0.0,-3.353,0.0,-3.005,-3.005,3.353,7.656000000000001,-3.353,-3.353,SSE,3.165,5.399,64.061
75,276,8044,joint,65535,1111111111111111,S0T5_S0T8_S0T12_S0T15_S3T5_S3T8_S3T12_S3T15_S7T5_S7T8_S7T12_S7T15_S10T5_S10T8_S10T12_S10T15,0,0,0,4.49,4.49,0.212,0.0,4.569,7.309,-0.708,-2.408,13.879000000000001,11.842,0.0,-3.179,4.569,5.83,-3.179,0.708,9.736,3.716,-9.736,-4.569,SSE,6.766,-18.910999999999998,112.682
76,277,8045,joint,65535,1111111111111111,S0T5_S0T8_S0T12_S0T15_S3T5_S3T8_S3T12_S3T15_S7T5_S7T8_S7T12_S7T15_S10T5_S10T8_S10T12_S10T15,0,0,0,6.486000000000001,6.486000000000001,0.16699999999999998,0.0,10.405999999999999,11.015999999999998,-0.6,-11.674000000000001,10.405999999999999,11.015999999999998,-4.385,-11.674000000000001,10.405999999999999,4.385,-5.444,-11.015,11.674000000000001,10.405999999999999,-9.837,-5.083,SSE,1.9040000000000001,21.655,31.549
77,278,8046,joint,65535,1111111111111111,S0T5_S0T8_S0T12_S0T15_S3T5_S3T8_S3T12_S3T15_S7T5_S7T8_S7T12_S7T15_S10T5_S10T8_S10T12_S10T15,0,0,0,7.143,7.143,0.212,0.0,1.911,5.827999999999999,-4.868,-6.5329999999999995,0.47200000000000003,2.407,-3.9930000000000003,-6.91,2.157,2.917,-4.277,-8.174,-2.917,4.868,-2.407,-6.172999999999999,SSE,1.1159999999999999,38.749,-2.638
78,279,8047,joint,65535,1111111111111111,S0T5_S0T8_S0T12_S0T15_S3T5_S3T8_S3T12_S3T15_S7T5_S7T8_S7T12_S7T15_S10T5_S10T8_S10T12_S10T15,0,0,0,4.725,4.725,0.226,0.0,0.0,13.036,3.491,0.221,4.018,4.292,-0.221,3.752,4.292,-0.44299999999999995,11.123,0.221,-0.665,13.036,-0.444,-0.0,SSE,8.914,-27.735,130.329
79,280,8048,joint,65535,1111111111111111,S0T5_S0T8_S0T12_S0T15_S3T5_S3T8_S3T12_S3T15_S7T5_S7T8_S7T12_S7T15_S10T5_S10T8_S10T12_S10T15,0,0,0,5.622999999999999,5.622999999999999,0.122,0.0,10.1,13.390999999999998,0.8170000000000001,-5.0569999999999995,8.437000000000001,7.917000000000001,-3.31,-6.919,12.664000000000001,16.862000000000002,-3.3110000000000004,-6.9270000000000005,14.988,16.865,-14.164000000000001,-3.739,SSE,3.176,5.2860000000000005,64.288
80,281,8049,joint,65535,1111111111111111,S0T5_S0T8_S0T12_S0T15_S3T5_S3T8_S3T12_S3T15_S7T5_S7T8_S7T12_S7T15_S10T5_S10T8_S10T12_S10T15,0,0,0,2.773,2.773,0.654,0.0,3.36,1.3880000000000001,-1.295,-3.359,1.3869999999999998,3.5839999999999996,0.0,-1.295,1.295,3.359,1.295,-0.0,1.3869999999999998,3.359,-0.0,1.296,SSE,5.667000000000001,-13.244000000000002,101.34700000000001
81,282,8050,joint,65535,1111111111111111,S0T5_S0T8_S0T12_S0T15_S3T5_S3T8_S3T12_S3T15_S7T5_S7T8_S7T12_S7T15_S10T5_S10T8_S10T12_S10T15,0,0,0,4.882,4.882,0.316,0.0,0.7959999999999999,0.317,-2.316,-2.498,6.544,0.636,2.137,-2.498,3.695,1.788,0.0,-3.071,7.959,2.498,-0.0,-2.6839999999999997,SSE,6.89,-19.494,113.848
82,283,8051,joint,65535,1111111111111111,S0T5_S0T8_S0T12_S0T15_S3T5_S3T8_S3T12_S3T15_S7T5_S7T8_S7T12_S7T15_S10T5_S10T8_S10T12_S10T15,0,0,0,5.029,5.029,0.19,0.0,3.8480000000000003,8.152999999999999,0.7959999999999999,-2.968,9.658,8.621,-3.84,-0.789,9.126,4.777,3.2510000000000003,-3.8480000000000003,6.136,1.591,-2.131,-3.553,SSE,3.5780000000000003,1.479,71.902
83,284,8052,joint,65535,1111111111111111,S0T5_S0T8_S0T12_S0T15_S3T5_S3T8_S3T12_S3T15_S7T5_S7T8_S7T12_S7T15_S10T5_S10T8_S10T12_S10T15,0,0,0,6.507000000000001,6.507000000000001,0.16399999999999998,0.0,-0.306,0.0,0.0,-0.612,11.889000000000001,5.545,4.466,0.306,0.306,-5.545,0.306,-0.306,4.817,5.922999999999999,-13.425,-0.306,SSE,7.892,-23.838,122.537
84,285,8053,joint,65535,1111111111111111,S0T5_S0T8_S0T12_S0T15_S3T5_S3T8_S3T12_S3T15_S7T5_S7T8_S7T12_S7T15_S10T5_S10T8_S10T12_S10T15,0,0,0,3.648,3.648,1.396,0.0,0.74,1.242,-0.036000000000000004,-0.07200000000000001,0.29,1.679,0.524,-0.07200000000000001,-0.036000000000000004,0.607,-0.565,-0.036000000000000004,0.65,0.6940000000000001,-0.0,-0.483,SSE,5.725,-13.567,101.993
85,286,8054,joint,65535,1111111111111111,S0T5_S0T8_S0T12_S0T15_S3T5_S3T8_S3T12_S3T15_S7T5_S7T8_S7T12_S7T15_S10T5_S10T8_S10T12_S10T15,0,0,0,4.317,4.317,0.225,0.0,4.591,-3.5039999999999996,-11.165,-4.882,8.16,5.496,-0.222,-0.892,4.033,3.248,-2.997,-2.997,14.422,10.419,-2.509,-2.7510000000000003,SSE,8.126,-24.775,124.41
86,287,8055,joint,65535,1111111111111111,S0T5_S0T8_S0T12_S0T15_S3T5_S3T8_S3T12_S3T15_S7T5_S7T8_S7T12_S7T15_S10T5_S10T8_S10T12_S10T15,0,0,0,5.353,5.353,0.14300000000000002,0.0,10.833,11.456,-5.92,-5.106,9.686,10.833,-5.92,-11.456,10.834000000000001,10.834000000000001,-6.341,-11.456,4.712,12.119000000000002,-5.92,-10.834000000000001,SSE,1.7890000000000001,23.649,27.563000000000002
87,288,8056,joint,65535,1111111111111111,S0T5_S0T8_S0T12_S0T15_S3T5_S3T8_S3T12_S3T15_S7T5_S7T8_S7T12_S7T15_S10T5_S10T8_S10T12_S10T15,0,0,0,4.758,4.758,0.18899999999999997,0.0,1.062,1.33,-3.8689999999999998,0.795,6.1739999999999995,0.53,-0.265,0.265,6.934,7.337999999999999,-5.815,-1.6,1.6,1.062,0.53,-0.53,SSE,5.731,-13.602,102.06299999999999
88,289,8057,joint,65535,1111111111111111,S0T5_S0T8_S0T12_S0T15_S3T5_S3T8_S3T12_S3T15_S7T5_S7T8_S7T12_S7T15_S10T5_S10T8_S10T12_S10T15,0,0,0,4.936,4.936,0.6829999999999999,0.0,1.9169999999999998,3.025,0.293,-0.073,1.92,1.24,-0.147,-2.147,2.4019999999999997,0.442,-0.44299999999999995,0.147,1.811,1.419,-1.2409999999999999,-0.07400000000000001,SSE,7.098,-20.445999999999998,115.75299999999999
89,290,8058,joint,65535,1111111111111111,S0T5_S0T8_S0T12_S0T15_S3T5_S3T8_S3T12_S3T15_S7T5_S7T8_S7T12_S7T15_S10T5_S10T8_S10T12_S10T15,0,0,0,2.398,2.398,1.213,0.0,-0.040999999999999995,-0.698,-0.748,-0.799,3.02,0.9059999999999999,-0.748,-0.124,0.748,0.65,-0.748,-0.698,0.748,0.083,-2.427,-0.124,SSE,9.589,-30.073,135.005
90,291,8059,joint,65535,1111111111111111,S0T5_S0T8_S0T12_S0T15_S3T5_S3T8_S3T12_S3T15_S7T5_S7T8_S7T12_S7T15_S10T5_S10T8_S10T12_S10T15,0,0,0,6.099,6.099,0.469,0.0,2.489,2.488,-0.107,-1.5590000000000002,2.795,0.755,-1.682,-1.808,2.958,2.639,0.321,1.439,2.068,2.204,-1.682,0.107,SSE,7.943,-24.046,122.95100000000001
91,292,8060,joint,65535,1111111111111111,S0T5_S0T8_S0T12_S0T15_S3T5_S3T8_S3T12_S3T15_S7T5_S7T8_S7T12_S7T15_S10T5_S10T8_S10T12_S10T15,0,0,0,6.164,6.164,0.773,0.0,0.26,0.946,0.13,1.175,-0.0,0.946,-0.8009999999999999,1.097,-0.8009999999999999,1.02,0.8009999999999999,0.065,-0.593,0.873,-0.593,0.13,SSE,6.9510000000000005,-19.777,114.414
92,293,8061,joint,65535,1111111111111111,S0T5_S0T8_S0T12_S0T15_S3T5_S3T8_S3T12_S3T15_S7T5_S7T8_S7T12_S7T15_S10T5_S10T8_S10T12_S10T15,0,0,0,4.39,4.39,0.738,0.0,2.101,2.637,-2.222,-0.765,1.23,2.101,-2.222,-0.6920000000000001,2.222,2.351,0.99,0.914,3.177,1.23,-0.068,0.204,SSE,3.4610000000000003,2.536,69.788
93,294,8062,joint,65535,1111111111111111,S0T5_S0T8_S0T12_S0T15_S3T5_S3T8_S3T12_S3T15_S7T5_S7T8_S7T12_S7T15_S10T5_S10T8_S10T12_S10T15,0,0,0,5.955,5.955,0.299,0.0,8.413,6.516,0.8420000000000001,0.0,8.413,3.679,-2.259,-2.448,10.867,7.851,-1.89,-3.0389999999999997,9.068,9.068,-0.672,-2.8369999999999997,SSE,4.205,-3.693,82.245
94,295,8063,joint,65535,1111111111111111,S0T5_S0T8_S0T12_S0T15_S3T5_S3T8_S3T12_S3T15_S7T5_S7T8_S7T12_S7T15_S10T5_S10T8_S10T12_S10T15,0,0,0,5.407,5.407,0.5720000000000001,0.0,-1.278,-1.376,-1.6909999999999998,-3.029,2.421,0.17800000000000002,-1.083,-1.083,3.029,3.612,0.8909999999999999,-0.001,4.39,3.609,0.08900000000000001,4.388999999999999,SSE,4.018,-2.233,79.32600000000001
95,296,8065,joint,65535,1111111111111111,S0T5_S0T8_S0T12_S0T15_S3T5_S3T8_S3T12_S3T15_S7T5_S7T8_S7T12_S7T15_S10T5_S10T8_S10T12_S10T15,0,0,0,3.262,3.262,0.389,0.0,0.386,-1.88,-2.335,-7.571000000000001,6.462999999999999,-0.91,0.387,-2.028,6.968,7.571000000000001,3.0,-1.88,9.424,8.347000000000001,2.4930000000000003,0.516,SSE,6.402,-17.146,109.15100000000001
96,297,8066,joint,65535,1111111111111111,S0T5_S0T8_S0T12_S0T15_S3T5_S3T8_S3T12_S3T15_S7T5_S7T8_S7T12_S7T15_S10T5_S10T8_S10T12_S10T15,0,0,0,4.71,4.71,0.28,0.0,7.382999999999999,5.542999999999999,0.898,-1.081,5.2410000000000005,10.525,-1.081,0.898,3.927,10.525,-3.2439999999999998,4.421,2.818,0.898,-0.898,-2.213,SSE,6.865,-19.378,113.615
97,298,8067,joint,65535,1111111111111111,S0T5_S0T8_S0T12_S0T15_S3T5_S3T8_S3T12_S3T15_S7T5_S7T8_S7T12_S7T15_S10T5_S10T8_S10T12_S10T15,0,0,0,4.787,4.787,0.127,0.0,1.979,2.785,-5.312,-1.98,0.7879999999999999,1.581,-3.6060000000000003,2.381,4.876,1.581,1.979,-6.21,1.1840000000000002,7.636,-2.785,-5.757000000000001,SSE,1.202,36.384,2.092
98,299,8068,joint,65535,1111111111111111,S0T5_S0T8_S0T12_S0T15_S3T5_S3T8_S3T12_S3T15_S7T5_S7T8_S7T12_S7T15_S10T5_S10T8_S10T12_S10T15,0,0,0,4.728,4.728,0.322,0.0,1.261,-0.156,-2.0980000000000003,-0.624,-1.925,1.261,-2.452,-1.925,6.834,5.711,0.782,-0.0,11.395,7.814,3.847,-0.624,SSE,6.507000000000001,-17.663,110.186
99,300,8069,joint,65535,1111111111111111,S0T5_S0T8_S0T12_S0T15_S3T5_S3T8_S3T12_S3T15_S7T5_S7T8_S7T12_S7T15_S10T5_S10T8_S10T12_S10T15,0,0,0,6.93,6.93,0.695,0.0,1.305,0.21600000000000003,1.218,1.218,2.969,0.21600000000000003,0.361,-0.14400000000000002,3.16,3.157,1.3940000000000001,-1.051,3.372,3.37,0.0,-1.3940000000000001,SSE,5.672999999999999,-13.275,101.411
100,301,8070,joint,65535,1111111111111111,S0T5_S0T8_S0T12_S0T15_S3T5_S3T8_S3T12_S3T15_S7T5_S7T8_S7T12_S7T15_S10T5_S10T8_S10T12_S10T15,0,0,0,5.784,5.784,0.166,0.0,9.318,6.602,1.206,-3.07,5.825,8.33,-2.7510000000000003,-0.301,9.318,5.454,-0.601,-2.125,7.432,4.3919999999999995,-0.301,-3.72,SSE,1.9469999999999998,20.949,32.961999999999996
101,302,8071,joint,65535,1111111111111111,S0T5_S0T8_S0T12_S0T15_S3T5_S3T8_S3T12_S3T15_S7T5_S7T8_S7T12_S7T15_S10T5_S10T8_S10T12_S10T15,0,0,0,6.744,6.744,0.38,0.0,3.451,-1.925,-0.264,0.263,-0.264,3.259,0.0,1.925,-0.264,1.206,-0.132,1.777,1.4869999999999999,1.4869999999999999,-0.132,3.258,SSE,3.998,-2.0780000000000003,79.016
102,303,8072,joint,65535,1111111111111111,S0T5_S0T8_S0T12_S0T15_S3T5_S3T8_S3T12_S3T15_S7T5_S7T8_S7T12_S7T15_S10T5_S10T8_S10T12_S10T15,0,0,0,5.744,5.744,0.542,0.0,-3.384,-2.025,-4.99,-4.0489999999999995,-2.15,-1.561,-8.057,-5.426,8.068999999999999,5.979,0.941,0.092,13.842,13.665,2.025,0.652,SSE,2.6180000000000003,11.477,51.906000000000006
103,304,8073,joint,65535,1111111111111111,S0T5_S0T8_S0T12_S0T15_S3T5_S3T8_S3T12_S3T15_S7T5_S7T8_S7T12_S7T15_S10T5_S10T8_S10T12_S10T15,0,0,0,4.937,4.937,0.7959999999999999,0.0,3.699,2.76,-0.778,-2.7569999999999997,1.379,1.064,-0.847,-0.252,1.381,0.252,-0.7090000000000001,-1.38,0.509,0.99,-0.0,-1.064,SSE,7.176,-20.794,116.448
104,305,8074,joint,65535,1111111111111111,S0T5_S0T8_S0T12_S0T15_S3T5_S3T8_S3T12_S3T15_S7T5_S7T8_S7T12_S7T15_S10T5_S10T8_S10T12_S10T15,0,0,0,2.405,2.405,0.884,0.0,0.9590000000000001,0.113,0.8270000000000001,-1.754,0.639,0.8270000000000001,-0.9590000000000001,0.0,1.2429999999999999,2.201,-0.057,0.055999999999999994,8.567,1.319,-0.0,0.113,SSE,6.278,-16.515,107.89
105,306,8075,joint,65535,1111111111111111,S0T5_S0T8_S0T12_S0T15_S3T5_S3T8_S3T12_S3T15_S7T5_S7T8_S7T12_S7T15_S10T5_S10T8_S10T12_S10T15,0,0,0,2.41,2.41,0.369,0.0,5.9479999999999995,4.967,0.408,0.271,1.2409999999999999,1.675,-0.406,0.138,1.979,1.827,-1.24,-0.8190000000000001,3.759,1.975,-1.53,-1.382,SSE,4.573,-6.374,87.60700000000001
106,307,8076,joint,65535,1111111111111111,S0T5_S0T8_S0T12_S0T15_S3T5_S3T8_S3T12_S3T15_S7T5_S7T8_S7T12_S7T15_S10T5_S10T8_S10T12_S10T15,0,0,0,6.3420000000000005,6.3420000000000005,0.848,0.0,1.143,0.9990000000000001,-0.177,-2.166,1.07,1.459,0.059000000000000004,-0.9990000000000001,1.143,2.963,-0.059000000000000004,-2.591,3.827,1.296,-1.07,-1.218,SSE,6.72,-18.695,112.249
107,308,8077,joint,65535,1111111111111111,S0T5_S0T8_S0T12_S0T15_S3T5_S3T8_S3T12_S3T15_S7T5_S7T8_S7T12_S7T15_S10T5_S10T8_S10T12_S10T15,0,0,0,6.666,6.666,0.539,0.0,3.608,3.217,0.18600000000000003,-0.09300000000000001,3.83,3.608,-1.251,-1.355,1.462,4.074,0.0,0.18600000000000003,1.355,0.18600000000000003,0.09300000000000001,-0.09300000000000001,SSE,5.349,-11.390999999999998,97.64299999999999
108,309,8078,joint,65535,1111111111111111,S0T5_S0T8_S0T12_S0T15_S3T5_S3T8_S3T12_S3T15_S7T5_S7T8_S7T12_S7T15_S10T5_S10T8_S10T12_S10T15,0,0,0,6.519,6.519,0.147,0.0,5.77,6.181,-0.341,4.216,15.967,6.602,0.341,-5.369,14.065999999999999,0.341,0.341,-6.602,12.505,6.602,-5.77,-5.77,SSE,6.2139999999999995,-16.191,107.243
109,310,8079,joint,65535,1111111111111111,S0T5_S0T8_S0T12_S0T15_S3T5_S3T8_S3T12_S3T15_S7T5_S7T8_S7T12_S7T15_S10T5_S10T8_S10T12_S10T15,0,0,0,4.8580000000000005,4.8580000000000005,2.349,0.0,0.527,0.218,0.021,-0.107,0.624,0.46799999999999997,-0.195,-0.624,1.153,0.624,-0.043,-0.264,3.455,3.5389999999999997,0.17300000000000001,-0.17300000000000001,SSE,2.326,15.261,44.339
110,311,8080,joint,65535,1111111111111111,S0T5_S0T8_S0T12_S0T15_S3T5_S3T8_S3T12_S3T15_S7T5_S7T8_S7T12_S7T15_S10T5_S10T8_S10T12_S10T15,0,0,0,3.7430000000000003,3.7430000000000003,0.256,0.0,3.787,4.831,-9.814,-0.195,3.545,0.784,-4.0360000000000005,-0.5870000000000001,11.503,4.0360000000000005,-9.814,-3.787,4.831,11.503,-3.787,-3.545,SSE,8.104,-24.686,124.23200000000001
111,312,8081,joint,65535,1111111111111111,S0T5_S0T8_S0T12_S0T15_S3T5_S3T8_S3T12_S3T15_S7T5_S7T8_S7T12_S7T15_S10T5_S10T8_S10T12_S10T15,0,0,0,5.0280000000000005,5.0280000000000005,0.122,0.0,6.471,7.449,-4.633,-1.6469999999999998,8.478,10.151,9.573,3.758,3.3280000000000003,12.035,0.41,-4.633,3.758,5.999,-12.725999999999999,-6.471,SSE,3.633,0.985,72.889
112,313,8083,joint,65535,1111111111111111,S0T5_S0T8_S0T12_S0T15_S3T5_S3T8_S3T12_S3T15_S7T5_S7T8_S7T12_S7T15_S10T5_S10T8_S10T12_S10T15,0,0,0,6.105,6.105,0.306,0.0,6.742999999999999,2.766,-2.963,-2.963,8.202,2.386,-0.163,-0.491,6.353,2.574,-2.963,-3.165,8.841000000000001,8.841000000000001,-3.165,-6.742999999999999,SSE,5.066,-9.655,94.17
113,314,8084,joint,65535,1111111111111111,S0T5_S0T8_S0T12_S0T15_S3T5_S3T8_S3T12_S3T15_S7T5_S7T8_S7T12_S7T15_S10T5_S10T8_S10T12_S10T15,0,0,0,5.369,5.369,1.258,0.0,0.873,2.912,-0.927,0.08,7.095,0.927,0.0,-0.11900000000000001,3.471,3.472,-0.04,-1.166,10.029,1.9969999999999999,-0.04,-1.041,SSE,7.319,-21.429000000000002,117.71700000000001
114,315,8085,joint,65535,1111111111111111,S0T5_S0T8_S0T12_S0T15_S3T5_S3T8_S3T12_S3T15_S7T5_S7T8_S7T12_S7T15_S10T5_S10T8_S10T12_S10T15,0,0,0,3.21,3.21,0.409,0.0,3.5810000000000004,4.005,0.36700000000000005,-1.248,3.786,4.753,-0.991,-0.991,0.49,2.6830000000000003,-0.613,-3.199,3.386,0.8640000000000001,0.36700000000000005,-1.6480000000000001,SSE,3.5380000000000003,1.839,71.182
115,316,8086,joint,65535,1111111111111111,S0T5_S0T8_S0T12_S0T15_S3T5_S3T8_S3T12_S3T15_S7T5_S7T8_S7T12_S7T15_S10T5_S10T8_S10T12_S10T15,0,0,0,5.125,5.125,0.326,0.0,8.314,0.462,-1.9,-0.461,3.7969999999999997,5.034,0.154,-0.772,4.022,5.638,-0.307,0.7709999999999999,7.1979999999999995,5.638,-2.786,-1.901,SSE,5.572,-12.703,100.265
116,317,8087,joint,65535,1111111111111111,S0T5_S0T8_S0T12_S0T15_S3T5_S3T8_S3T12_S3T15_S7T5_S7T8_S7T12_S7T15_S10T5_S10T8_S10T12_S10T15,0,0,0,5.5920000000000005,5.5920000000000005,0.634,0.0,2.4459999999999997,0.002,0.156,-1.53,1.3359999999999999,4.274,-0.557,-0.318,3.698,1.733,1.063,0.313,11.081,3.7,-0.08199999999999999,-1.335,SSE,6.904,-19.558,113.976
117,318,8088,joint,65535,1111111111111111,S0T5_S0T8_S0T12_S0T15_S3T5_S3T8_S3T12_S3T15_S7T5_S7T8_S7T12_S7T15_S10T5_S10T8_S10T12_S10T15,0,0,0,5.02,5.02,0.315,0.0,3.707,3.2769999999999997,-0.001,-7.446000000000001,9.337,1.4509999999999998,-0.8,0.161,1.288,4.163,-1.6219999999999999,2.142,3.488,3.0780000000000003,-0.16,0.318,SSE,8.318999999999999,-25.526999999999997,125.913
118,319,8089,joint,65535,1111111111111111,S0T5_S0T8_S0T12_S0T15_S3T5_S3T8_S3T12_S3T15_S7T5_S7T8_S7T12_S7T15_S10T5_S10T8_S10T12_S10T15,0,0,0,5.043,5.043,0.38299999999999995,0.0,7.684,2.53,0.655,0.392,6.117999999999999,11.405,-1.9069999999999998,1.615,11.385,7.684,-3.227,-2.057,2.696,3.0439999999999996,-0.789,-2.369,SSE,6.612,-18.176,111.211
119,320,8090,joint,65535,1111111111111111,S0T5_S0T8_S0T12_S0T15_S3T5_S3T8_S3T12_S3T15_S7T5_S7T8_S7T12_S7T15_S10T5_S10T8_S10T12_S10T15,0,0,0,4.603,4.603,0.19699999999999998,0.0,13.747,1.276,1.0190000000000001,-0.508,4.607,9.878,-0.508,-2.866,6.278,5.244,-2.593,-1.0190000000000001,4.003,5.244,-2.866,-2.866,SSE,5.189,-10.423,95.70700000000001
120,321,8091,joint,65535,1111111111111111,S0T5_S0T8_S0T12_S0T15_S3T5_S3T8_S3T12_S3T15_S7T5_S7T8_S7T12_S7T15_S10T5_S10T8_S10T12_S10T15,0,0,0,4.22,4.22,1.558,0.0,14.020999999999999,5.226,-5.939,-0.705,5.694,6.7620000000000005,0.0,-0.705,5.648,9.486,-0.705,-10.176,6.146,4.8839999999999995,-0.705,-0.705,SSE,4.75,-7.5920000000000005,90.045
121,322,8092,joint,65535,1111111111111111,S0T5_S0T8_S0T12_S0T15_S3T5_S3T8_S3T12_S3T15_S7T5_S7T8_S7T12_S7T15_S10T5_S10T8_S10T12_S10T15,0,0,0,5.005,5.005,0.41100000000000003,0.0,2.513,5.026,-0.0,-2.359,6.591,2.21,-2.209,-6.587000000000001,7.16,2.513,-0.243,-1.9180000000000001,8.908,2.6719999999999997,-0.366,-2.209,SSE,6.811,-19.125999999999998,113.11200000000001
122,323,8093,joint,65535,1111111111111111,S0T5_S0T8_S0T12_S0T15_S3T5_S3T8_S3T12_S3T15_S7T5_S7T8_S7T12_S7T15_S10T5_S10T8_S10T12_S10T15,0,0,0,3.41,3.41,0.40700000000000003,0.0,0.12300000000000001,0.0,-2.541,-2.8689999999999998,5.081,1.939,-2.385,-1.798,7.982,2.702,-0.618,-2.702,9.012,3.222,-0.12300000000000001,1.5230000000000001,SSE,7.343999999999999,-21.538,117.935
123,324,8094,joint,65535,1111111111111111,S0T5_S0T8_S0T12_S0T15_S3T5_S3T8_S3T12_S3T15_S7T5_S7T8_S7T12_S7T15_S10T5_S10T8_S10T12_S10T15,0,0,0,3.612,3.612,0.345,0.0,3.795,2.6289999999999996,-2.9930000000000003,-2.8080000000000003,4.016,2.455,-2.8080000000000003,-2.6289999999999996,4.016,7.845,-5.025,-2.9930000000000003,9.401,7.278,-1.635,-3.1830000000000003,SSE,7.0920000000000005,-20.421,115.70200000000001
124,325,8095,joint,65535,1111111111111111,S0T5_S0T8_S0T12_S0T15_S3T5_S3T8_S3T12_S3T15_S7T5_S7T8_S7T12_S7T15_S10T5_S10T8_S10T12_S10T15,0,0,0,4.641,4.641,0.17,0.0,-11.450999999999999,-11.450999999999999,-5.341,-0.294,0.294,-0.589,-5.704,-8.629,10.207,4.301,4.64,4.64,-0.294,-0.294,-0.294,-4.301,SSE,5.452000000000001,-12.002,98.865
125,326,8096,joint,65535,1111111111111111,S0T5_S0T8_S0T12_S0T15_S3T5_S3T8_S3T12_S3T15_S7T5_S7T8_S7T12_S7T15_S10T5_S10T8_S10T12_S10T15,0,0,0,4.531000000000001,4.531000000000001,0.5579999999999999,0.0,1.31,0.09,-3.702,-3.2910000000000004,1.209,-1.31,-0.18,-3.2910000000000004,2.9389999999999996,-0.09,-3.109,-1.413,1.31,1.5190000000000001,-1.5190000000000001,-2.9389999999999996,SSE,4.6819999999999995,-7.13,89.12
126,327,8098,joint,65535,1111111111111111,S0T5_S0T8_S0T12_S0T15_S3T5_S3T8_S3T12_S3T15_S7T5_S7T8_S7T12_S7T15_S10T5_S10T8_S10T12_S10T15,0,0,0,4.041,4.041,0.677,0.0,2.872,1.431,1.525,-0.996,3.2430000000000003,2.56,0.29600000000000004,-2.56,2.42,1.251,-0.996,-0.996,3.2430000000000003,1.34,-0.914,-0.6759999999999999,SSE,5.372999999999999,-11.537,97.934
127,328,8099,joint,65535,1111111111111111,S0T5_S0T8_S0T12_S0T15_S3T5_S3T8_S3T12_S3T15_S7T5_S7T8_S7T12_S7T15_S10T5_S10T8_S10T12_S10T15,0,0,0,3.5069999999999997,3.5069999999999997,0.311,0.0,0.483,0.0,0.483,-2.915,0.645,2.533,-2.722,-0.321,2.533,-0.483,-0.161,-2.915,2.722,0.645,-2.166,-2.722,SSE,9.693999999999999,-30.421,135.702
128,329,8100,joint,65535,1111111111111111,S0T5_S0T8_S0T12_S0T15_S3T5_S3T8_S3T12_S3T15_S7T5_S7T8_S7T12_S7T15_S10T5_S10T8_S10T12_S10T15,0,0,0,5.716,5.716,0.149,0.0,13.05,-0.6709999999999999,6.087000000000001,-1.008,8.294,1.008,9.297,-0.335,0.335,-4.152,3.786,2.372,-0.335,-5.682,1.3459999999999999,11.633,SSE,4.727,-7.44,89.741
129,330,8101,joint,65535,1111111111111111,S0T5_S0T8_S0T12_S0T15_S3T5_S3T8_S3T12_S3T15_S7T5_S7T8_S7T12_S7T15_S10T5_S10T8_S10T12_S10T15,0,0,0,4.518,4.518,0.289,0.0,5.682,6.742999999999999,-4.2860000000000005,-4.539,6.3629999999999995,5.081,2.3369999999999997,2.3369999999999997,5.082,6.742999999999999,-2.9360000000000004,1.405,2.9360000000000004,4.539,-5.081,-5.372999999999999,SSE,1.6219999999999999,26.794,21.273000000000003
130,331,8102,joint,65535,1111111111111111,S0T5_S0T8_S0T12_S0T15_S3T5_S3T8_S3T12_S3T15_S7T5_S7T8_S7T12_S7T15_S10T5_S10T8_S10T12_S10T15,0,0,0,2.863,2.863,0.489,0.0,2.385,3.978,1.732,-1.494,1.855,0.307,-1.6119999999999999,-1.379,1.982,1.265,0.307,-0.41,2.1109999999999998,1.855,-1.855,0.0,SSE,7.218999999999999,-20.988000000000003,116.837
131,332,8103,joint,65535,1111111111111111,S0T5_S0T8_S0T12_S0T15_S3T5_S3T8_S3T12_S3T15_S7T5_S7T8_S7T12_S7T15_S10T5_S10T8_S10T12_S10T15,0,0,0,4.625,4.625,1.199,0.0,12.282,2.258,-0.16699999999999998,-0.125,8.831,1.156,-0.657,-1.8319999999999999,2.258,9.15,-0.972,-0.657,2.455,2.258,0.16699999999999998,-0.9159999999999999,SSE,5.688,-13.36,101.58
132,333,8104,joint,65535,1111111111111111,S0T5_S0T8_S0T12_S0T15_S3T5_S3T8_S3T12_S3T15_S7T5_S7T8_S7T12_S7T15_S10T5_S10T8_S10T12_S10T15,0,0,0,6.997999999999999,6.997999999999999,0.493,0.0,3.728,2.511,1.484,-0.718,3.5210000000000004,3.3289999999999997,1.484,1.146,1.601,1.601,3.148,0.40700000000000003,1.8419999999999999,1.8419999999999999,0.40700000000000003,1.72,SSE,3.46,2.548,69.765
133,334,8105,joint,65535,1111111111111111,S0T5_S0T8_S0T12_S0T15_S3T5_S3T8_S3T12_S3T15_S7T5_S7T8_S7T12_S7T15_S10T5_S10T8_S10T12_S10T15,0,0,0,5.001,5.001,0.163,0.0,6.718999999999999,2.8,-0.612,0.0,1.227,1.537,-3.786,-1.227,2.8,-0.0,-6.718999999999999,4.822,0.0,6.718999999999999,-2.8,-4.822,SSE,10.954,-34.33,143.519
134,335,8106,joint,65535,1111111111111111,S0T5_S0T8_S0T12_S0T15_S3T5_S3T8_S3T12_S3T15_S7T5_S7T8_S7T12_S7T15_S10T5_S10T8_S10T12_S10T15,0,0,0,5.275,5.275,0.484,0.0,3.0269999999999997,1.392,-0.31,-1.626,2.707,4.843,1.392,-1.749,1.5119999999999998,4.262,-1.9969999999999999,-2.134,1.876,2.408,-1.2790000000000001,-3.201,SSE,5.377999999999999,-11.567,97.993
135,336,8107,joint,65535,1111111111111111,S0T5_S0T8_S0T12_S0T15_S3T5_S3T8_S3T12_S3T15_S7T5_S7T8_S7T12_S7T15_S10T5_S10T8_S10T12_S10T15,0,0,0,0.66,0.66,0.122,0.0,18.009,7.946000000000001,4.187,-5.9910000000000005,15.05,8.467,-0.41,-1.645,9.561,2.478,-8.467,-4.187,7.439,10.137,0.41,-3.753,SSE,4.49,-5.791,86.44200000000001
136,337,8108,joint,65535,1111111111111111,S0T5_S0T8_S0T12_S0T15_S3T5_S3T8_S3T12_S3T15_S7T5_S7T8_S7T12_S7T15_S10T5_S10T8_S10T12_S10T15,0,0,0,4.941,4.941,0.892,0.0,0.055999999999999994,0.055999999999999994,0.0,-0.11199999999999999,-1.018,4.107,-1.087,-0.055999999999999994,-0.055999999999999994,0.95,-1.087,-1.0170000000000001,-1.0170000000000001,-0.95,-4.1080000000000005,0.055999999999999994,SSE,10.132,-31.836,138.531
137,338,8109,joint,65535,1111111111111111,S0T5_S0T8_S0T12_S0T15_S3T5_S3T8_S3T12_S3T15_S7T5_S7T8_S7T12_S7T15_S10T5_S10T8_S10T12_S10T15,0,0,0,4.205,4.205,0.134,0.0,6.332000000000001,0.374,13.722000000000001,7.245,8.21,-3.03,-0.0,1.5,6.782,5.892,6.782,6.332000000000001,0.0,5.04,1.123,-0.748,SSE,7.077999999999999,-20.355999999999998,115.572
138,339,8110,joint,65535,1111111111111111,S0T5_S0T8_S0T12_S0T15_S3T5_S3T8_S3T12_S3T15_S7T5_S7T8_S7T12_S7T15_S10T5_S10T8_S10T12_S10T15,0,0,0,3.865,3.865,0.265,0.0,5.232,5.232,5.231,4.944,5.535,5.534,4.944,5.232,5.535,5.534,5.232,5.232,4.944,5.535,4.668,5.535,SSE,0.039,145.776,-216.692
139,340,8111,joint,65535,1111111111111111,S0T5_S0T8_S0T12_S0T15_S3T5_S3T8_S3T12_S3T15_S7T5_S7T8_S7T12_S7T15_S10T5_S10T8_S10T12_S10T15,0,0,0,4.362,4.362,0.136,0.0,-5.8,-6.233,-6.233,-0.368,-12.761,-0.368,0.0,1.476,3.758,-0.0,0.0,-5.801,0.736,-12.062999999999999,-15.195,-2.983,SSE,5.836,-14.183,103.225
140,341,8112,joint,65535,1111111111111111,S0T5_S0T8_S0T12_S0T15_S3T5_S3T8_S3T12_S3T15_S7T5_S7T8_S7T12_S7T15_S10T5_S10T8_S10T12_S10T15,0,0,0,7.169,7.169,1.1520000000000001,0.0,0.087,0.218,-0.444,-0.0,0.043,0.7879999999999999,-0.49,-0.7879999999999999,1.7930000000000001,1.4240000000000002,-0.685,-0.586,1.9080000000000001,1.69,-0.586,-1.506,SSE,4.916,-8.693,92.24600000000001
141,342,8113,joint,65535,1111111111111111,S0T5_S0T8_S0T12_S0T15_S3T5_S3T8_S3T12_S3T15_S7T5_S7T8_S7T12_S7T15_S10T5_S10T8_S10T12_S10T15,0,0,0,5.072,5.072,0.335,0.0,2.71,2.71,0.149,-2.1830000000000003,3.693,3.693,1.056,-2.53,3.483,2.895,-1.686,-1.2109999999999999,3.085,2.71,-1.2109999999999999,-2.0140000000000002,SSE,5.452000000000001,-12.002,98.865
142,343,8114,joint,65535,1111111111111111,S0T5_S0T8_S0T12_S0T15_S3T5_S3T8_S3T12_S3T15_S7T5_S7T8_S7T12_S7T15_S10T5_S10T8_S10T12_S10T15,0,0,0,4.947,4.947,0.2,0.0,13.57,11.01,-0.502,-4.246,13.57,10.35,1.7719999999999998,-0.251,3.38,5.845,0.251,0.0,11.01,6.564,-1.006,-4.8580000000000005,SSE,7.042000000000001,-20.192,115.243
143,344,9001,joint,65535,1111111111111111,S0T5_S0T8_S0T12_S0T15_S3T5_S3T8_S3T12_S3T15_S7T5_S7T8_S7T12_S7T15_S10T5_S10T8_S10T12_S10T15,0,0,0,6.6339999999999995,6.6339999999999995,0.36200000000000004,0.0,4.534,4.797,-1.712,-4.534,5.077,4.055,0.27699999999999997,-4.288,4.534,4.288,-4.055,-1.712,4.055,2.021,0.0,-4.534,SSE,1.815,23.194000000000003,28.473000000000003
144,345,9002,joint,65535,1111111111111111,S0T5_S0T8_S0T12_S0T15_S3T5_S3T8_S3T12_S3T15_S7T5_S7T8_S7T12_S7T15_S10T5_S10T8_S10T12_S10T15,0,0,0,2.6069999999999998,2.6069999999999998,0.34299999999999997,0.0,2.2969999999999997,0.731,-2.2969999999999997,-0.7340000000000001,1.4880000000000002,4.038,-1.334,0.146,6.018,6.017,-0.8809999999999999,-2.129,6.4,7.319,0.146,-1.965,SSE,5.784,-13.892999999999999,102.647
145,346,9003,joint,65535,1111111111111111,S0T5_S0T8_S0T12_S0T15_S3T5_S3T8_S3T12_S3T15_S7T5_S7T8_S7T12_S7T15_S10T5_S10T8_S10T12_S10T15,0,0,0,3.234,3.234,0.36700000000000005,0.0,-0.9640000000000001,-1.538,-1.247,-1.391,5.0,-0.136,-1.685,-4.723,4.466,8.836,-0.273,0.823,2.472,6.8420000000000005,5.984,5.2989999999999995,SSE,3.8280000000000003,-0.6829999999999999,76.225
146,347,9004,joint,65535,1111111111111111,S0T5_S0T8_S0T12_S0T15_S3T5_S3T8_S3T12_S3T15_S7T5_S7T8_S7T12_S7T15_S10T5_S10T8_S10T12_S10T15,0,0,0,6.745,6.745,0.156,0.0,0.961,1.288,-0.6409999999999999,-3.614,2.269,5.43,-1.933,-4.683,5.053,1.284,-3.616,-0.0,3.972,3.971,-1.287,-1.935,SSE,0.639,56.581,-38.301
147,348,9005,joint,65535,1111111111111111,S0T5_S0T8_S0T12_S0T15_S3T5_S3T8_S3T12_S3T15_S7T5_S7T8_S7T12_S7T15_S10T5_S10T8_S10T12_S10T15,0,0,0,8.286,8.286,0.254,0.0,4.06,9.215,3.33,-2.873,9.215,4.3180000000000005,0.591,-0.988,3.0989999999999998,4.06,-3.5669999999999997,0.39299999999999996,10.642999999999999,4.3180000000000005,-2.6510000000000002,-3.5669999999999997,SSE,5.891,-14.479000000000001,103.819
148,349,9006,joint,65535,1111111111111111,S0T5_S0T8_S0T12_S0T15_S3T5_S3T8_S3T12_S3T15_S7T5_S7T8_S7T12_S7T15_S10T5_S10T8_S10T12_S10T15,0,0,0,4.876,4.876,0.261,0.0,3.951,11.26,-3.24,-3.471,6.271,5.303,2.3680000000000003,-0.38299999999999995,9.607999999999999,7.442,-1.551,-0.191,12.41,8.967,-10.357999999999999,-3.471,SSE,5.212000000000001,-10.565999999999999,95.991
149,350,9007,joint,65535,1111111111111111,S0T5_S0T8_S0T12_S0T15_S3T5_S3T8_S3T12_S3T15_S7T5_S7T8_S7T12_S7T15_S10T5_S10T8_S10T12_S10T15,0,0,0,5.561,5.561,0.19399999999999998,0.0,12.064,6.74,1.2930000000000001,-4.0569999999999995,10.013,8.437000000000001,5.653,-0.257,5.653,7.545,10.013,-9.448,3.761,5.653,-8.437000000000001,-1.2930000000000001,SSE,2.9010000000000002,8.184,58.492
150,351,9008,joint,65535,1111111111111111,S0T5_S0T8_S0T12_S0T15_S3T5_S3T8_S3T12_S3T15_S7T5_S7T8_S7T12_S7T15_S10T5_S10T8_S10T12_S10T15,0,0,0,1.994,1.994,0.33,0.0,-2.042,-1.548,-1.545,-4.694,4.965,-0.0,-4.196000000000001,-2.042,5.252000000000001,3.531,-2.2119999999999997,-0.608,5.252000000000001,7.1,4.965,0.151,SSE,2.668,10.864,53.131
151,352,9009,joint,65535,1111111111111111,S0T5_S0T8_S0T12_S0T15_S3T5_S3T8_S3T12_S3T15_S7T5_S7T8_S7T12_S7T15_S10T5_S10T8_S10T12_S10T15,0,0,0,4.687,4.687,0.53,0.0,1.599,2.926,-0.0,-1.379,2.074,2.074,-1.599,-2.616,13.360999999999999,2.926,0.284,-1.829,11.409,6.89,-1.599,0.094,SSE,8.396,-25.820999999999998,126.50200000000001
152,353,9010,joint,65535,1111111111111111,S0T5_S0T8_S0T12_S0T15_S3T5_S3T8_S3T12_S3T15_S7T5_S7T8_S7T12_S7T15_S10T5_S10T8_S10T12_S10T15,0,0,0,7.295,7.295,0.9179999999999999,0.0,2.553,0.27399999999999997,-0.7959999999999999,-0.7959999999999999,2.249,0.9229999999999999,-0.8590000000000001,-0.7959999999999999,11.526,2.5540000000000003,0.735,-0.9229999999999999,13.823,14.32,0.8590000000000001,0.556,SSE,4.148,-3.2569999999999997,81.373
