sub_ind,sub_ID,fit_to,comb_index,comb,feature_names,asymm_LR,bounded_weights,gaze,LR_up,LR_down,inv_temp,gaze_bias,feature_weight_1,feature_weight_2,feature_weight_3,feature_weight_4,feature_weight_5,feature_weight_6,feature_weight_7,feature_weight_8,feature_weight_9,feature_weight_10,feature_weight_11,feature_weight_12,feature_weight_13,feature_weight_14,feature_weight_15,feature_weight_16,feature_weight_17,cost_type,SSE,LL,BIC,model_type,features
1,2003,joint,131071,11111111111111111,Coop_S0T5_S0T8_S0T12_S0T15_S3T5_S3T8_S3T12_S3T15_S7T5_S7T8_S7T12_S7T15_S10T5_S10T8_S10T12_S10T15,0,0,0,0.01,0.01,0.071,0.0,5.51,5.6979999999999995,14.122,-16.637,-6.254,17.676,13.08,-6.9239999999999995,-17.505,-2.628,13.064,-8.311,-0.45899999999999996,4.842,15.207,-9.088,-1.959,SSE,3.8789999999999996,-1.112,81.242,FeatureRL,CoST
2,2004,joint,131071,11111111111111111,Coop_S0T5_S0T8_S0T12_S0T15_S3T5_S3T8_S3T12_S3T15_S7T5_S7T8_S7T12_S7T15_S10T5_S10T8_S10T12_S10T15,0,0,0,0.01,0.01,0.151,0.0,1.705,5.595,7.49,-1.3719999999999999,-2.037,8.082,3.533,-3.7110000000000003,-13.187000000000001,6.9639999999999995,2.415,-14.591,-2.026,15.2,14.886,-6.938,-11.979000000000001,SSE,3.0069999999999997,7.037999999999999,64.942,FeatureRL,CoST
3,2005,joint,131071,11111111111111111,Coop_S0T5_S0T8_S0T12_S0T15_S3T5_S3T8_S3T12_S3T15_S7T5_S7T8_S7T12_S7T15_S10T5_S10T8_S10T12_S10T15,0,0,0,0.01,0.01,0.114,0.0,4.338,5.297999999999999,1.6119999999999999,-6.098,-17.976,13.845,2.62,-15.86,-19.564,2.613,11.794,-4.329,-16.555999999999997,0.631,10.107000000000001,-3.458,-10.267999999999999,SSE,2.437,13.759,51.501000000000005,FeatureRL,CoST
4,2006,joint,131071,11111111111111111,Coop_S0T5_S0T8_S0T12_S0T15_S3T5_S3T8_S3T12_S3T15_S7T5_S7T8_S7T12_S7T15_S10T5_S10T8_S10T12_S10T15,0,0,0,0.01,0.01,0.19,0.0,1.474,5.416,1.786,-0.41100000000000003,0.39,6.678,2.0780000000000003,-3.6060000000000003,-4.442,4.662,1.7890000000000001,-5.015,-5.9270000000000005,3.971,3.967,-8.355,-5.311,SSE,2.037,19.499000000000002,40.02,FeatureRL,CoST
5,2008,joint,131071,11111111111111111,Coop_S0T5_S0T8_S0T12_S0T15_S3T5_S3T8_S3T12_S3T15_S7T5_S7T8_S7T12_S7T15_S10T5_S10T8_S10T12_S10T15,0,0,0,0.54,0.54,0.49,0.0,0.478,0.087,3.0180000000000002,-4.3580000000000005,-0.21100000000000002,1.699,4.968999999999999,-1.9509999999999998,-0.386,3.765,0.32899999999999996,-2.204,0.799,1.889,0.846,-1.636,-2.217,SSE,6.053999999999999,-15.356,109.73100000000001,FeatureRL,CoST
6,2009,joint,131071,11111111111111111,Coop_S0T5_S0T8_S0T12_S0T15_S3T5_S3T8_S3T12_S3T15_S7T5_S7T8_S7T12_S7T15_S10T5_S10T8_S10T12_S10T15,0,0,0,0.01,0.01,0.11199999999999999,0.0,0.943,-5.018,-4.069,-5.986000000000001,-12.600999999999999,2.24,-0.062,-4.556,-2.727,15.424000000000001,8.251,-1.3980000000000001,1.3130000000000002,9.446,12.112,-1.841,0.382,SSE,2.728,10.157,58.70399999999999,FeatureRL,CoST
7,2011,joint,131071,11111111111111111,Coop_S0T5_S0T8_S0T12_S0T15_S3T5_S3T8_S3T12_S3T15_S7T5_S7T8_S7T12_S7T15_S10T5_S10T8_S10T12_S10T15,0,0,0,0.441,0.441,0.44299999999999995,0.0,1.4569999999999999,2.855,1.545,0.9840000000000001,0.529,2.7539999999999996,3.2969999999999997,3.6510000000000002,-1.087,3.0069999999999997,3.4410000000000003,0.18,1.8780000000000001,2.375,1.1,-1.34,-4.756,SSE,2.931,7.862,63.295,FeatureRL,CoST
8,2013,joint,131071,11111111111111111,Coop_S0T5_S0T8_S0T12_S0T15_S3T5_S3T8_S3T12_S3T15_S7T5_S7T8_S7T12_S7T15_S10T5_S10T8_S10T12_S10T15,0,0,0,0.146,0.146,0.17800000000000002,0.0,-1.402,5.707000000000001,4.9719999999999995,4.897,0.373,6.874,7.015,5.585,-1.6269999999999998,7.664,3.4939999999999998,1.7719999999999998,-0.191,8.458,8.527000000000001,-3.8960000000000004,-3.2289999999999996,SSE,2.94,7.757000000000001,63.505,FeatureRL,CoST
9,2014,joint,131071,11111111111111111,Coop_S0T5_S0T8_S0T12_S0T15_S3T5_S3T8_S3T12_S3T15_S7T5_S7T8_S7T12_S7T15_S10T5_S10T8_S10T12_S10T15,0,0,0,0.01,0.01,0.11199999999999999,0.0,-0.248,0.251,7.296,-19.424,0.247,0.22399999999999998,-6.744,0.239,-18.208,8.377,0.272,-7.825,-7.41,19.884,7.856,0.253,0.643,SSE,7.337999999999999,-21.511,122.04,FeatureRL,CoST
10,2015,joint,131071,11111111111111111,Coop_S0T5_S0T8_S0T12_S0T15_S3T5_S3T8_S3T12_S3T15_S7T5_S7T8_S7T12_S7T15_S10T5_S10T8_S10T12_S10T15,0,0,0,0.01,0.01,0.077,0.0,-2.386,5.662999999999999,4.332,4.34,-11.866,6.977,8.323,-3.5439999999999996,-8.603,11.859000000000002,11.855,10.405,-9.353,11.114,14.145,-6.34,-7.087000000000001,SSE,4.406000000000001,-5.19,89.399,FeatureRL,CoST
11,2016,joint,131071,11111111111111111,Coop_S0T5_S0T8_S0T12_S0T15_S3T5_S3T8_S3T12_S3T15_S7T5_S7T8_S7T12_S7T15_S10T5_S10T8_S10T12_S10T15,0,0,0,0.01,0.01,0.095,0.0,-1.7830000000000001,12.687000000000001,10.722000000000001,0.727,-19.962,10.109,3.372,-4.175,-9.111,-0.8740000000000001,3.375,-4.169,2.84,14.833,11.362,-5.331,-9.117,SSE,4.186,-3.5460000000000003,86.11,FeatureRL,CoST
12,2019,joint,131071,11111111111111111,Coop_S0T5_S0T8_S0T12_S0T15_S3T5_S3T8_S3T12_S3T15_S7T5_S7T8_S7T12_S7T15_S10T5_S10T8_S10T12_S10T15,0,0,0,0.01,0.01,0.069,0.0,2.346,13.595999999999998,18.916,-2.3409999999999997,-18.274,-2.343,5.07,-2.3409999999999997,-2.34,5.0680000000000005,1.304,5.066,-9.753,13.595,-2.34,-2.34,-9.75,SSE,2.906,8.126,62.766000000000005,FeatureRL,CoST
13,2020,joint,131071,11111111111111111,Coop_S0T5_S0T8_S0T12_S0T15_S3T5_S3T8_S3T12_S3T15_S7T5_S7T8_S7T12_S7T15_S10T5_S10T8_S10T12_S10T15,0,0,0,0.355,0.355,0.483,0.0,2.372,3.0,3.64,-4.018,-3.242,3.509,4.056,-3.9219999999999997,-2.286,3.2289999999999996,3.5380000000000003,-0.165,-3.284,1.905,2.946,-3.483,-2.733,SSE,2.781,9.54,59.93899999999999,FeatureRL,CoST
14,2021,joint,131071,11111111111111111,Coop_S0T5_S0T8_S0T12_S0T15_S3T5_S3T8_S3T12_S3T15_S7T5_S7T8_S7T12_S7T15_S10T5_S10T8_S10T12_S10T15,0,0,0,0.01,0.01,0.033,0.0,2.946,6.144,-19.914,-1.4380000000000002,-8.976,-16.714000000000002,3.095,-10.498,-2.9419999999999997,15.677999999999999,1.575,-2.94,9.25,6.149,15.664000000000001,19.044,1.575,SSE,2.049,19.313,40.393,FeatureRL,CoST
15,2022,joint,131071,11111111111111111,Coop_S0T5_S0T8_S0T12_S0T15_S3T5_S3T8_S3T12_S3T15_S7T5_S7T8_S7T12_S7T15_S10T5_S10T8_S10T12_S10T15,0,0,0,0.47700000000000004,0.47700000000000004,0.262,0.0,2.88,1.2919999999999998,5.751,-5.226,-6.085,5.83,6.523,-8.503,-3.315,6.028,2.369,4.7139999999999995,-9.262,9.209,5.144,-3.168,-5.492999999999999,SSE,3.0439999999999996,6.649,65.722,FeatureRL,CoST
16,2023,joint,131071,11111111111111111,Coop_S0T5_S0T8_S0T12_S0T15_S3T5_S3T8_S3T12_S3T15_S7T5_S7T8_S7T12_S7T15_S10T5_S10T8_S10T12_S10T15,0,0,0,1.001,1.001,0.287,0.0,0.8190000000000001,2.583,3.908,-0.867,-3.266,4.617,2.926,0.9209999999999999,-1.5119999999999998,1.714,2.509,-1.589,-2.063,5.111000000000001,-0.9390000000000001,-1.226,0.247,SSE,4.1339999999999995,-3.145,85.30799999999999,FeatureRL,CoST
17,2024,joint,131071,11111111111111111,Coop_S0T5_S0T8_S0T12_S0T15_S3T5_S3T8_S3T12_S3T15_S7T5_S7T8_S7T12_S7T15_S10T5_S10T8_S10T12_S10T15,0,0,0,0.993,0.993,0.5329999999999999,0.0,-0.541,5.235,4.288,-3.758,0.943,5.501,3.157,-0.36200000000000004,0.028999999999999998,4.9319999999999995,3.6910000000000003,1.2830000000000001,-0.5589999999999999,4.7330000000000005,4.971,1.255,-0.413,SSE,3.4560000000000004,2.585,73.84899999999999,FeatureRL,CoST
18,2025,joint,131071,11111111111111111,Coop_S0T5_S0T8_S0T12_S0T15_S3T5_S3T8_S3T12_S3T15_S7T5_S7T8_S7T12_S7T15_S10T5_S10T8_S10T12_S10T15,0,0,0,0.01,0.01,0.121,0.0,0.073,0.34600000000000003,1.587,-12.205,-15.262,12.755,1.176,-0.077,-4.298,16.03,13.49,-1.315,-9.158999999999999,11.41,12.755999999999998,1.172,-5.657,SSE,3.465,2.498,74.023,FeatureRL,CoST
19,2026,joint,131071,11111111111111111,Coop_S0T5_S0T8_S0T12_S0T15_S3T5_S3T8_S3T12_S3T15_S7T5_S7T8_S7T12_S7T15_S10T5_S10T8_S10T12_S10T15,0,0,0,0.01,0.01,0.175,0.0,19.892,-3.055,4.291,-4.419,-15.359000000000002,15.347000000000001,5.218999999999999,4.421,-5.457000000000001,14.908,15.419,-4.397,-9.339,16.295,16.862000000000002,5.763,-13.936,SSE,1.0659999999999998,40.209,-1.3980000000000001,FeatureRL,CoST
20,2027,joint,131071,11111111111111111,Coop_S0T5_S0T8_S0T12_S0T15_S3T5_S3T8_S3T12_S3T15_S7T5_S7T8_S7T12_S7T15_S10T5_S10T8_S10T12_S10T15,0,0,0,0.168,0.168,0.369,0.0,0.7070000000000001,2.322,2.853,-3.5660000000000003,0.727,2.39,0.8390000000000001,-0.5720000000000001,-1.7309999999999999,2.396,2.362,-1.979,-1.909,2.392,0.7490000000000001,0.769,-3.5389999999999997,SSE,1.659,26.06,26.898000000000003,FeatureRL,CoST
21,2029,joint,131071,11111111111111111,Coop_S0T5_S0T8_S0T12_S0T15_S3T5_S3T8_S3T12_S3T15_S7T5_S7T8_S7T12_S7T15_S10T5_S10T8_S10T12_S10T15,0,0,0,0.01,0.01,0.051,0.0,-0.799,16.358,5.769,-5.164,-14.762,10.878,4.737,-4.166,-15.937000000000001,17.524,2.775,-11.424000000000001,-14.758,0.8270000000000001,8.789,-3.158,-5.162999999999999,SSE,1.665,25.962,27.094,FeatureRL,CoST
22,2030,joint,131071,11111111111111111,Coop_S0T5_S0T8_S0T12_S0T15_S3T5_S3T8_S3T12_S3T15_S7T5_S7T8_S7T12_S7T15_S10T5_S10T8_S10T12_S10T15,0,0,0,0.01,0.01,0.102,0.0,3.318,-0.855,-9.9,-7.791,-16.108,0.652,3.2710000000000004,-13.407,-14.048,19.451,11.833,-11.017000000000001,-4.79,9.486,10.235,-2.333,-0.858,SSE,4.463,-5.596,90.211,FeatureRL,CoST
23,2031,joint,131071,11111111111111111,Coop_S0T5_S0T8_S0T12_S0T15_S3T5_S3T8_S3T12_S3T15_S7T5_S7T8_S7T12_S7T15_S10T5_S10T8_S10T12_S10T15,0,0,0,3.162,3.162,0.152,0.0,2.661,8.423,-1.264,-1.714,-8.959,1.226,6.716,-4.802,-2.326,2.575,4.055,-1.4,0.079,7.354,6.433,1.0270000000000001,-5.034,SSE,2.7960000000000003,9.362,60.295,FeatureRL,CoST
24,2032,joint,131071,11111111111111111,Coop_S0T5_S0T8_S0T12_S0T15_S3T5_S3T8_S3T12_S3T15_S7T5_S7T8_S7T12_S7T15_S10T5_S10T8_S10T12_S10T15,0,0,0,0.01,0.01,0.115,0.0,-2.945,2.076,1.6440000000000001,1.2109999999999999,3.8169999999999997,7.856,11.363,1.202,1.6440000000000001,19.815,1.6469999999999998,3.3819999999999997,-3.403,9.797,2.076,10.307,-18.833,SSE,8.995,-28.024,135.067,FeatureRL,CoST
25,2033,joint,131071,11111111111111111,Coop_S0T5_S0T8_S0T12_S0T15_S3T5_S3T8_S3T12_S3T15_S7T5_S7T8_S7T12_S7T15_S10T5_S10T8_S10T12_S10T15,0,0,0,1.49,1.49,0.163,0.0,5.516,3.563,2.931,-1.18,-8.516,3.71,2.354,-2.485,-6.05,7.44,6.454,-9.449,-2.174,0.789,2.15,-6.9,-11.394,SSE,2.479,13.222999999999999,52.574,FeatureRL,CoST
26,2034,joint,131071,11111111111111111,Coop_S0T5_S0T8_S0T12_S0T15_S3T5_S3T8_S3T12_S3T15_S7T5_S7T8_S7T12_S7T15_S10T5_S10T8_S10T12_S10T15,0,0,0,0.01,0.01,0.124,0.0,0.42100000000000004,-0.418,1.599,-8.225,-8.224,6.879,6.882999999999999,-8.22,-11.572000000000001,6.8839999999999995,10.729000000000001,-4.961,-6.3020000000000005,5.46,12.059000000000001,-6.763999999999999,-9.259,SSE,2.271,16.017,46.985,FeatureRL,CoST
27,2035,joint,131071,11111111111111111,Coop_S0T5_S0T8_S0T12_S0T15_S3T5_S3T8_S3T12_S3T15_S7T5_S7T8_S7T12_S7T15_S10T5_S10T8_S10T12_S10T15,0,0,0,3.548,3.548,0.32899999999999996,0.0,3.9930000000000003,0.42700000000000005,1.083,-0.46,-1.87,-1.5959999999999999,7.386,-0.215,-4.81,6.97,5.5,0.423,-5.9270000000000005,3.0060000000000002,4.385,0.9420000000000001,-5.206,SSE,4.338,-4.684,88.38600000000001,FeatureRL,CoST
28,2037,joint,131071,11111111111111111,Coop_S0T5_S0T8_S0T12_S0T15_S3T5_S3T8_S3T12_S3T15_S7T5_S7T8_S7T12_S7T15_S10T5_S10T8_S10T12_S10T15,0,0,0,0.01,0.01,0.094,0.0,2.4330000000000003,-5.1,-12.068,7.212999999999999,-13.411,-0.833,-14.103,4.15,-4.561,-8.424,-10.189,9.232000000000001,-7.856,19.415,-1.365,7.864,5.334,SSE,8.647,-26.764,132.547,FeatureRL,CoST
29,2039,joint,131071,11111111111111111,Coop_S0T5_S0T8_S0T12_S0T15_S3T5_S3T8_S3T12_S3T15_S7T5_S7T8_S7T12_S7T15_S10T5_S10T8_S10T12_S10T15,0,0,0,0.565,0.565,0.163,0.0,3.9560000000000004,-3.4160000000000004,0.601,-6.7620000000000005,-6.982,0.113,0.382,-3.6289999999999996,5.01,0.10300000000000001,5.568,0.309,-7.276,5.131,-0.08199999999999999,-3.0010000000000003,-3.657,SSE,3.904,-1.3119999999999998,81.643,FeatureRL,CoST
30,2040,joint,131071,11111111111111111,Coop_S0T5_S0T8_S0T12_S0T15_S3T5_S3T8_S3T12_S3T15_S7T5_S7T8_S7T12_S7T15_S10T5_S10T8_S10T12_S10T15,0,0,0,0.01,0.01,0.081,0.0,3.641,-6.736000000000001,14.447000000000001,3.3280000000000003,-4.865,1.357,-3.645,8.312999999999999,-10.59,-6.737,0.096,-0.536,0.08,-9.931000000000001,3.319,6.0889999999999995,-9.93,SSE,6.175,-15.989,110.99700000000001,FeatureRL,CoST
31,2041,joint,131071,11111111111111111,Coop_S0T5_S0T8_S0T12_S0T15_S3T5_S3T8_S3T12_S3T15_S7T5_S7T8_S7T12_S7T15_S10T5_S10T8_S10T12_S10T15,0,0,0,0.012,0.012,0.149,0.0,2.6660000000000004,-0.642,-3.658,-3.9989999999999997,-3.32,5.622999999999999,-1.9909999999999999,-8.727,-14.255999999999998,11.182,5.624,0.055,-2.329,9.628,8.336,-1.6569999999999998,-2.987,SSE,4.3580000000000005,-4.834,88.68700000000001,FeatureRL,CoST
32,2042,joint,131071,11111111111111111,Coop_S0T5_S0T8_S0T12_S0T15_S3T5_S3T8_S3T12_S3T15_S7T5_S7T8_S7T12_S7T15_S10T5_S10T8_S10T12_S10T15,0,0,0,0.01,0.01,0.096,0.0,3.353,-7.557,6.075,-8.657,-11.536,13.682,3.0839999999999996,-10.935,-4.907,6.718999999999999,16.855999999999998,-12.767999999999999,-4.3919999999999995,13.684000000000001,15.724,-2.305,-12.144,SSE,3.753,-0.057,79.132,FeatureRL,CoST
33,2044,joint,131071,11111111111111111,Coop_S0T5_S0T8_S0T12_S0T15_S3T5_S3T8_S3T12_S3T15_S7T5_S7T8_S7T12_S7T15_S10T5_S10T8_S10T12_S10T15,0,0,0,1.8780000000000001,1.8780000000000001,0.24100000000000002,0.0,2.748,8.959,3.219,-1.98,-2.169,5.937,8.455,-4.357,-2.804,8.566,0.6890000000000001,-5.05,-3.997,2.677,2.585,-11.140999999999998,-10.158,SSE,3.553,1.696,75.627,FeatureRL,CoST
34,2045,joint,131071,11111111111111111,Coop_S0T5_S0T8_S0T12_S0T15_S3T5_S3T8_S3T12_S3T15_S7T5_S7T8_S7T12_S7T15_S10T5_S10T8_S10T12_S10T15,0,0,0,0.012,0.012,0.22899999999999998,0.0,1.213,-5.711,-6.3260000000000005,-14.077,-5.187,-10.811,-0.777,-5.192,-6.306,11.505999999999998,7.832000000000001,-1.6380000000000001,2.7739999999999996,17.988,3.5869999999999997,8.978,10.475,SSE,5.395,-11.667,102.354,FeatureRL,CoST
35,2046,joint,131071,11111111111111111,Coop_S0T5_S0T8_S0T12_S0T15_S3T5_S3T8_S3T12_S3T15_S7T5_S7T8_S7T12_S7T15_S10T5_S10T8_S10T12_S10T15,0,0,0,0.878,0.878,0.261,0.0,3.2230000000000003,8.231,6.138,-2.329,-5.665,5.327000000000001,9.142000000000001,0.19699999999999998,-8.842,8.077,3.3489999999999998,-0.465,-1.655,2.6860000000000004,4.137,-8.006,-3.8139999999999996,SSE,3.3510000000000004,3.572,71.876,FeatureRL,CoST
36,2047,joint,131071,11111111111111111,Coop_S0T5_S0T8_S0T12_S0T15_S3T5_S3T8_S3T12_S3T15_S7T5_S7T8_S7T12_S7T15_S10T5_S10T8_S10T12_S10T15,0,0,0,0.01,0.01,0.07,0.0,-0.997,-0.418,-1.126,-11.04,-9.39,1.709,-6.252999999999999,-12.754000000000001,-4.026,14.735999999999999,8.246,-19.766,3.8369999999999997,19.567999999999998,18.55,2.4130000000000003,-1.857,SSE,4.941,-8.851,96.72,FeatureRL,CoST
37,2048,joint,131071,11111111111111111,Coop_S0T5_S0T8_S0T12_S0T15_S3T5_S3T8_S3T12_S3T15_S7T5_S7T8_S7T12_S7T15_S10T5_S10T8_S10T12_S10T15,0,0,0,0.01,0.01,0.099,0.0,1.0759999999999998,-3.613,-5.705,-9.048,-13.588,-0.062,-4.65,1.9809999999999999,-8.467,4.093999999999999,10.72,-2.082,1.47,19.796,8.737,0.447,4.09,SSE,2.891,8.301,62.416000000000004,FeatureRL,CoST
38,2050,joint,131071,11111111111111111,Coop_S0T5_S0T8_S0T12_S0T15_S3T5_S3T8_S3T12_S3T15_S7T5_S7T8_S7T12_S7T15_S10T5_S10T8_S10T12_S10T15,0,0,0,0.01,0.01,0.08800000000000001,0.0,1.104,-0.532,4.687,-19.666,-1.671,0.599,-2.802,-5.111000000000001,-10.706,9.184,0.599,-2.237,-8.119,5.292999999999999,19.682000000000002,-5.111000000000001,1.744,SSE,5.268,-10.908,100.834,FeatureRL,CoST
39,2051,joint,131071,11111111111111111,Coop_S0T5_S0T8_S0T12_S0T15_S3T5_S3T8_S3T12_S3T15_S7T5_S7T8_S7T12_S7T15_S10T5_S10T8_S10T12_S10T15,0,0,0,2.234,2.234,0.311,0.0,2.441,5.546,4.993,-2.364,-4.945,4.711,4.599,-0.748,-2.905,4.583,3.812,0.13699999999999998,-6.475,4.4910000000000005,5.107,-0.499,-3.6630000000000003,SSE,1.7690000000000001,24.025,30.968000000000004,FeatureRL,CoST
40,2053,joint,131071,11111111111111111,Coop_S0T5_S0T8_S0T12_S0T15_S3T5_S3T8_S3T12_S3T15_S7T5_S7T8_S7T12_S7T15_S10T5_S10T8_S10T12_S10T15,0,0,0,0.273,0.273,0.23399999999999999,0.0,3.715,12.755,6.1979999999999995,-2.489,-3.719,1.166,-2.85,-2.765,-4.427,1.554,1.442,-3.7239999999999998,-7.881,10.033,2.049,-3.89,-3.4960000000000004,SSE,6.067,-15.425,109.868,FeatureRL,CoST
41,2054,joint,131071,11111111111111111,Coop_S0T5_S0T8_S0T12_S0T15_S3T5_S3T8_S3T12_S3T15_S7T5_S7T8_S7T12_S7T15_S10T5_S10T8_S10T12_S10T15,0,0,0,0.01,0.01,0.081,0.0,3.0239999999999996,1.979,-11.329,-19.178,0.705,12.222000000000001,3.279,-19.169,-16.569000000000003,18.355999999999998,0.078,-7.377000000000001,-10.652000000000001,13.130999999999998,7.438,17.203,0.7140000000000001,SSE,3.614,1.157,76.705,FeatureRL,CoST
42,2055,joint,131071,11111111111111111,Coop_S0T5_S0T8_S0T12_S0T15_S3T5_S3T8_S3T12_S3T15_S7T5_S7T8_S7T12_S7T15_S10T5_S10T8_S10T12_S10T15,0,0,0,1.538,1.538,0.149,0.0,0.138,5.496,4.351,-5.686,-10.556,7.898,1.429,3.44,-14.734000000000002,12.162,4.506,-2.5810000000000004,-5.011,8.655,10.602,-1.456,-1.8019999999999998,SSE,4.61,-6.6370000000000005,92.29299999999999,FeatureRL,CoST
43,2057,joint,131071,11111111111111111,Coop_S0T5_S0T8_S0T12_S0T15_S3T5_S3T8_S3T12_S3T15_S7T5_S7T8_S7T12_S7T15_S10T5_S10T8_S10T12_S10T15,0,0,0,0.01,0.01,0.08,0.0,6.15,-11.202,-13.870999999999999,-1.734,11.157,7.559,-8.017999999999999,-5.518,1.581,-10.554,8.408999999999999,-16.71,-6.145,19.593,-6.147,-11.204,-9.276,SSE,6.744,-18.807000000000002,116.633,FeatureRL,CoST
44,2058,joint,131071,11111111111111111,Coop_S0T5_S0T8_S0T12_S0T15_S3T5_S3T8_S3T12_S3T15_S7T5_S7T8_S7T12_S7T15_S10T5_S10T8_S10T12_S10T15,0,0,0,0.01,0.01,0.15,0.0,2.845,-11.065,-12.595999999999998,-6.599,-11.56,-1.175,-11.558,-11.074000000000002,-13.158,12.749,2.7889999999999997,0.5529999999999999,-7.331,16.73,9.374,-0.833,1.641,SSE,1.69,25.484,28.051,FeatureRL,CoST
45,2059,joint,131071,11111111111111111,Coop_S0T5_S0T8_S0T12_S0T15_S3T5_S3T8_S3T12_S3T15_S7T5_S7T8_S7T12_S7T15_S10T5_S10T8_S10T12_S10T15,0,0,0,1.196,1.196,0.34700000000000003,0.0,2.528,1.146,2.662,-1.94,-4.453,1.0490000000000002,1.2329999999999999,-2.7460000000000004,-3.822,1.3559999999999999,-0.385,-1.719,-2.5,2.8310000000000004,0.040999999999999995,-1.395,-4.6819999999999995,SSE,1.69,25.475,28.068,FeatureRL,CoST
46,2062,joint,131071,11111111111111111,Coop_S0T5_S0T8_S0T12_S0T15_S3T5_S3T8_S3T12_S3T15_S7T5_S7T8_S7T12_S7T15_S10T5_S10T8_S10T12_S10T15,0,0,0,0.01,0.01,0.09300000000000001,0.0,4.149,9.884,1.329,-8.482000000000001,-9.606,9.88,0.205,-6.831,4.928,10.698,5.579,-2.531,-9.607999999999999,4.931,4.934,-8.477,-6.827999999999999,SSE,3.2089999999999996,4.96,69.09899999999999,FeatureRL,CoST
47,2063,joint,131071,11111111111111111,Coop_S0T5_S0T8_S0T12_S0T15_S3T5_S3T8_S3T12_S3T15_S7T5_S7T8_S7T12_S7T15_S10T5_S10T8_S10T12_S10T15,0,0,0,0.01,0.01,0.14400000000000002,0.0,2.327,9.76,7.34,-2.324,-15.049000000000001,10.508,12.932,-5.872000000000001,-4.771,4.842,9.106,-7.0089999999999995,1.601,4.419,4.859,-7.007999999999999,-8.64,SSE,3.61,1.193,76.632,FeatureRL,CoST
48,2065,joint,131071,11111111111111111,Coop_S0T5_S0T8_S0T12_S0T15_S3T5_S3T8_S3T12_S3T15_S7T5_S7T8_S7T12_S7T15_S10T5_S10T8_S10T12_S10T15,0,0,0,0.01,0.01,0.125,0.0,1.9669999999999999,0.46399999999999997,-8.279,-16.687,-15.087,7.375,-1.159,-16.663,-9.728,11.933,6.319,-1.966,-2.762,18.167,14.58,7.375,-5.209,SSE,4.279,-4.248,87.515,FeatureRL,CoST
49,2066,joint,131071,11111111111111111,Coop_S0T5_S0T8_S0T12_S0T15_S3T5_S3T8_S3T12_S3T15_S7T5_S7T8_S7T12_S7T15_S10T5_S10T8_S10T12_S10T15,0,0,0,0.01,0.01,0.09,0.0,2.166,14.104000000000001,-1.595,-9.042,-18.433,18.213,-1.608,-12.235999999999999,-1.605,9.302,11.552999999999999,-4.381,-1.6,0.6459999999999999,14.125,-1.598,-4.399,SSE,3.94,-1.6130000000000002,82.245,FeatureRL,CoST
50,2067,joint,131071,11111111111111111,Coop_S0T5_S0T8_S0T12_S0T15_S3T5_S3T8_S3T12_S3T15_S7T5_S7T8_S7T12_S7T15_S10T5_S10T8_S10T12_S10T15,0,0,0,0.01,0.01,0.152,0.0,1.0270000000000001,10.415999999999999,13.456,-0.693,3.054,8.654,0.308,-4.736000000000001,-2.338,12.6,10.425,-4.395,-8.258,5.789,4.57,-8.704,-9.173,SSE,2.721,10.232000000000001,58.553999999999995,FeatureRL,CoST
51,2069,joint,131071,11111111111111111,Coop_S0T5_S0T8_S0T12_S0T15_S3T5_S3T8_S3T12_S3T15_S7T5_S7T8_S7T12_S7T15_S10T5_S10T8_S10T12_S10T15,0,0,0,2.355,2.355,0.179,0.0,4.29,8.87,1.399,-9.914,-6.563,4.343,-1.1440000000000001,-2.536,-10.376,8.941,2.687,-5.358,-6.702000000000001,-0.342,4.0969999999999995,-6.394,-1.719,SSE,2.905,8.14,62.738,FeatureRL,CoST
52,2070,joint,131071,11111111111111111,Coop_S0T5_S0T8_S0T12_S0T15_S3T5_S3T8_S3T12_S3T15_S7T5_S7T8_S7T12_S7T15_S10T5_S10T8_S10T12_S10T15,0,0,0,0.013000000000000001,0.013000000000000001,0.307,0.0,1.3030000000000002,8.247,7.401,-3.8710000000000004,-3.858,7.712000000000001,18.754,-10.086,-1.287,15.213,19.42,-0.475,-4.875,7.407,3.487,-10.129,-17.937,SSE,4.578,-6.412999999999999,91.845,FeatureRL,CoST
53,2071,joint,131071,11111111111111111,Coop_S0T5_S0T8_S0T12_S0T15_S3T5_S3T8_S3T12_S3T15_S7T5_S7T8_S7T12_S7T15_S10T5_S10T8_S10T12_S10T15,0,0,0,0.01,0.01,0.11199999999999999,0.0,2.8939999999999997,-2.432,-2.889,-11.562999999999999,-4.239,12.63,4.172,-18.408,-9.432,5.78,0.271,11.787,-1.5430000000000001,6.371,14.517000000000001,4.687,4.176,SSE,4.28,-4.262,87.542,FeatureRL,CoST
54,2072,joint,131071,11111111111111111,Coop_S0T5_S0T8_S0T12_S0T15_S3T5_S3T8_S3T12_S3T15_S7T5_S7T8_S7T12_S7T15_S10T5_S10T8_S10T12_S10T15,0,0,0,0.01,0.01,0.085,0.0,4.49,3.472,8.459,-5.667000000000001,-4.477,6.223,8.465,6.939,-3.298,13.75,17.226,12.752,-13.773,11.887,19.862000000000002,-13.764000000000001,-13.092,SSE,2.9160000000000004,8.023,62.973,FeatureRL,CoST
55,2073,joint,131071,11111111111111111,Coop_S0T5_S0T8_S0T12_S0T15_S3T5_S3T8_S3T12_S3T15_S7T5_S7T8_S7T12_S7T15_S10T5_S10T8_S10T12_S10T15,0,0,0,9.216000000000001,9.216000000000001,2.858,0.0,3.565,-16.699,6.645,-9.439,-11.947000000000001,7.837000000000001,4.331,-2.9219999999999997,-3.168,4.708,6.727,-4.474,-4.449,9.484,2.105,-1.785,1.5759999999999998,SSE,1.84,22.76,33.499,FeatureRL,CoST
56,2074,joint,131071,11111111111111111,Coop_S0T5_S0T8_S0T12_S0T15_S3T5_S3T8_S3T12_S3T15_S7T5_S7T8_S7T12_S7T15_S10T5_S10T8_S10T12_S10T15,0,0,0,0.012,0.012,0.237,0.0,2.475,-1.626,1.883,-4.622,-5.318,1.3519999999999999,6.768,-0.312,-8.315,1.0979999999999999,2.151,-8.312999999999999,-6.825,6.221,4.434,-3.745,-5.787000000000001,SSE,4.986000000000001,-9.142999999999999,97.305,FeatureRL,CoST
57,2075,joint,131071,11111111111111111,Coop_S0T5_S0T8_S0T12_S0T15_S3T5_S3T8_S3T12_S3T15_S7T5_S7T8_S7T12_S7T15_S10T5_S10T8_S10T12_S10T15,0,0,0,0.01,0.01,0.271,0.0,-1.3090000000000002,5.355,1.307,1.304,-2.7539999999999996,-2.7439999999999998,1.3030000000000002,-2.7460000000000004,-2.748,5.372000000000001,5.365,-2.7560000000000002,-19.692,19.909000000000002,5.347,1.304,1.3090000000000002,SSE,11.752,-36.582,152.18200000000002,FeatureRL,CoST
58,2079,joint,131071,11111111111111111,Coop_S0T5_S0T8_S0T12_S0T15_S3T5_S3T8_S3T12_S3T15_S7T5_S7T8_S7T12_S7T15_S10T5_S10T8_S10T12_S10T15,0,0,0,2.378,2.378,0.6,0.0,0.42700000000000005,14.407,0.135,-2.657,-3.4010000000000002,6.9079999999999995,-1.6380000000000001,-1.534,-17.613,1.265,1.4040000000000001,-3.59,-2.719,6.874,1.239,-1.8519999999999999,-1.379,SSE,5.401,-11.700999999999999,102.42200000000001,FeatureRL,CoST
59,2080,joint,131071,11111111111111111,Coop_S0T5_S0T8_S0T12_S0T15_S3T5_S3T8_S3T12_S3T15_S7T5_S7T8_S7T12_S7T15_S10T5_S10T8_S10T12_S10T15,0,0,0,0.256,0.256,0.14,0.0,1.651,0.6509999999999999,-1.983,-12.107999999999999,-5.93,1.65,0.4,-6.359,-5.571000000000001,10.741,9.641,2.124,-7.6370000000000005,4.087,4.981,-0.07400000000000001,1.675,SSE,3.843,-0.813,80.64399999999999,FeatureRL,CoST
60,2081,joint,131071,11111111111111111,Coop_S0T5_S0T8_S0T12_S0T15_S3T5_S3T8_S3T12_S3T15_S7T5_S7T8_S7T12_S7T15_S10T5_S10T8_S10T12_S10T15,0,0,0,0.01,0.01,0.153,0.0,3.8510000000000004,19.462,4.713,0.9209999999999999,-8.996,7.485,2.076,1.305,-9.374,3.332,7.468,-8.986,-3.841,10.494000000000002,-1.8719999999999999,-17.334,-10.177,SSE,4.6930000000000005,-7.207000000000001,93.434,FeatureRL,CoST
61,2082,joint,131071,11111111111111111,Coop_S0T5_S0T8_S0T12_S0T15_S3T5_S3T8_S3T12_S3T15_S7T5_S7T8_S7T12_S7T15_S10T5_S10T8_S10T12_S10T15,0,0,0,0.389,0.389,0.209,0.0,-3.2110000000000003,3.24,2.9010000000000002,3.18,3.069,3.28,-0.19,3.2119999999999997,2.9939999999999998,2.699,0.552,2.745,3.161,2.844,0.259,3.247,2.6639999999999997,SSE,5.6339999999999995,-13.052999999999999,105.125,FeatureRL,CoST
62,2083,joint,131071,11111111111111111,Coop_S0T5_S0T8_S0T12_S0T15_S3T5_S3T8_S3T12_S3T15_S7T5_S7T8_S7T12_S7T15_S10T5_S10T8_S10T12_S10T15,0,0,0,0.011000000000000001,0.011000000000000001,0.14,0.0,2.352,3.73,2.8939999999999997,-1.9969999999999999,-9.281,4.579,-6.775,-6.777,1.7080000000000002,-1.273,-6.394,2.484,-3.056,9.385,2.887,-14.755999999999998,2.075,SSE,5.489,-12.22,103.459,FeatureRL,CoST
63,2088,joint,131071,11111111111111111,Coop_S0T5_S0T8_S0T12_S0T15_S3T5_S3T8_S3T12_S3T15_S7T5_S7T8_S7T12_S7T15_S10T5_S10T8_S10T12_S10T15,0,0,0,0.01,0.01,0.085,0.0,-0.545,-8.017000000000001,-8.021,-19.762,-3.609,9.785,-18.664,-4.202,-11.567,5.909,13.425999999999998,8.46,8.459,12.647,16.804000000000002,11.179,6.527,SSE,6.655,-18.384,115.787,FeatureRL,CoST
64,2089,joint,131071,11111111111111111,Coop_S0T5_S0T8_S0T12_S0T15_S3T5_S3T8_S3T12_S3T15_S7T5_S7T8_S7T12_S7T15_S10T5_S10T8_S10T12_S10T15,0,0,0,0.01,0.01,0.113,0.0,1.3530000000000002,5.617999999999999,1.328,-15.829,-9.389,10.905,4.65,-4.474,-4.479,10.235,0.873,-4.0280000000000005,1.7890000000000001,14.901,8.365,2.685,-4.031000000000001,SSE,4.944,-8.87,96.759,FeatureRL,CoST
65,2093,joint,131071,11111111111111111,Coop_S0T5_S0T8_S0T12_S0T15_S3T5_S3T8_S3T12_S3T15_S7T5_S7T8_S7T12_S7T15_S10T5_S10T8_S10T12_S10T15,0,0,0,0.01,0.01,0.132,0.0,-1.179,13.59,8.515,-4.791,-6.1579999999999995,1.55,9.487,-11.944,-3.9189999999999996,17.809,14.300999999999998,-6.644,-10.552999999999999,5.456,8.044,-11.959000000000001,-19.308,SSE,4.223,-3.8310000000000004,86.681,FeatureRL,CoST
66,2094,joint,131071,11111111111111111,Coop_S0T5_S0T8_S0T12_S0T15_S3T5_S3T8_S3T12_S3T15_S7T5_S7T8_S7T12_S7T15_S10T5_S10T8_S10T12_S10T15,0,0,0,4.046,4.046,0.141,0.0,2.8789999999999996,-2.494,1.9040000000000001,-0.5579999999999999,10.794,1.875,0.685,-0.48700000000000004,-0.44299999999999995,9.093,-0.7190000000000001,-7.385,0.818,3.656,3.673,-2.16,-7.351,SSE,3.5660000000000003,1.588,75.842,FeatureRL,CoST
67,2095,joint,131071,11111111111111111,Coop_S0T5_S0T8_S0T12_S0T15_S3T5_S3T8_S3T12_S3T15_S7T5_S7T8_S7T12_S7T15_S10T5_S10T8_S10T12_S10T15,0,0,0,0.01,0.01,0.11800000000000001,0.0,3.036,-19.465999999999998,-8.732000000000001,-10.703,-3.0410000000000004,-2.6189999999999998,-8.27,-19.462,-3.0410000000000004,4.632,2.6639999999999997,-3.463,-3.035,19.746,6.827000000000001,4.125,-9.701,SSE,6.483,-17.548,114.11399999999999,FeatureRL,CoST
68,2096,joint,131071,11111111111111111,Coop_S0T5_S0T8_S0T12_S0T15_S3T5_S3T8_S3T12_S3T15_S7T5_S7T8_S7T12_S7T15_S10T5_S10T8_S10T12_S10T15,0,0,0,0.01,0.01,0.078,0.0,5.535,-18.842,-9.453,-6.834,-8.12,-11.469000000000001,-12.796,-8.121,-15.696,-7.462000000000001,-10.079,-0.976,-12.132,4.625,19.448,-2.951,-10.083,SSE,8.974,-27.95,134.91899999999998,FeatureRL,CoST
69,2097,joint,131071,11111111111111111,Coop_S0T5_S0T8_S0T12_S0T15_S3T5_S3T8_S3T12_S3T15_S7T5_S7T8_S7T12_S7T15_S10T5_S10T8_S10T12_S10T15,0,0,0,0.01,0.01,0.09,0.0,2.824,-4.481,-6.162999999999999,-9.672,-18.164,-0.603,-7.888,-7.307,-17.305999999999997,5.261,-1.165,-0.04,0.521,19.967,13.4,14.334000000000001,-3.373,SSE,5.296,-11.075,101.16799999999999,FeatureRL,CoST
70,2098,joint,131071,11111111111111111,Coop_S0T5_S0T8_S0T12_S0T15_S3T5_S3T8_S3T12_S3T15_S7T5_S7T8_S7T12_S7T15_S10T5_S10T8_S10T12_S10T15,0,0,0,0.01,0.01,0.16699999999999998,0.0,0.142,5.672999999999999,0.46399999999999997,-10.529000000000002,-9.962,11.507,9.686,-5.212000000000001,-13.277999999999999,11.525,-3.8510000000000004,9.69,-10.526,13.052,12.222000000000001,3.573,-4.513999999999999,SSE,2.436,13.775,51.468999999999994,FeatureRL,CoST
71,2099,joint,131071,11111111111111111,Coop_S0T5_S0T8_S0T12_S0T15_S3T5_S3T8_S3T12_S3T15_S7T5_S7T8_S7T12_S7T15_S10T5_S10T8_S10T12_S10T15,0,0,0,2.502,2.502,0.09699999999999999,0.0,4.8069999999999995,3.207,9.652000000000001,-4.808,-4.6080000000000005,9.895,10.27,-8.107000000000001,-3.1630000000000003,8.86,12.435,-4.196000000000001,-3.799,-3.822,2.656,-9.12,-3.9819999999999998,SSE,3.122,5.834,67.351,FeatureRL,CoST
72,2100,joint,131071,11111111111111111,Coop_S0T5_S0T8_S0T12_S0T15_S3T5_S3T8_S3T12_S3T15_S7T5_S7T8_S7T12_S7T15_S10T5_S10T8_S10T12_S10T15,0,0,0,2.648,2.648,0.19899999999999998,0.0,0.9179999999999999,6.077999999999999,3.0460000000000003,2.654,-3.937,8.416,3.428,-1.105,0.348,8.157,2.905,-3.448,-6.542000000000001,-0.311,0.428,-4.263,-7.966,SSE,3.43,2.833,73.352,FeatureRL,CoST
73,2101,joint,131071,11111111111111111,Coop_S0T5_S0T8_S0T12_S0T15_S3T5_S3T8_S3T12_S3T15_S7T5_S7T8_S7T12_S7T15_S10T5_S10T8_S10T12_S10T15,0,0,0,0.011000000000000001,0.011000000000000001,0.098,0.0,2.667,12.265,5.966,-4.192,-8.967,11.459000000000001,10.686,-4.191,-3.174,3.091,10.687999999999999,1.466,-6.261,-3.1719999999999997,-0.613,-13.182,-13.847000000000001,SSE,3.2689999999999997,4.364,70.292,FeatureRL,CoST
74,2102,joint,131071,11111111111111111,Coop_S0T5_S0T8_S0T12_S0T15_S3T5_S3T8_S3T12_S3T15_S7T5_S7T8_S7T12_S7T15_S10T5_S10T8_S10T12_S10T15,0,0,0,0.011000000000000001,0.011000000000000001,0.201,0.0,1.7380000000000002,-1.73,3.415,-1.98,-6.871,-6.256,3.1010000000000004,-1.979,-1.982,-1.7309999999999999,14.45,-16.384,-1.479,12.944,16.483,-1.733,3.096,SSE,9.017999999999999,-28.107,135.232,FeatureRL,CoST
75,2103,joint,131071,11111111111111111,Coop_S0T5_S0T8_S0T12_S0T15_S3T5_S3T8_S3T12_S3T15_S7T5_S7T8_S7T12_S7T15_S10T5_S10T8_S10T12_S10T15,0,0,0,0.01,0.01,0.11599999999999999,0.0,2.492,-2.489,16.445,-8.795,-2.915,16.447,5.335,-2.4859999999999998,-8.787,16.447,4.815,-9.28,-2.488,17.713,-2.92,-9.283,-9.286,SSE,6.468999999999999,-17.476,113.971,FeatureRL,CoST
76,2104,joint,131071,11111111111111111,Coop_S0T5_S0T8_S0T12_S0T15_S3T5_S3T8_S3T12_S3T15_S7T5_S7T8_S7T12_S7T15_S10T5_S10T8_S10T12_S10T15,0,0,0,0.01,0.01,0.099,0.0,1.1420000000000001,2.947,-4.703,-19.623,-9.085,4.004,-8.503,-12.888,-8.5,12.052999999999999,7.393,-4.184,-3.159,15.382,17.358,11.315999999999999,0.885,SSE,2.366,14.707,49.604,FeatureRL,CoST
77,2105,joint,131071,11111111111111111,Coop_S0T5_S0T8_S0T12_S0T15_S3T5_S3T8_S3T12_S3T15_S7T5_S7T8_S7T12_S7T15_S10T5_S10T8_S10T12_S10T15,0,0,0,0.01,0.01,0.054000000000000006,0.0,0.769,-19.842,2.015,3.8819999999999997,8.682,8.682,13.809000000000001,-1.6840000000000002,-2.614,-2.616,8.681000000000001,6.732,-15.329,-2.617,19.54,0.161,-15.339,SSE,8.95,-27.866,134.75,FeatureRL,CoST
78,2107,joint,131071,11111111111111111,Coop_S0T5_S0T8_S0T12_S0T15_S3T5_S3T8_S3T12_S3T15_S7T5_S7T8_S7T12_S7T15_S10T5_S10T8_S10T12_S10T15,0,0,0,9.762,9.762,4.876,0.0,1.9509999999999998,12.097999999999999,-0.606,-12.595999999999998,-2.8369999999999997,9.265,5.2170000000000005,-13.879000000000001,-11.309000000000001,0.363,5.507000000000001,-3.41,-12.488,-0.392,0.27899999999999997,-3.5189999999999997,-2.571,SSE,4.022,-2.267,83.554,FeatureRL,CoST
79,2108,joint,131071,11111111111111111,Coop_S0T5_S0T8_S0T12_S0T15_S3T5_S3T8_S3T12_S3T15_S7T5_S7T8_S7T12_S7T15_S10T5_S10T8_S10T12_S10T15,0,0,0,0.01,0.01,0.055999999999999994,0.0,2.003,8.009,11.977,-1.113,-17.017,11.974,-2.888,-13.952,-17.018,19.903,4.27,2.454,-2.888,8.007,8.01,-12.005,-12.972000000000001,SSE,5.06,-9.618,98.255,FeatureRL,CoST
80,2109,joint,131071,11111111111111111,Coop_S0T5_S0T8_S0T12_S0T15_S3T5_S3T8_S3T12_S3T15_S7T5_S7T8_S7T12_S7T15_S10T5_S10T8_S10T12_S10T15,0,0,0,1.881,1.881,0.23800000000000002,0.0,2.736,1.4469999999999998,-5.769,-2.131,-3.258,1.7369999999999999,-0.677,-3.1319999999999997,-2.07,-4.513999999999999,4.502,-2.99,-3.182,1.29,1.2770000000000001,-5.058,-5.586,SSE,4.841,-8.201,95.42,FeatureRL,CoST
81,2110,joint,131071,11111111111111111,Coop_S0T5_S0T8_S0T12_S0T15_S3T5_S3T8_S3T12_S3T15_S7T5_S7T8_S7T12_S7T15_S10T5_S10T8_S10T12_S10T15,0,0,0,1.023,1.023,0.282,0.0,1.7890000000000001,5.581,2.7769999999999997,-0.299,-3.9010000000000002,2.24,6.056,-0.598,-1.18,5.606,6.059,6.315,-3.975,3.378,5.686,-2.7760000000000002,-8.096,SSE,4.19,-3.5810000000000004,86.181,FeatureRL,CoST
82,2111,joint,131071,11111111111111111,Coop_S0T5_S0T8_S0T12_S0T15_S3T5_S3T8_S3T12_S3T15_S7T5_S7T8_S7T12_S7T15_S10T5_S10T8_S10T12_S10T15,0,0,0,0.01,0.01,0.105,0.0,-0.13,3.5010000000000003,1.085,-10.317,7.635,8.196,-1.301,-2.259,-2.745,19.76,0.608,-16.366,0.134,-2.741,8.77,0.133,-0.821,SSE,9.264,-28.967,136.953,FeatureRL,CoST
83,2112,joint,131071,11111111111111111,Coop_S0T5_S0T8_S0T12_S0T15_S3T5_S3T8_S3T12_S3T15_S7T5_S7T8_S7T12_S7T15_S10T5_S10T8_S10T12_S10T15,0,0,0,0.01,0.01,0.09,0.0,1.712,-2.824,-2.265,-12.45,-13.159,3.367,-1.1540000000000001,-13.158,-10.449000000000002,10.469000000000001,9.744,-6.2,2.779,19.81,10.47,-6.202000000000001,-2.2640000000000002,SSE,5.792999999999999,-13.947000000000001,106.913,FeatureRL,CoST
84,2113,joint,131071,11111111111111111,Coop_S0T5_S0T8_S0T12_S0T15_S3T5_S3T8_S3T12_S3T15_S7T5_S7T8_S7T12_S7T15_S10T5_S10T8_S10T12_S10T15,0,0,0,0.01,0.01,0.078,0.0,-1.844,-2.718,-2.0540000000000003,-9.855,-2.715,18.704,-13.186,-4.74,-18.123,17.774,7.0729999999999995,0.555,-0.098,7.742000000000001,12.765,-6.855,5.081,SSE,7.191,-20.862,120.742,FeatureRL,CoST
85,2114,joint,131071,11111111111111111,Coop_S0T5_S0T8_S0T12_S0T15_S3T5_S3T8_S3T12_S3T15_S7T5_S7T8_S7T12_S7T15_S10T5_S10T8_S10T12_S10T15,0,0,0,0.01,0.01,0.10099999999999999,0.0,4.189,-8.706,-10.255,-10.854000000000001,2.508,-2.204,-8.719,-9.222000000000001,-12.59,3.057,-3.6710000000000003,5.346,-0.17300000000000001,12.944,8.766,12.962,1.949,SSE,3.8939999999999997,-1.2329999999999999,81.485,FeatureRL,CoST
86,2115,joint,131071,11111111111111111,Coop_S0T5_S0T8_S0T12_S0T15_S3T5_S3T8_S3T12_S3T15_S7T5_S7T8_S7T12_S7T15_S10T5_S10T8_S10T12_S10T15,0,0,0,0.01,0.01,0.081,0.0,0.47200000000000003,7.2139999999999995,3.923,-5.502000000000001,-4.857,11.56,4.565,-0.469,-4.856,8.604,7.212999999999999,-3.5869999999999997,-10.253,8.607000000000001,10.793,-1.09,-6.807,SSE,1.768,24.03,30.958000000000002,FeatureRL,CoST
87,2118,joint,131071,11111111111111111,Coop_S0T5_S0T8_S0T12_S0T15_S3T5_S3T8_S3T12_S3T15_S7T5_S7T8_S7T12_S7T15_S10T5_S10T8_S10T12_S10T15,0,0,0,0.01,0.01,0.114,0.0,3.4789999999999996,-7.0489999999999995,-7.042999999999999,-0.355,-18.75,5.069,-0.359,-17.133,-8.926,13.675,8.068,0.556,-3.4760000000000004,17.168,1.496,9.445,2.964,SSE,3.628,1.028,76.964,FeatureRL,CoST
88,2119,joint,131071,11111111111111111,Coop_S0T5_S0T8_S0T12_S0T15_S3T5_S3T8_S3T12_S3T15_S7T5_S7T8_S7T12_S7T15_S10T5_S10T8_S10T12_S10T15,0,0,0,0.01,0.01,0.105,0.0,0.679,7.361000000000001,14.052999999999999,-19.206,-1.6159999999999999,6.803999999999999,6.808,-9.267000000000001,-16.245,6.273,15.811,-8.721,-8.136000000000001,15.807,8.524,-2.583,-9.913,SSE,4.29,-4.33,87.679,FeatureRL,CoST
89,2123,joint,131071,11111111111111111,Coop_S0T5_S0T8_S0T12_S0T15_S3T5_S3T8_S3T12_S3T15_S7T5_S7T8_S7T12_S7T15_S10T5_S10T8_S10T12_S10T15,0,0,0,0.595,0.595,0.945,0.0,-3.781,1.21,4.7589999999999995,-12.819,-13.152000000000001,2.041,2.506,1.4280000000000002,-10.83,4.444,2.602,2.661,2.23,3.0589999999999997,6.837999999999999,1.889,-10.634,SSE,8.809,-27.355999999999998,133.73,FeatureRL,CoST
90,2124,joint,131071,11111111111111111,Coop_S0T5_S0T8_S0T12_S0T15_S3T5_S3T8_S3T12_S3T15_S7T5_S7T8_S7T12_S7T15_S10T5_S10T8_S10T12_S10T15,0,0,0,0.01,0.01,0.098,0.0,-2.2230000000000003,-7.037999999999999,0.72,-6.399,-19.941,4.257,1.73,8.493,4.295,10.867,9.674,6.386,10.27,14.099,9.64,8.524,1.6909999999999998,SSE,8.672,-26.855999999999998,132.73,FeatureRL,CoST
91,2125,joint,131071,11111111111111111,Coop_S0T5_S0T8_S0T12_S0T15_S3T5_S3T8_S3T12_S3T15_S7T5_S7T8_S7T12_S7T15_S10T5_S10T8_S10T12_S10T15,0,0,0,4.957,4.957,0.12300000000000001,0.0,5.313,13.38,2.281,-2.51,-0.917,7.811,3.783,-4.2410000000000005,-5.821000000000001,6.843,5.794,-8.102,-11.83,4.071000000000001,-1.057,-11.73,-8.115,SSE,1.6680000000000001,25.904,27.21,FeatureRL,CoST
92,2126,joint,131071,11111111111111111,Coop_S0T5_S0T8_S0T12_S0T15_S3T5_S3T8_S3T12_S3T15_S7T5_S7T8_S7T12_S7T15_S10T5_S10T8_S10T12_S10T15,0,0,0,7.915,7.915,3.766,0.0,7.567,8.094,7.525,3.733,-10.048,5.6610000000000005,7.901,6.145,-9.127,8.162,8.217,-7.132000000000001,-7.649,-7.03,3.4210000000000003,-9.471,-1.137,SSE,2.342,15.040999999999999,48.937,FeatureRL,CoST
93,2128,joint,131071,11111111111111111,Coop_S0T5_S0T8_S0T12_S0T15_S3T5_S3T8_S3T12_S3T15_S7T5_S7T8_S7T12_S7T15_S10T5_S10T8_S10T12_S10T15,0,0,0,0.011000000000000001,0.011000000000000001,0.08,0.0,1.2690000000000001,-0.006999999999999999,17.034000000000002,-6.332000000000001,-5.034,10.844000000000001,8.584,2.509,-3.138,10.061,11.636,-9.682,-11.84,5.787000000000001,3.799,-11.109000000000002,-9.68,SSE,5.147,-10.163,99.346,FeatureRL,CoST
94,2129,joint,131071,11111111111111111,Coop_S0T5_S0T8_S0T12_S0T15_S3T5_S3T8_S3T12_S3T15_S7T5_S7T8_S7T12_S7T15_S10T5_S10T8_S10T12_S10T15,0,0,0,3.945,3.945,0.2,0.0,7.2989999999999995,3.522,1.6880000000000002,-3.6919999999999997,-7.687,10.462,10.002,-5.343999999999999,-4.663,2.617,1.5119999999999998,-1.307,-12.315999999999999,1.66,1.251,-11.157,-10.286,SSE,4.707,-7.305,93.62799999999999,FeatureRL,CoST
95,2130,joint,131071,11111111111111111,Coop_S0T5_S0T8_S0T12_S0T15_S3T5_S3T8_S3T12_S3T15_S7T5_S7T8_S7T12_S7T15_S10T5_S10T8_S10T12_S10T15,0,0,0,0.01,0.01,0.14800000000000002,0.0,-0.679,8.074,1.3459999999999999,-14.055,-13.185,15.527999999999999,6.375,-15.062999999999999,-0.682,13.847000000000001,-3.884,-14.242,-12.443,15.46,1.345,-5.856,-5.034,SSE,4.559,-6.277,91.573,FeatureRL,CoST
96,2131,joint,131071,11111111111111111,Coop_S0T5_S0T8_S0T12_S0T15_S3T5_S3T8_S3T12_S3T15_S7T5_S7T8_S7T12_S7T15_S10T5_S10T8_S10T12_S10T15,0,0,0,9.52,9.52,1.795,0.0,6.827000000000001,12.612,-3.932,-10.093,-5.507999999999999,1.463,4.7860000000000005,-3.323,-9.606,-2.965,2.877,-6.524,-7.375,1.933,-0.153,-3.91,-7.119,SSE,4.415,-5.254,89.527,FeatureRL,CoST
97,2132,joint,131071,11111111111111111,Coop_S0T5_S0T8_S0T12_S0T15_S3T5_S3T8_S3T12_S3T15_S7T5_S7T8_S7T12_S7T15_S10T5_S10T8_S10T12_S10T15,0,0,0,0.01,0.01,0.16399999999999998,0.0,0.48200000000000004,10.113999999999999,11.362,-11.1,-12.335,4.329,13.866,-0.473,0.135,10.095,5.442,-9.935,-9.9,12.129000000000001,5.067,-11.075999999999999,-1.395,SSE,2.535,12.508,54.003,FeatureRL,CoST
98,2133,joint,131071,11111111111111111,Coop_S0T5_S0T8_S0T12_S0T15_S3T5_S3T8_S3T12_S3T15_S7T5_S7T8_S7T12_S7T15_S10T5_S10T8_S10T12_S10T15,0,0,0,0.01,0.01,0.037000000000000005,0.0,0.095,-0.095,-18.401,2.6189999999999998,-19.907,16.695,-0.095,-0.09699999999999999,-19.898,-0.09699999999999999,-0.098,-1.455,3.9819999999999998,19.727,1.264,-0.099,1.2590000000000001,SSE,6.61,-18.167,115.353,FeatureRL,CoST
99,2134,joint,131071,11111111111111111,Coop_S0T5_S0T8_S0T12_S0T15_S3T5_S3T8_S3T12_S3T15_S7T5_S7T8_S7T12_S7T15_S10T5_S10T8_S10T12_S10T15,0,0,0,0.01,0.01,0.096,0.0,4.647,13.485,14.548,-13.501,-12.284,15.69,12.494000000000002,-12.28,-12.283,18.328,1.8219999999999998,-12.279000000000002,-5.688,15.693,10.687000000000001,-19.952,-5.685,SSE,3.068,6.393,66.232,FeatureRL,CoST
100,2135,joint,131071,11111111111111111,Coop_S0T5_S0T8_S0T12_S0T15_S3T5_S3T8_S3T12_S3T15_S7T5_S7T8_S7T12_S7T15_S10T5_S10T8_S10T12_S10T15,0,0,0,0.01,0.01,0.040999999999999995,0.0,3.5060000000000002,14.225,12.853,0.142,3.826,8.883,8.891,-4.713,-8.367,11.511,6.331,-10.835999999999999,-18.514,12.850999999999999,12.857000000000001,-19.852,-8.367,SSE,0.929,44.632,-10.245,FeatureRL,CoST
101,2136,joint,131071,11111111111111111,Coop_S0T5_S0T8_S0T12_S0T15_S3T5_S3T8_S3T12_S3T15_S7T5_S7T8_S7T12_S7T15_S10T5_S10T8_S10T12_S10T15,0,0,0,0.642,0.642,0.371,0.0,2.128,1.6540000000000001,-1.4680000000000002,-3.2560000000000002,-2.735,0.627,-2.415,-3.04,-2.359,0.063,1.797,-2.8680000000000003,-4.217,2.863,6.071000000000001,1.226,-4.6819999999999995,SSE,3.238,4.673,69.672,FeatureRL,CoST
102,2137,joint,131071,11111111111111111,Coop_S0T5_S0T8_S0T12_S0T15_S3T5_S3T8_S3T12_S3T15_S7T5_S7T8_S7T12_S7T15_S10T5_S10T8_S10T12_S10T15,0,0,0,5.553999999999999,5.553999999999999,0.214,0.0,2.659,4.881,3.545,-6.21,-2.053,10.758,0.733,-6.403,-6.642,10.327,9.478,-5.256,-5.1770000000000005,10.48,-0.268,-7.894,-7.162999999999999,SSE,5.726,-13.565999999999999,106.15,FeatureRL,CoST
103,2138,joint,131071,11111111111111111,Coop_S0T5_S0T8_S0T12_S0T15_S3T5_S3T8_S3T12_S3T15_S7T5_S7T8_S7T12_S7T15_S10T5_S10T8_S10T12_S10T15,0,0,0,0.605,0.605,0.377,0.0,2.145,0.81,4.031000000000001,-2.719,-3.36,3.637,3.21,-1.785,-1.52,3.3569999999999998,1.6219999999999999,-5.05,1.136,0.701,1.6159999999999999,-1.706,-2.9730000000000003,SSE,3.247,4.578,69.863,FeatureRL,CoST
104,2139,joint,131071,11111111111111111,Coop_S0T5_S0T8_S0T12_S0T15_S3T5_S3T8_S3T12_S3T15_S7T5_S7T8_S7T12_S7T15_S10T5_S10T8_S10T12_S10T15,0,0,0,0.39,0.39,0.125,0.0,5.165,1.064,-6.039,-6.871,-8.726,6.4510000000000005,1.946,-5.109,-0.08,5.327999999999999,9.158,-0.171,7.109,2.877,-0.344,0.879,-1.0659999999999998,SSE,4.011,-2.182,83.383,FeatureRL,CoST
105,2140,joint,131071,11111111111111111,Coop_S0T5_S0T8_S0T12_S0T15_S3T5_S3T8_S3T12_S3T15_S7T5_S7T8_S7T12_S7T15_S10T5_S10T8_S10T12_S10T15,0,0,0,0.01,0.01,0.145,0.0,-0.102,4.0,-5.343999999999999,-8.946,-7.478,7.232,1.485,-6.586,7.682,14.35,12.056,0.105,-19.980999999999998,15.25,18.792,5.95,-7.4879999999999995,SSE,5.891,-14.482000000000001,107.98299999999999,FeatureRL,CoST
106,2141,joint,131071,11111111111111111,Coop_S0T5_S0T8_S0T12_S0T15_S3T5_S3T8_S3T12_S3T15_S7T5_S7T8_S7T12_S7T15_S10T5_S10T8_S10T12_S10T15,0,0,0,0.011000000000000001,0.011000000000000001,0.077,0.0,0.937,-0.9279999999999999,18.16,0.369,-2.23,9.342,7.14,-5.537000000000001,-5.537000000000001,13.387,3.012,-9.721,-6.212000000000001,9.347999999999999,1.682,-9.717,-1.58,SSE,4.878,-8.443999999999999,95.90700000000001,FeatureRL,CoST
107,2142,joint,131071,11111111111111111,Coop_S0T5_S0T8_S0T12_S0T15_S3T5_S3T8_S3T12_S3T15_S7T5_S7T8_S7T12_S7T15_S10T5_S10T8_S10T12_S10T15,0,0,0,0.01,0.01,0.08800000000000001,0.0,3.305,8.439,2.506,-6.1579999999999995,-9.105,2.502,8.446,-9.109,9.959,7.718,7.015,-9.101,-3.303,4.3660000000000005,11.59,-10.964,-19.052,SSE,3.1,6.063,66.893,FeatureRL,CoST
108,2143,joint,131071,11111111111111111,Coop_S0T5_S0T8_S0T12_S0T15_S3T5_S3T8_S3T12_S3T15_S7T5_S7T8_S7T12_S7T15_S10T5_S10T8_S10T12_S10T15,0,0,0,0.858,0.858,0.179,0.0,0.514,5.902,6.46,-11.475,-6.718999999999999,9.253,8.297,0.7040000000000001,2.2230000000000003,9.387,6.367000000000001,-1.306,-8.056000000000001,1.75,1.4180000000000001,-8.399,-7.061,SSE,1.9409999999999998,21.046,36.926,FeatureRL,CoST
109,2144,joint,131071,11111111111111111,Coop_S0T5_S0T8_S0T12_S0T15_S3T5_S3T8_S3T12_S3T15_S7T5_S7T8_S7T12_S7T15_S10T5_S10T8_S10T12_S10T15,0,0,0,0.011000000000000001,0.011000000000000001,0.11699999999999999,0.0,-1.0859999999999999,-5.636,-4.6080000000000005,-18.875999999999998,-6.127999999999999,9.91,1.527,0.612,-8.297,9.884,9.366,7.829,-15.558,10.462,9.366,8.859,17.641,SSE,6.3020000000000005,-16.642,112.302,FeatureRL,CoST
110,2145,joint,131071,11111111111111111,Coop_S0T5_S0T8_S0T12_S0T15_S3T5_S3T8_S3T12_S3T15_S7T5_S7T8_S7T12_S7T15_S10T5_S10T8_S10T12_S10T15,0,0,0,0.01,0.01,0.102,0.0,6.6979999999999995,11.26,1.585,2.7880000000000003,-14.966,13.477,13.460999999999999,-8.646,-7.664,14.755999999999998,11.242,2.189,-6.693,16.185,13.502,12.307,-14.960999999999999,SSE,4.316,-4.529,88.07600000000001,FeatureRL,CoST
111,2146,joint,131071,11111111111111111,Coop_S0T5_S0T8_S0T12_S0T15_S3T5_S3T8_S3T12_S3T15_S7T5_S7T8_S7T12_S7T15_S10T5_S10T8_S10T12_S10T15,0,0,0,0.011000000000000001,0.011000000000000001,0.115,0.0,4.043,8.759,13.998,-3.16,-4.4719999999999995,7.395,8.07,-11.431,1.8559999999999999,5.559,12.956,-12.498,-1.393,12.946,12.956,-5.782,-10.409,SSE,3.698,0.42200000000000004,78.176,FeatureRL,CoST
112,2147,joint,131071,11111111111111111,Coop_S0T5_S0T8_S0T12_S0T15_S3T5_S3T8_S3T12_S3T15_S7T5_S7T8_S7T12_S7T15_S10T5_S10T8_S10T12_S10T15,0,0,0,0.01,0.01,0.12,0.0,5.181,9.225,15.675999999999998,-4.3389999999999995,-3.505,9.221,7.694,-4.336,-1.795,2.364,10.972000000000001,-8.1,-2.6519999999999997,11.97,2.887,-6.836,-3.4989999999999997,SSE,2.758,9.802,59.415,FeatureRL,CoST
113,2150,joint,131071,11111111111111111,Coop_S0T5_S0T8_S0T12_S0T15_S3T5_S3T8_S3T12_S3T15_S7T5_S7T8_S7T12_S7T15_S10T5_S10T8_S10T12_S10T15,0,0,0,0.01,0.01,0.364,0.0,0.376,18.824,18.775,-19.588,-19.596,18.629,18.750999999999998,-19.517,-3.395,18.875,18.027,-19.441,-19.711,18.495,18.937,-19.6,-19.567999999999998,SSE,0.7509999999999999,51.443000000000005,-23.866,FeatureRL,CoST
114,2152,joint,131071,11111111111111111,Coop_S0T5_S0T8_S0T12_S0T15_S3T5_S3T8_S3T12_S3T15_S7T5_S7T8_S7T12_S7T15_S10T5_S10T8_S10T12_S10T15,0,0,0,0.01,0.01,0.1,0.0,-3.4139999999999997,-2.7739999999999996,10.142999999999999,-6.263999999999999,-7.56,19.762,10.709000000000001,-6.263,-18.531,4.41,11.284,1.4069999999999998,-3.324,11.286,10.142000000000001,-5.645,5.414,SSE,6.343999999999999,-16.851,112.721,FeatureRL,CoST
115,2154,joint,131071,11111111111111111,Coop_S0T5_S0T8_S0T12_S0T15_S3T5_S3T8_S3T12_S3T15_S7T5_S7T8_S7T12_S7T15_S10T5_S10T8_S10T12_S10T15,0,0,0,0.01,0.01,0.09300000000000001,0.0,5.54,9.337,-6.595,-13.357000000000001,-7.13,9.32,8.568999999999999,-6.079,-12.142000000000001,-3.931,11.075999999999999,0.51,-12.162,12.045,10.121,11.164000000000001,2.272,SSE,3.0460000000000003,6.627000000000001,65.764,FeatureRL,CoST
116,2156,joint,131071,11111111111111111,Coop_S0T5_S0T8_S0T12_S0T15_S3T5_S3T8_S3T12_S3T15_S7T5_S7T8_S7T12_S7T15_S10T5_S10T8_S10T12_S10T15,0,0,0,0.01,0.01,0.15,0.0,0.305,4.944,-7.181,-19.834,-1.98,2.74,11.248,-4.425,-1.301,15.290999999999999,8.414,3.818,-9.027999999999999,0.698,13.449000000000002,-13.253,-7.189,SSE,3.734,0.109,78.8,FeatureRL,CoST
117,2157,joint,131071,11111111111111111,Coop_S0T5_S0T8_S0T12_S0T15_S3T5_S3T8_S3T12_S3T15_S7T5_S7T8_S7T12_S7T15_S10T5_S10T8_S10T12_S10T15,0,0,0,0.01,0.01,0.083,0.0,-0.235,7.65,11.112,-7.837000000000001,-3.989,1.433,5.085,-9.205,-5.242999999999999,11.114,6.355,-0.371,-10.625,18.82,5.098,-7.176,-7.169,SSE,2.6180000000000003,11.474,56.071999999999996,FeatureRL,CoST
118,2158,joint,131071,11111111111111111,Coop_S0T5_S0T8_S0T12_S0T15_S3T5_S3T8_S3T12_S3T15_S7T5_S7T8_S7T12_S7T15_S10T5_S10T8_S10T12_S10T15,0,0,0,0.01,0.01,0.069,0.0,-0.5379999999999999,5.6339999999999995,5.63,-9.172,-0.9059999999999999,5.631,15.409,7.129,-12.526,17.334,-0.182,-7.587999999999999,-18.311,-0.182,2.701,4.888999999999999,-8.375,SSE,2.725,10.195,58.629,FeatureRL,CoST
119,2159,joint,131071,11111111111111111,Coop_S0T5_S0T8_S0T12_S0T15_S3T5_S3T8_S3T12_S3T15_S7T5_S7T8_S7T12_S7T15_S10T5_S10T8_S10T12_S10T15,0,0,0,0.01,0.01,0.063,0.0,3.491,5.461,3.766,-5.077,-8.288,11.880999999999998,5.486000000000001,-14.197000000000001,-11.607000000000001,8.088,2.115,-1.9169999999999998,-11.597999999999999,0.48200000000000004,2.9410000000000003,-8.289,-15.091,SSE,1.964,20.668000000000003,37.681999999999995,FeatureRL,CoST
120,2160,joint,131071,11111111111111111,Coop_S0T5_S0T8_S0T12_S0T15_S3T5_S3T8_S3T12_S3T15_S7T5_S7T8_S7T12_S7T15_S10T5_S10T8_S10T12_S10T15,0,0,0,0.01,0.01,0.052000000000000005,0.0,4.46,3.344,6.385,6.375,-7.34,15.386,0.366,-12.238,-10.258,4.333,9.585,-12.238,-9.273,2.33,15.380999999999998,-13.245999999999999,-15.287,SSE,2.076,18.899,41.221000000000004,FeatureRL,CoST
121,2161,joint,131071,11111111111111111,Coop_S0T5_S0T8_S0T12_S0T15_S3T5_S3T8_S3T12_S3T15_S7T5_S7T8_S7T12_S7T15_S10T5_S10T8_S10T12_S10T15,0,0,0,1.3130000000000002,1.3130000000000002,0.28,0.0,1.9269999999999998,4.6819999999999995,4.877,-3.36,-1.5,3.873,3.588,-1.153,-3.576,4.357,4.276,-3.878,-0.905,4.3260000000000005,1.899,-6.769,-3.23,SSE,2.7689999999999997,9.677999999999999,59.663000000000004,FeatureRL,CoST
122,2162,joint,131071,11111111111111111,Coop_S0T5_S0T8_S0T12_S0T15_S3T5_S3T8_S3T12_S3T15_S7T5_S7T8_S7T12_S7T15_S10T5_S10T8_S10T12_S10T15,0,0,0,2.165,2.165,0.152,0.0,1.463,6.358,12.539000000000001,5.053,0.016,-0.42,0.485,-11.001,2.108,4.613,-1.0859999999999999,-5.356,-4.968999999999999,5.7,1.275,4.0089999999999995,1.554,SSE,6.08,-15.492,110.00399999999999,FeatureRL,CoST
123,2163,joint,131071,11111111111111111,Coop_S0T5_S0T8_S0T12_S0T15_S3T5_S3T8_S3T12_S3T15_S7T5_S7T8_S7T12_S7T15_S10T5_S10T8_S10T12_S10T15,0,0,0,2.335,2.335,0.115,0.0,2.475,3.071,6.757999999999999,-2.784,-5.994,6.142,6.485,-6.787999999999999,-6.188,5.944,4.502,-6.446000000000001,-10.404000000000002,1.956,2.06,-9.693999999999999,-9.527000000000001,SSE,1.298,33.933,11.152999999999999,FeatureRL,CoST
124,2164,joint,131071,11111111111111111,Coop_S0T5_S0T8_S0T12_S0T15_S3T5_S3T8_S3T12_S3T15_S7T5_S7T8_S7T12_S7T15_S10T5_S10T8_S10T12_S10T15,0,0,0,0.258,0.258,0.191,0.0,2.127,3.378,1.65,-3.8739999999999997,-3.573,2.593,2.068,-2.238,-1.4769999999999999,1.52,4.032,-3.5810000000000004,-2.852,0.149,-0.9390000000000001,-4.896,-3.049,SSE,1.19,36.694,5.63,FeatureRL,CoST
125,2165,joint,131071,11111111111111111,Coop_S0T5_S0T8_S0T12_S0T15_S3T5_S3T8_S3T12_S3T15_S7T5_S7T8_S7T12_S7T15_S10T5_S10T8_S10T12_S10T15,0,0,0,0.01,0.01,0.054000000000000006,0.0,1.249,13.434000000000001,5.352,-14.859000000000002,-4.062,0.63,13.44,-2.174,-18.151,6.317,12.382,-17.006,-12.784,13.436,0.637,-2.2119999999999997,-4.059,SSE,5.267,-10.9,100.819,FeatureRL,CoST
126,2166,joint,131071,11111111111111111,Coop_S0T5_S0T8_S0T12_S0T15_S3T5_S3T8_S3T12_S3T15_S7T5_S7T8_S7T12_S7T15_S10T5_S10T8_S10T12_S10T15,0,0,0,0.01,0.01,0.071,0.0,4.567,11.008,16.223,-15.734000000000002,-11.802999999999999,11.965,18.673,-7.401,-6.69,17.41,16.22,-8.847999999999999,-17.42,11.977,1.188,-9.568999999999999,-15.737,SSE,2.967,7.471,64.07600000000001,FeatureRL,CoST
127,2168,joint,131071,11111111111111111,Coop_S0T5_S0T8_S0T12_S0T15_S3T5_S3T8_S3T12_S3T15_S7T5_S7T8_S7T12_S7T15_S10T5_S10T8_S10T12_S10T15,0,0,0,3.3169999999999997,3.3169999999999997,0.124,0.0,1.225,4.2010000000000005,7.696000000000001,-11.446,-3.583,5.763999999999999,7.827000000000001,-5.781000000000001,-9.121,14.853,1.9580000000000002,-3.988,-4.497,6.51,9.304,-1.94,-9.079,SSE,3.409,3.023,72.972,FeatureRL,CoST
128,2169,joint,131071,11111111111111111,Coop_S0T5_S0T8_S0T12_S0T15_S3T5_S3T8_S3T12_S3T15_S7T5_S7T8_S7T12_S7T15_S10T5_S10T8_S10T12_S10T15,0,0,0,4.202,4.202,0.35700000000000004,0.0,-0.878,-0.24600000000000002,-4.605,-2.336,-9.529,-0.508,-0.34600000000000003,-1.766,-3.0839999999999996,6.2139999999999995,1.046,-0.73,-5.725,10.503,10.139,-1.179,2.048,SSE,3.158,5.472,68.075,FeatureRL,CoST
129,2170,joint,131071,11111111111111111,Coop_S0T5_S0T8_S0T12_S0T15_S3T5_S3T8_S3T12_S3T15_S7T5_S7T8_S7T12_S7T15_S10T5_S10T8_S10T12_S10T15,0,0,0,0.01,0.01,0.05,0.0,2.469,12.142000000000001,5.587000000000001,-14.802,-11.615,-3.483,10.967,-19.347,-1.485,-0.451,12.113,5.6129999999999995,-17.047,9.88,10.992,-0.449,-11.589,SSE,3.529,1.915,75.188,FeatureRL,CoST
130,2171,joint,131071,11111111111111111,Coop_S0T5_S0T8_S0T12_S0T15_S3T5_S3T8_S3T12_S3T15_S7T5_S7T8_S7T12_S7T15_S10T5_S10T8_S10T12_S10T15,0,0,0,0.01,0.01,0.111,0.0,0.013999999999999999,7.12,-7.142,-18.69,-13.27,10.537,8.752,-7.6770000000000005,-7.136,13.252,5.581,-6.105,-6.621,18.655,15.673,6.085,1.8019999999999998,SSE,2.594,11.764000000000001,55.49,FeatureRL,CoST
131,2174,joint,131071,11111111111111111,Coop_S0T5_S0T8_S0T12_S0T15_S3T5_S3T8_S3T12_S3T15_S7T5_S7T8_S7T12_S7T15_S10T5_S10T8_S10T12_S10T15,0,0,0,0.01,0.01,0.17800000000000002,0.0,-0.703,14.856,6.524,-11.672,-5.485,6.164,1.5530000000000002,1.838,-19.701,5.818,15.959000000000001,0.983,0.423,6.896,0.706,-4.753,-4.401,SSE,7.474,-22.096999999999998,123.213,FeatureRL,CoST
132,3005,joint,131071,11111111111111111,Coop_S0T5_S0T8_S0T12_S0T15_S3T5_S3T8_S3T12_S3T15_S7T5_S7T8_S7T12_S7T15_S10T5_S10T8_S10T12_S10T15,0,0,0,0.01,0.01,0.11199999999999999,0.0,2.753,5.382000000000001,-3.6460000000000004,-9.289,-2.742,7.085,-3.194,-4.0889999999999995,-2.748,19.707,-4.093999999999999,-10.866,-10.869000000000002,19.695999999999998,5.931,-10.335999999999999,-4.091,SSE,7.567,-22.491999999999997,124.00299999999999,FeatureRL,CoST
133,3006,joint,131071,11111111111111111,Coop_S0T5_S0T8_S0T12_S0T15_S3T5_S3T8_S3T12_S3T15_S7T5_S7T8_S7T12_S7T15_S10T5_S10T8_S10T12_S10T15,0,0,0,0.905,0.905,0.284,0.0,2.878,0.698,4.284,-3.522,-3.53,0.13,2.782,-5.021,-3.145,2.872,3.2430000000000003,-1.905,-5.252999999999999,5.3389999999999995,-0.267,-5.244,-4.979,SSE,4.28,-4.2589999999999995,87.537,FeatureRL,CoST
134,3008,joint,131071,11111111111111111,Coop_S0T5_S0T8_S0T12_S0T15_S3T5_S3T8_S3T12_S3T15_S7T5_S7T8_S7T12_S7T15_S10T5_S10T8_S10T12_S10T15,0,0,0,0.01,0.01,0.071,0.0,-3.554,2.863,11.468,-19.483,-2.8689999999999998,15.470999999999998,2.862,1.443,-1.419,4.268,12.265999999999998,13.017999999999999,-9.21,7.09,14.606,1.449,2.846,SSE,6.192,-16.074,111.166,FeatureRL,CoST
135,3009,joint,131071,11111111111111111,Coop_S0T5_S0T8_S0T12_S0T15_S3T5_S3T8_S3T12_S3T15_S7T5_S7T8_S7T12_S7T15_S10T5_S10T8_S10T12_S10T15,0,0,0,0.01,0.01,0.179,0.0,-2.398,7.136,17.546,-5.364,-10.724,11.575,14.698,-9.169,-12.755,6.4910000000000005,9.317,-3.384,-9.907,7.132999999999999,6.815,1.274,0.7070000000000001,SSE,4.226,-3.85,86.719,FeatureRL,CoST
136,3011,joint,131071,11111111111111111,Coop_S0T5_S0T8_S0T12_S0T15_S3T5_S3T8_S3T12_S3T15_S7T5_S7T8_S7T12_S7T15_S10T5_S10T8_S10T12_S10T15,0,0,0,0.01,0.01,0.05,0.0,1.412,-11.542,8.713,-13.69,-18.206,19.082,11.968,-13.696,16.59,3.575,17.822,-8.425,-12.607000000000001,10.857999999999999,6.632999999999999,-6.399,-15.915,SSE,1.7830000000000001,23.758000000000003,31.502,FeatureRL,CoST
137,3012,joint,131071,11111111111111111,Coop_S0T5_S0T8_S0T12_S0T15_S3T5_S3T8_S3T12_S3T15_S7T5_S7T8_S7T12_S7T15_S10T5_S10T8_S10T12_S10T15,0,0,0,0.012,0.012,0.156,0.0,0.18,4.515,8.707,-3.455,-2.778,7.77,6.457999999999999,-3.79,1.44,0.789,8.747,-0.504,-5.23,6.874,11.615,-4.147,-9.072000000000001,SSE,4.081,-2.734,84.486,FeatureRL,CoST
138,3013,joint,131071,11111111111111111,Coop_S0T5_S0T8_S0T12_S0T15_S3T5_S3T8_S3T12_S3T15_S7T5_S7T8_S7T12_S7T15_S10T5_S10T8_S10T12_S10T15,0,0,0,4.422,4.422,0.083,0.0,-1.074,-0.14300000000000002,-5.507999999999999,-12.475999999999999,-6.96,-1.354,6.882000000000001,-6.0120000000000005,-8.363999999999999,0.929,5.955,-0.345,-5.22,-0.595,5.947,-5.624,-7.354,SSE,3.589,1.38,76.258,FeatureRL,CoST
139,3016,joint,131071,11111111111111111,Coop_S0T5_S0T8_S0T12_S0T15_S3T5_S3T8_S3T12_S3T15_S7T5_S7T8_S7T12_S7T15_S10T5_S10T8_S10T12_S10T15,0,0,0,0.01,0.01,0.1,0.0,2.7680000000000002,4.58,-2.259,-0.753,2.369,-8.982000000000001,6.354,-3.77,-19.227999999999998,11.16,5.752000000000001,-8.982000000000001,-10.685,9.67,11.974,2.907,-13.142999999999999,SSE,3.2030000000000003,5.013999999999999,68.991,FeatureRL,CoST
140,3017,joint,131071,11111111111111111,Coop_S0T5_S0T8_S0T12_S0T15_S3T5_S3T8_S3T12_S3T15_S7T5_S7T8_S7T12_S7T15_S10T5_S10T8_S10T12_S10T15,0,0,0,2.134,2.134,0.11199999999999999,0.0,-3.159,3.0180000000000002,1.754,-13.217,10.277000000000001,3.5780000000000003,1.206,-4.433,-6.945,12.270999999999999,2.011,-6.36,7.7860000000000005,6.314,10.948,-6.13,-5.325,SSE,6.57,-17.972,114.964,FeatureRL,CoST
141,3018,joint,131071,11111111111111111,Coop_S0T5_S0T8_S0T12_S0T15_S3T5_S3T8_S3T12_S3T15_S7T5_S7T8_S7T12_S7T15_S10T5_S10T8_S10T12_S10T15,0,0,0,0.01,0.01,0.073,0.0,0.741,-5.59,-2.81,-11.544,-7.031000000000001,-14.035,-2.117,-12.366,-14.022,12.555,10.08,2.707,-1.43,19.366,19.371,-2.113,0.629,SSE,4.048,-2.474,83.96600000000001,FeatureRL,CoST
142,3019,joint,131071,11111111111111111,Coop_S0T5_S0T8_S0T12_S0T15_S3T5_S3T8_S3T12_S3T15_S7T5_S7T8_S7T12_S7T15_S10T5_S10T8_S10T12_S10T15,0,0,0,0.01,0.01,0.068,0.0,5.712000000000001,-4.905,-13.263,-19.042,-19.105,4.281000000000001,-5.797999999999999,-8.69,-19.243,-2.697,9.505,-6.44,-16.518,7.829,-0.499,19.867,-7.255,SSE,7.226,-21.018,121.056,FeatureRL,CoST
143,3020,joint,131071,11111111111111111,Coop_S0T5_S0T8_S0T12_S0T15_S3T5_S3T8_S3T12_S3T15_S7T5_S7T8_S7T12_S7T15_S10T5_S10T8_S10T12_S10T15,0,0,0,0.01,0.01,0.102,0.0,0.845,13.597000000000001,5.796,10.647,-4.32,10.634,1.63,-3.312,-10.992,19.487000000000002,-0.34600000000000003,-2.32,-8.032,-8.6,7.483,-12.321,-8.607999999999999,SSE,3.7939999999999996,-0.4,79.818,FeatureRL,CoST
144,3021,joint,131071,11111111111111111,Coop_S0T5_S0T8_S0T12_S0T15_S3T5_S3T8_S3T12_S3T15_S7T5_S7T8_S7T12_S7T15_S10T5_S10T8_S10T12_S10T15,0,0,0,1.089,1.089,0.258,0.0,2.254,8.597999999999999,2.957,-0.07200000000000001,-5.571000000000001,-0.434,-5.675,-6.537999999999999,-6.91,3.617,-1.8430000000000002,-3.803,-4.232,-0.426,-2.509,-3.425,-6.6979999999999995,SSE,4.32,-4.553,88.125,FeatureRL,CoST
145,3022,joint,131071,11111111111111111,Coop_S0T5_S0T8_S0T12_S0T15_S3T5_S3T8_S3T12_S3T15_S7T5_S7T8_S7T12_S7T15_S10T5_S10T8_S10T12_S10T15,0,0,0,0.011000000000000001,0.011000000000000001,0.155,0.0,-1.3259999999999998,10.265,1.005,0.037000000000000005,-11.205,12.513,1.639,-3.761,-0.295,7.178,8.405,-10.508,-9.244,9.309,2.298,-3.02,-10.507,SSE,2.904,8.151,62.717,FeatureRL,CoST
146,3023,joint,131071,11111111111111111,Coop_S0T5_S0T8_S0T12_S0T15_S3T5_S3T8_S3T12_S3T15_S7T5_S7T8_S7T12_S7T15_S10T5_S10T8_S10T12_S10T15,0,0,0,2.971,2.971,0.24600000000000002,0.0,8.932,-4.534,5.397,0.32299999999999995,-9.15,-6.7829999999999995,-1.251,-3.42,-6.093,5.039,-9.411,-3.325,-6.487,-8.027999999999999,1.695,-6.22,-5.297000000000001,SSE,6.397,-17.115,113.25,FeatureRL,CoST
147,3024,joint,131071,11111111111111111,Coop_S0T5_S0T8_S0T12_S0T15_S3T5_S3T8_S3T12_S3T15_S7T5_S7T8_S7T12_S7T15_S10T5_S10T8_S10T12_S10T15,0,0,0,2.827,2.827,0.162,0.0,8.373,5.086,3.983,-2.1959999999999997,-8.019,2.7430000000000003,-0.441,-3.577,-8.756,-1.367,11.950999999999999,-4.6819999999999995,-3.947,4.207,5.0,-5.122000000000001,-6.807,SSE,2.639,11.222000000000001,56.574,FeatureRL,CoST
148,3026,joint,131071,11111111111111111,Coop_S0T5_S0T8_S0T12_S0T15_S3T5_S3T8_S3T12_S3T15_S7T5_S7T8_S7T12_S7T15_S10T5_S10T8_S10T12_S10T15,0,0,0,0.015,0.015,0.183,0.0,1.851,5.331,-1.5590000000000002,-4.635,-2.3930000000000002,6.184,6.196000000000001,-5.22,-1.297,5.756,6.649,-1.8430000000000002,-6.16,5.752000000000001,6.657,-0.736,-5.832000000000001,SSE,2.8939999999999997,8.259,62.5,FeatureRL,CoST
149,4000,joint,131071,11111111111111111,Coop_S0T5_S0T8_S0T12_S0T15_S3T5_S3T8_S3T12_S3T15_S7T5_S7T8_S7T12_S7T15_S10T5_S10T8_S10T12_S10T15,0,0,0,0.01,0.01,0.11699999999999999,0.0,0.303,-4.203,-15.954,-13.537,-7.566,5.457999999999999,-7.5329999999999995,-8.566,-15.046,16.295,16.276,-0.305,-15.113,17.389,13.639000000000001,-1.18,-0.733,SSE,3.585,1.415,76.188,FeatureRL,CoST
150,4001,joint,131071,11111111111111111,Coop_S0T5_S0T8_S0T12_S0T15_S3T5_S3T8_S3T12_S3T15_S7T5_S7T8_S7T12_S7T15_S10T5_S10T8_S10T12_S10T15,0,0,0,0.21899999999999997,0.21899999999999997,0.126,0.0,2.131,7.194,10.417,-2.318,-4.107,10.997,4.73,-2.385,-11.844000000000001,3.3139999999999996,4.725,-7.869,-11.785,8.873,6.196000000000001,-7.402,-8.594,SSE,3.615,1.148,76.723,FeatureRL,CoST
