sub_ind,sub_ID,fit_to,comb_index,comb,feature_names,asymm_LR,bounded_weights,gaze,LR_up,LR_down,inv_temp,gaze_bias,feature_weight_1,feature_weight_2,feature_weight_3,feature_weight_4,cost_type,SSE,LL,BIC
151,5005,joint,1,0001,Nash,0,0,0,0.924,0.924,0.308,0.0,4.404,,,,SSE,12.494000000000002,-32.71,79.976
151,5005,joint,2,0010,Risk,0,0,0,0.595,0.595,0.33299999999999996,0.0,2.309,,,,SSE,13.805,-39.096,92.749
151,5005,joint,3,0011,Risk_Nash,0,0,0,0.556,0.556,0.35600000000000004,0.0,1.198,3.103,,,SSE,10.972000000000001,-24.401,68.21
151,5005,joint,4,0100,Greed,0,0,0,1.09,1.09,0.157,0.0,6.172000000000001,,,,SSE,12.907,-34.796,84.148
151,5005,joint,5,0101,Greed_Nash,0,0,0,0.735,0.735,0.243,0.0,2.886,3.8360000000000003,,,SSE,10.812999999999999,-23.465,66.337
151,5005,joint,6,0110,Greed_Risk,0,0,0,0.747,0.747,0.364,0.0,3.76,3.179,,,SSE,7.397,0.8190000000000001,17.769000000000002
151,5005,joint,7,0111,Greed_Risk_Nash,0,0,0,0.588,0.588,0.34700000000000003,0.0,3.72,3.24,0.899,,SSE,7.731,-2.0,28.26
151,5005,joint,8,1000,Coop,0,0,0,0.01,0.01,0.01,0.0,15.655999999999999,,,,SSE,18.078,-56.358000000000004,127.273
151,5005,joint,9,1001,Coop_Nash,0,0,0,0.76,0.76,0.282,0.0,0.7879999999999999,4.282,,,SSE,12.829,-34.406,88.221
151,5005,joint,10,1010,Coop_Risk,0,0,0,0.633,0.633,0.285,0.0,0.764,2.6689999999999996,,,SSE,13.839,-39.253,97.915
151,5005,joint,11,1011,Coop_Risk_Nash,0,0,0,0.5760000000000001,0.5760000000000001,0.32299999999999995,0.0,0.5720000000000001,1.321,3.22,,SSE,11.05,-24.849,73.959
151,5005,joint,12,1100,Coop_Greed,0,0,0,1.02,1.02,0.147,0.0,1.536,6.3870000000000005,,,SSE,12.962,-35.067,89.542
151,5005,joint,13,1101,Coop_Greed_Nash,0,0,0,0.511,0.511,0.324,0.0,0.7959999999999999,2.162,2.765,,SSE,10.812999999999999,-23.463,71.187
151,5005,joint,14,1110,Coop_Greed_Risk,0,0,0,0.609,0.609,0.45399999999999996,0.0,0.518,2.9939999999999998,2.54,,SSE,7.159,2.925,18.41
151,5005,joint,15,1111,Coop_Greed_Risk_Nash,0,0,0,0.7040000000000001,0.7040000000000001,0.293,0.0,0.7659999999999999,4.463,3.91,0.898,SSE,7.542000000000001,-0.40700000000000003,29.925
152,5006,joint,1,0001,Nash,0,0,0,0.6629999999999999,0.6629999999999999,0.23600000000000002,0.0,3.9339999999999997,,,,SSE,6.277,11.343,-8.13
152,5006,joint,2,0010,Risk,0,0,0,0.75,0.75,0.184,0.0,3.187,,,,SSE,7.454,0.34299999999999997,13.869000000000002
152,5006,joint,3,0011,Risk_Nash,0,0,0,0.38299999999999995,0.38299999999999995,0.308,0.0,0.7490000000000001,2.7289999999999996,,,SSE,5.505,19.745,-20.081
152,5006,joint,4,0100,Greed,0,0,0,0.434,0.434,0.23,0.0,2.603,,,,SSE,7.287000000000001,1.791,10.974
152,5006,joint,5,0101,Greed_Nash,0,0,0,0.331,0.331,0.3,0.0,1.053,2.416,,,SSE,5.624,18.366,-17.324
152,5006,joint,6,0110,Greed_Risk,0,0,0,0.43700000000000006,0.43700000000000006,0.342,0.0,2.042,1.9409999999999998,,,SSE,4.46,33.211999999999996,-47.016999999999996
152,5006,joint,7,0111,Greed_Risk_Nash,0,0,0,0.361,0.361,0.311,0.0,1.69,1.524,1.3980000000000001,,SSE,4.39,34.22,-44.178999999999995
152,5006,joint,8,1000,Coop,0,0,0,0.01,0.01,0.01,0.0,-10.626,,,,SSE,9.883,-17.709,49.974
152,5006,joint,9,1001,Coop_Nash,0,0,0,0.45299999999999996,0.45299999999999996,0.327,0.0,-0.613,2.78,,,SSE,6.254,11.582,-3.7560000000000002
152,5006,joint,10,1010,Coop_Risk,0,0,0,0.5920000000000001,0.5920000000000001,0.23,0.0,-0.754,2.515,,,SSE,7.419,0.643,18.122
152,5006,joint,11,1011,Coop_Risk_Nash,0,0,0,0.41,0.41,0.297,0.0,-0.613,0.7909999999999999,2.827,,SSE,5.41,20.859,-17.459
152,5006,joint,12,1100,Coop_Greed,0,0,0,0.445,0.445,0.223,0.0,-0.715,2.67,,,SSE,7.233,2.2680000000000002,14.872
152,5006,joint,13,1101,Coop_Greed_Nash,0,0,0,0.623,0.623,0.168,0.0,-1.122,1.926,4.34,,SSE,5.5120000000000005,19.66,-15.059000000000001
152,5006,joint,14,1110,Coop_Greed_Risk,0,0,0,0.114,0.114,1.45,0.0,-0.154,0.495,0.473,,SSE,4.209,36.928000000000004,-49.597
152,5006,joint,15,1111,Coop_Greed_Risk_Nash,0,0,0,1.42,1.42,0.085,0.0,-2.407,6.403,5.78,5.182,SSE,4.184,37.302,-45.492
153,5007,joint,1,0001,Nash,0,0,0,3.283,3.283,0.259,0.0,4.0760000000000005,,,,SSE,8.692,-9.488999999999999,33.534
153,5007,joint,2,0010,Risk,0,0,0,1.825,1.825,0.20600000000000002,0.0,2.0469999999999997,,,,SSE,11.309000000000001,-26.334,67.225
153,5007,joint,3,0011,Risk_Nash,0,0,0,1.544,1.544,0.268,0.0,-0.032,3.645,,,SSE,7.439,0.47200000000000003,18.464000000000002
153,5007,joint,4,0100,Greed,0,0,0,0.488,0.488,0.201,0.0,2.4530000000000003,,,,SSE,13.222999999999999,-36.339,87.234
153,5007,joint,5,0101,Greed_Nash,0,0,0,0.632,0.632,0.344,0.0,1.3230000000000002,1.199,,,SSE,10.825999999999999,-23.543000000000003,66.495
153,5007,joint,6,0110,Greed_Risk,0,0,0,0.7070000000000001,0.7070000000000001,0.33799999999999997,0.0,1.6680000000000001,0.7040000000000001,,,SSE,9.646,-16.154,51.716
153,5007,joint,7,0111,Greed_Risk_Nash,0,0,0,0.861,0.861,0.263,0.0,1.63,0.115,2.02,,SSE,8.074,-4.7669999999999995,33.795
153,5007,joint,8,1000,Coop,0,0,0,0.01,0.01,0.01,0.0,4.822,,,,SSE,15.2,-45.257,105.07
153,5007,joint,9,1001,Coop_Nash,0,0,0,0.495,0.495,1.341,0.0,-0.022000000000000002,0.6859999999999999,,,SSE,9.564,-15.607000000000001,50.623000000000005
153,5007,joint,10,1010,Coop_Risk,0,0,0,1.954,1.954,0.162,0.0,0.253,2.16,,,SSE,11.682,-28.412,76.23100000000001
153,5007,joint,11,1011,Coop_Risk_Nash,0,0,0,0.49,0.49,0.8109999999999999,0.0,0.037000000000000005,0.03,1.094,,SSE,7.641,-1.239,26.739
153,5007,joint,12,1100,Coop_Greed,0,0,0,0.365,0.365,0.233,0.0,0.212,2.065,,,SSE,13.350999999999999,-36.955999999999996,93.319
153,5007,joint,13,1101,Coop_Greed_Nash,0,0,0,0.754,0.754,0.271,0.0,0.09699999999999999,1.673,1.371,,SSE,11.015,-24.651,73.562
153,5007,joint,14,1110,Coop_Greed_Risk,0,0,0,0.773,0.773,0.32299999999999995,0.0,0.1,1.7409999999999999,0.742,,SSE,9.558,-15.565999999999999,55.391000000000005
153,5007,joint,15,1111,Coop_Greed_Risk_Nash,0,0,0,1.177,1.177,0.19899999999999998,0.0,0.174,2.2680000000000002,0.285,2.401,SSE,7.999,-4.1739999999999995,37.461
154,5008,joint,1,0001,Nash,0,0,0,1.258,1.258,0.309,0.0,3.662,,,,SSE,8.662,-9.269,33.094
154,5008,joint,2,0010,Risk,0,0,0,0.9620000000000001,0.9620000000000001,0.22699999999999998,0.0,2.807,,,,SSE,9.525,-15.342,45.24
154,5008,joint,3,0011,Risk_Nash,0,0,0,0.63,0.63,0.409,0.0,1.115,1.92,,,SSE,7.335,1.379,16.65
154,5008,joint,4,0100,Greed,0,0,0,0.733,0.733,0.307,0.0,1.317,,,,SSE,10.354000000000001,-20.683000000000003,55.923
154,5008,joint,5,0101,Greed_Nash,0,0,0,0.695,0.695,0.36,0.0,0.377,2.603,,,SSE,7.615,-1.025,21.458000000000002
154,5008,joint,6,0110,Greed_Risk,0,0,0,1.054,1.054,0.272,0.0,1.724,2.6910000000000003,,,SSE,5.9110000000000005,15.19,-10.972000000000001
154,5008,joint,7,0111,Greed_Risk_Nash,0,0,0,0.648,0.648,0.355,0.0,0.9390000000000001,1.5590000000000002,1.528,,SSE,5.546,19.267,-14.274000000000001
154,5008,joint,8,1000,Coop,0,0,0,0.01,0.01,0.01,0.0,10.814,,,,SSE,13.005999999999998,-35.284,85.124
154,5008,joint,9,1001,Coop_Nash,0,0,0,0.7559999999999999,0.7559999999999999,0.42,0.0,0.377,2.362,,,SSE,9.142000000000001,-12.72,44.848
154,5008,joint,10,1010,Coop_Risk,0,0,0,0.7040000000000001,0.7040000000000001,0.278,0.0,0.546,2.19,,,SSE,9.72,-16.645,52.698
154,5008,joint,11,1011,Coop_Risk_Nash,0,0,0,0.769,0.769,0.32899999999999996,0.0,0.5539999999999999,1.405,2.303,,SSE,7.419,0.647,22.967
154,5008,joint,12,1100,Coop_Greed,0,0,0,0.769,0.769,0.256,0.0,0.532,1.496,,,SSE,10.56,-21.949,63.306999999999995
154,5008,joint,13,1101,Coop_Greed_Nash,0,0,0,0.677,0.677,0.336,0.0,0.364,0.377,2.5869999999999997,,SSE,7.824,-2.755,29.769000000000002
154,5008,joint,14,1110,Coop_Greed_Risk,0,0,0,0.888,0.888,0.33299999999999996,0.0,0.419,1.411,2.176,,SSE,5.782,16.598,-8.935
154,5008,joint,15,1111,Coop_Greed_Risk_Nash,0,0,0,1.3519999999999999,1.3519999999999999,0.17300000000000001,0.0,0.816,2.01,3.2510000000000003,2.952,SSE,5.468,20.178,-11.243
155,5009,joint,1,0001,Nash,0,0,0,0.534,0.534,0.203,0.0,4.367,,,,SSE,5.1579999999999995,23.875,-33.193000000000005
155,5009,joint,2,0010,Risk,0,0,0,0.022000000000000002,0.022000000000000002,0.051,0.0,9.199,,,,SSE,7.1370000000000005,3.1069999999999998,8.341000000000001
155,5009,joint,3,0011,Risk_Nash,0,0,0,0.14800000000000002,0.14800000000000002,0.207,0.0,0.7959999999999999,3.478,,,SSE,5.29,22.256,-25.103
155,5009,joint,4,0100,Greed,0,0,0,0.147,0.147,0.133,0.0,3.492,,,,SSE,7.2860000000000005,1.79,10.975
155,5009,joint,5,0101,Greed_Nash,0,0,0,0.175,0.175,0.22399999999999998,0.0,0.578,3.366,,,SSE,5.296,22.189,-24.97
155,5009,joint,6,0110,Greed_Risk,0,0,0,0.136,0.136,0.057,0.0,8.327,8.724,,,SSE,5.601,18.597,-17.787
155,5009,joint,7,0111,Greed_Risk_Nash,0,0,0,0.128,0.128,0.196,0.0,1.34,1.473,2.431,,SSE,5.105,24.538,-24.816
155,5009,joint,8,1000,Coop,0,0,0,0.01,0.01,0.01,0.0,-16.798,,,,SSE,8.612,-8.9,32.356
155,5009,joint,9,1001,Coop_Nash,0,0,0,0.35,0.35,0.303,0.0,-0.807,2.978,,,SSE,4.941,26.66,-33.913000000000004
155,5009,joint,10,1010,Coop_Risk,0,0,0,0.01,0.01,0.024,0.0,-7.531000000000001,19.977,,,SSE,6.91,5.19,9.027999999999999
155,5009,joint,11,1011,Coop_Risk_Nash,0,0,0,0.271,0.271,0.1,0.0,-2.136,1.63,7.332000000000001,,SSE,5.044,25.336,-26.412
155,5009,joint,12,1100,Coop_Greed,0,0,0,0.086,0.086,0.147,0.0,-1.232,3.115,,,SSE,7.074,3.696,12.015999999999998
155,5009,joint,13,1101,Coop_Greed_Nash,0,0,0,0.183,0.183,0.212,0.0,-1.043,0.584,3.665,,SSE,5.042,25.359,-26.458000000000002
155,5009,joint,14,1110,Coop_Greed_Risk,0,0,0,0.036000000000000004,0.036000000000000004,0.10300000000000001,0.0,-2.021,4.738,4.968,,SSE,5.332000000000001,21.781999999999996,-19.303
155,5009,joint,15,1111,Coop_Greed_Risk_Nash,0,0,0,0.18600000000000003,0.18600000000000003,0.128,0.0,-1.704,2.085,2.315,3.8369999999999997,SSE,4.845,27.919,-26.725
156,5010,joint,1,0001,Nash,0,0,0,0.894,0.894,0.455,0.0,2.169,,,,SSE,8.752,-9.926,34.408
156,5010,joint,2,0010,Risk,0,0,0,1.2429999999999999,1.2429999999999999,0.21899999999999997,0.0,2.4619999999999997,,,,SSE,9.517999999999999,-15.298,45.151
156,5010,joint,3,0011,Risk_Nash,0,0,0,1.545,1.545,0.205,0.0,1.281,4.293,,,SSE,6.9479999999999995,4.848,9.712
156,5010,joint,4,0100,Greed,0,0,0,0.6729999999999999,0.6729999999999999,0.376,0.0,1.5,,,,SSE,9.18,-12.988,40.532
156,5010,joint,5,0101,Greed_Nash,0,0,0,0.762,0.762,0.363,0.0,0.9229999999999999,2.101,,,SSE,6.99,4.458,10.491
156,5010,joint,6,0110,Greed_Risk,0,0,0,2.27,2.27,0.153,0.0,4.165,4.204,,,SSE,4.456,33.279,-47.151
156,5010,joint,7,0111,Greed_Risk_Nash,0,0,0,0.852,0.852,0.32299999999999995,0.0,1.517,1.349,1.514,,SSE,4.492,32.758,-41.255
156,5010,joint,8,1000,Coop,0,0,0,0.01,0.01,0.01,0.0,4.466,,,,SSE,13.165999999999999,-36.063,86.681
156,5010,joint,9,1001,Coop_Nash,0,0,0,1.041,1.041,0.273,0.0,0.33,3.133,,,SSE,9.581,-15.720999999999998,50.849
156,5010,joint,10,1010,Coop_Risk,0,0,0,0.76,0.76,0.28600000000000003,0.0,0.23199999999999998,1.7009999999999998,,,SSE,10.067,-18.889,57.187
156,5010,joint,11,1011,Coop_Risk_Nash,0,0,0,0.746,0.746,0.381,0.0,0.28,0.627,2.176,,SSE,7.34,1.33,21.599
156,5010,joint,12,1100,Coop_Greed,0,0,0,0.907,0.907,0.228,0.0,0.345,2.326,,,SSE,9.683,-16.399,52.207
156,5010,joint,13,1101,Coop_Greed_Nash,0,0,0,0.7490000000000001,0.7490000000000001,0.33399999999999996,0.0,0.284,0.914,2.182,,SSE,7.359,1.165,21.930999999999997
156,5010,joint,14,1110,Coop_Greed_Risk,0,0,0,1.227,1.227,0.281,0.0,0.289,2.128,2.173,,SSE,4.584,31.463,-38.666
156,5010,joint,15,1111,Coop_Greed_Risk_Nash,0,0,0,0.746,0.746,0.368,0.0,0.278,1.206,1.0759999999999998,1.39,SSE,4.558,31.826,-34.539
157,5011,joint,1,0001,Nash,0,0,0,0.985,0.985,0.40700000000000003,0.0,0.821,,,,SSE,12.116,-30.754,76.064
157,5011,joint,2,0010,Risk,0,0,0,0.265,0.265,0.145,0.0,1.078,,,,SSE,13.783,-38.996,92.54700000000001
157,5011,joint,3,0011,Risk_Nash,0,0,0,0.318,0.318,0.262,0.0,0.426,0.608,,,SSE,13.177,-36.122,91.652
157,5011,joint,4,0100,Greed,0,0,0,2.1790000000000003,2.1790000000000003,0.11900000000000001,0.0,4.857,,,,SSE,10.786,-23.304000000000002,61.163999999999994
157,5011,joint,5,0101,Greed_Nash,0,0,0,0.517,0.517,0.45799999999999996,0.0,1.2930000000000001,0.069,,,SSE,10.076,-18.954,57.316
157,5011,joint,6,0110,Greed_Risk,0,0,0,0.547,0.547,0.265,0.0,1.825,0.7070000000000001,,,SSE,11.052,-24.868000000000002,69.14399999999999
157,5011,joint,7,0111,Greed_Risk_Nash,0,0,0,0.485,0.485,0.249,0.0,2.761,1.52,-1.5130000000000001,,SSE,10.462,-21.355999999999998,66.973
157,5011,joint,8,1000,Coop,0,0,0,0.01,0.01,0.01,0.0,-17.463,,,,SSE,13.806,-39.101,92.758
157,5011,joint,9,1001,Coop_Nash,0,0,0,0.8220000000000001,0.8220000000000001,0.384,0.0,-0.893,0.857,,,SSE,12.314,-31.784000000000002,82.976
157,5011,joint,10,1010,Coop_Risk,0,0,0,0.198,0.198,0.121,0.0,-1.5419999999999998,1.248,,,SSE,13.606,-38.169000000000004,95.745
157,5011,joint,11,1011,Coop_Risk_Nash,0,0,0,0.39799999999999996,0.39799999999999996,0.19899999999999998,0.0,-1.095,0.5479999999999999,0.795,,SSE,13.033,-35.414,95.088
157,5011,joint,12,1100,Coop_Greed,0,0,0,0.807,0.807,0.266,0.0,-1.071,1.9969999999999999,,,SSE,10.887,-23.901999999999997,67.212
157,5011,joint,13,1101,Coop_Greed_Nash,0,0,0,0.6679999999999999,0.6679999999999999,0.33899999999999997,0.0,-0.9059999999999999,1.7,0.183,,SSE,9.98,-18.335,60.931000000000004
157,5011,joint,14,1110,Coop_Greed_Risk,0,0,0,0.622,0.622,0.247,0.0,-1.115,1.999,0.83,,SSE,10.82,-23.505,71.26899999999999
157,5011,joint,15,1111,Coop_Greed_Risk_Nash,0,0,0,0.426,0.426,0.298,0.0,-0.904,2.3209999999999997,1.297,-1.203,SSE,10.203,-19.75,68.613
158,5012,joint,1,0001,Nash,0,0,0,0.17,0.17,0.266,0.0,4.187,,,,SSE,18.750999999999998,-58.695,131.946
158,5012,joint,2,0010,Risk,0,0,0,0.267,0.267,0.179,0.0,1.5590000000000002,,,,SSE,23.706,-73.702,161.959
158,5012,joint,3,0011,Risk_Nash,0,0,0,0.142,0.142,0.364,0.0,-1.611,4.556,,,SSE,17.695999999999998,-54.989,129.386
158,5012,joint,4,0100,Greed,0,0,0,0.107,0.107,0.26899999999999996,0.0,4.736000000000001,,,,SSE,14.934000000000001,-44.126999999999995,102.81
158,5012,joint,5,0101,Greed_Nash,0,0,0,0.098,0.098,0.249,0.0,4.226,2.06,,,SSE,14.404000000000002,-41.816,103.041
158,5012,joint,6,0110,Greed_Risk,0,0,0,0.201,0.201,0.35200000000000004,0.0,4.135,1.415,,,SSE,13.975999999999999,-39.887,99.182
158,5012,joint,7,0111,Greed_Risk_Nash,0,0,0,0.156,0.156,0.308,0.0,4.155,1.19,1.022,,SSE,14.004000000000001,-40.014,104.288
158,5012,joint,8,1000,Coop,0,0,0,0.493,0.493,0.139,0.0,0.613,,,,SSE,24.441,-75.657,165.87
158,5012,joint,9,1001,Coop_Nash,0,0,0,0.174,0.174,0.253,0.0,0.218,4.338,,,SSE,18.75,-58.693000000000005,136.793
158,5012,joint,10,1010,Coop_Risk,0,0,0,0.386,0.386,0.13699999999999998,0.0,0.513,2.0140000000000002,,,SSE,23.664,-73.59,166.58900000000003
158,5012,joint,11,1011,Coop_Risk_Nash,0,0,0,0.182,0.182,0.29600000000000004,0.0,0.17800000000000002,-1.974,5.55,,SSE,17.688,-54.96,134.18
158,5012,joint,12,1100,Coop_Greed,0,0,0,0.125,0.125,0.273,0.0,0.31,4.685,,,SSE,14.892000000000001,-43.95,107.309
158,5012,joint,13,1101,Coop_Greed_Nash,0,0,0,0.114,0.114,0.22699999999999998,0.0,0.18,4.641,2.217,,SSE,14.395999999999999,-41.78,107.82
158,5012,joint,14,1110,Coop_Greed_Risk,0,0,0,0.225,0.225,0.349,0.0,0.159,4.163,1.3880000000000001,,SSE,13.918,-39.622,103.50399999999999
158,5012,joint,15,1111,Coop_Greed_Risk_Nash,0,0,0,0.166,0.166,0.311,0.0,0.099,4.125,1.179,0.983,SSE,13.979000000000001,-39.899,108.90899999999999
159,5013,joint,1,0001,Nash,0,0,0,1.324,1.324,0.151,0.0,3.3369999999999997,,,,SSE,3.112,56.246,-97.936
159,5013,joint,2,0010,Risk,0,0,0,0.363,0.363,0.223,0.0,1.347,,,,SSE,3.785,43.718999999999994,-72.883
159,5013,joint,3,0011,Risk_Nash,0,0,0,0.98,0.98,0.092,0.0,1.5190000000000001,4.052,,,SSE,3.0439999999999996,57.66,-95.911
159,5013,joint,4,0100,Greed,0,0,0,0.655,0.655,0.233,0.0,1.499,,,,SSE,2.8360000000000003,62.181000000000004,-109.806
159,5013,joint,5,0101,Greed_Nash,0,0,0,0.473,0.473,0.285,0.0,0.713,1.3119999999999998,,,SSE,2.2,78.446,-137.483
159,5013,joint,6,0110,Greed_Risk,0,0,0,0.9540000000000001,0.9540000000000001,0.142,0.0,2.499,2.313,,,SSE,1.76,92.723,-166.037
159,5013,joint,7,0111,Greed_Risk_Nash,0,0,0,0.44,0.44,0.24100000000000002,0.0,1.304,1.139,0.525,,SSE,1.788,91.7,-159.14
159,5013,joint,8,1000,Coop,0,0,0,0.01,0.01,0.01,0.0,6.039,,,,SSE,4.708,29.748,-44.94
159,5013,joint,9,1001,Coop_Nash,0,0,0,0.524,0.524,0.321,0.0,0.311,1.4880000000000002,,,SSE,3.2539999999999996,53.395,-87.382
159,5013,joint,10,1010,Coop_Risk,0,0,0,0.331,0.331,0.221,0.0,0.319,1.321,,,SSE,3.8339999999999996,42.891999999999996,-66.375
159,5013,joint,11,1011,Coop_Risk_Nash,0,0,0,0.376,0.376,0.233,0.0,0.337,0.578,1.584,,SSE,3.071,57.106,-89.95100000000001
159,5013,joint,12,1100,Coop_Greed,0,0,0,0.6809999999999999,0.6809999999999999,0.217,0.0,0.444,1.5819999999999999,,,SSE,2.8760000000000003,61.291000000000004,-103.17399999999999
159,5013,joint,13,1101,Coop_Greed_Nash,0,0,0,1.2229999999999999,1.2229999999999999,0.109,0.0,0.884,1.8419999999999999,3.345,,SSE,2.207,78.227,-132.19299999999998
159,5013,joint,14,1110,Coop_Greed_Risk,0,0,0,0.534,0.534,0.266,0.0,0.324,1.3259999999999998,1.218,,SSE,1.7009999999999998,94.896,-165.532
159,5013,joint,15,1111,Coop_Greed_Risk_Nash,0,0,0,0.41100000000000003,0.41100000000000003,0.266,0.0,0.327,1.171,1.013,0.47600000000000003,SSE,1.743,93.35700000000001,-157.60299999999998
160,5014,joint,1,0001,Nash,0,0,0,0.838,0.838,0.335,0.0,1.72,,,,SSE,8.421,-7.48,29.517
160,5014,joint,2,0010,Risk,0,0,0,0.42200000000000004,0.42200000000000004,0.21600000000000003,0.0,1.595,,,,SSE,9.39,-14.442,43.44
160,5014,joint,3,0011,Risk_Nash,0,0,0,0.426,0.426,0.265,0.0,0.639,1.676,,,SSE,8.383,-7.189,33.787
160,5014,joint,4,0100,Greed,0,0,0,0.24,0.24,0.408,0.0,1.038,,,,SSE,8.912,-11.104000000000001,36.764
160,5014,joint,5,0101,Greed_Nash,0,0,0,0.586,0.586,0.191,0.0,1.5090000000000001,1.8230000000000002,,,SSE,8.156,-5.44,30.288
160,5014,joint,6,0110,Greed_Risk,0,0,0,0.389,0.389,0.27899999999999997,0.0,1.5719999999999998,1.2819999999999998,,,SSE,7.643,-1.284,21.976
160,5014,joint,7,0111,Greed_Risk_Nash,0,0,0,0.379,0.379,0.243,0.0,1.671,1.359,0.41200000000000003,,SSE,7.484,0.06,24.141
160,5014,joint,8,1000,Coop,0,0,0,0.01,0.01,0.01,0.0,17.789,,,,SSE,10.284,-20.253,55.063
160,5014,joint,9,1001,Coop_Nash,0,0,0,0.6890000000000001,0.6890000000000001,0.382,0.0,0.713,1.5090000000000001,,,SSE,8.29,-6.456,32.319
160,5014,joint,10,1010,Coop_Risk,0,0,0,0.674,0.674,0.13,0.0,1.595,2.68,,,SSE,9.195,-13.088,45.583
160,5014,joint,11,1011,Coop_Risk_Nash,0,0,0,0.445,0.445,0.259,0.0,0.852,0.625,1.756,,SSE,8.155,-5.41,35.080999999999996
160,5014,joint,12,1100,Coop_Greed,0,0,0,0.45,0.45,0.21600000000000003,0.0,1.036,1.974,,,SSE,8.691,-9.482999999999999,38.374
160,5014,joint,13,1101,Coop_Greed_Nash,0,0,0,0.474,0.474,0.249,0.0,0.987,1.185,1.431,,SSE,7.8660000000000005,-3.096,30.451999999999998
160,5014,joint,14,1110,Coop_Greed_Risk,0,0,0,0.46,0.46,0.251,0.0,0.858,1.739,1.412,,SSE,7.367999999999999,1.09,22.08
160,5014,joint,15,1111,Coop_Greed_Risk_Nash,0,0,0,0.397,0.397,0.24600000000000002,0.0,0.888,1.6130000000000002,1.2930000000000001,0.486,SSE,7.197,2.59,23.933000000000003
161,5015,joint,1,0001,Nash,0,0,0,2.273,2.273,0.239,0.0,6.518,,,,SSE,16.23,-49.457,113.47
161,5015,joint,2,0010,Risk,0,0,0,0.544,0.544,0.212,0.0,3.2119999999999997,,,,SSE,21.834,-68.436,151.428
161,5015,joint,3,0011,Risk_Nash,0,0,0,0.488,0.488,0.381,0.0,0.8370000000000001,2.87,,,SSE,17.729,-55.106,129.621
161,5015,joint,4,0100,Greed,0,0,0,0.01,0.01,0.021,0.0,19.995,,,,SSE,23.111,-72.075,158.705
161,5015,joint,5,0101,Greed_Nash,0,0,0,0.344,0.344,0.273,0.0,0.19,3.7739999999999996,,,SSE,19.524,-61.281000000000006,141.97
161,5015,joint,6,0110,Greed_Risk,0,0,0,0.09699999999999999,0.09699999999999999,0.16899999999999998,0.0,2.645,3.219,,,SSE,21.088,-66.211,151.829
161,5015,joint,7,0111,Greed_Risk_Nash,0,0,0,0.303,0.303,0.292,0.0,0.418,0.755,3.158,,SSE,19.038,-59.667,143.594
161,5015,joint,8,1000,Coop,0,0,0,0.01,0.01,0.01,0.0,-17.768,,,,SSE,24.2,-75.02199999999999,164.6
161,5015,joint,9,1001,Coop_Nash,0,0,0,1.5859999999999999,1.5859999999999999,0.45899999999999996,0.0,-2.0980000000000003,4.164,,,SSE,15.187000000000001,-45.20399999999999,109.816
161,5015,joint,10,1010,Coop_Risk,0,0,0,0.462,0.462,0.24,0.0,-0.9940000000000001,2.748,,,SSE,21.695999999999998,-68.031,155.471
161,5015,joint,11,1011,Coop_Risk_Nash,0,0,0,1.268,1.268,0.17800000000000002,0.0,-1.9240000000000002,1.83,6.502999999999999,,SSE,17.28,-53.466,131.19299999999998
161,5015,joint,12,1100,Coop_Greed,0,0,0,0.01,0.01,0.021,0.0,-8.863999999999999,19.995,,,SSE,22.86,-71.378,162.16299999999998
161,5015,joint,13,1101,Coop_Greed_Nash,0,0,0,0.316,0.316,0.32799999999999996,0.0,-0.833,0.105,3.197,,SSE,19.268,-60.438,145.135
161,5015,joint,14,1110,Coop_Greed_Risk,0,0,0,0.064,0.064,0.139,0.0,-1.2770000000000001,3.154,3.841,,SSE,20.905,-65.656,155.572
161,5015,joint,15,1111,Coop_Greed_Risk_Nash,0,0,0,0.32899999999999996,0.32899999999999996,0.29600000000000004,0.0,-0.8290000000000001,0.34299999999999997,0.691,3.236,SSE,18.773,-58.772,146.656
162,5016,joint,1,0001,Nash,0,0,0,0.285,0.285,0.39399999999999996,0.0,0.569,,,,SSE,10.11,-19.164,52.885
162,5016,joint,2,0010,Risk,0,0,0,0.01,0.01,0.01,0.0,-6.292000000000001,,,,SSE,10.647,-22.476999999999997,59.511
162,5016,joint,3,0011,Risk_Nash,0,0,0,0.131,0.131,0.174,0.0,-1.625,2.468,,,SSE,9.924,-17.976,55.36
162,5016,joint,4,0100,Greed,0,0,0,0.40700000000000003,0.40700000000000003,0.254,0.0,1.771,,,,SSE,8.674,-9.363999999999999,33.285
162,5016,joint,5,0101,Greed_Nash,0,0,0,0.43200000000000005,0.43200000000000005,0.187,0.0,2.522,-0.37,,,SSE,8.628,-9.021,37.451
162,5016,joint,6,0110,Greed_Risk,0,0,0,0.557,0.557,0.10400000000000001,0.0,4.254,-0.6509999999999999,,,SSE,8.904,-11.04,41.488
162,5016,joint,7,0111,Greed_Risk_Nash,0,0,0,0.248,0.248,0.187,0.0,2.266,-0.41600000000000004,0.12,,SSE,8.876,-10.834000000000001,45.928000000000004
162,5016,joint,8,1000,Coop,0,0,0,0.01,0.01,0.01,0.0,15.369000000000002,,,,SSE,10.49,-21.522,57.599
162,5016,joint,9,1001,Coop_Nash,0,0,0,0.5920000000000001,0.5920000000000001,0.184,0.0,1.093,1.226,,,SSE,9.927999999999999,-17.996,55.401
162,5016,joint,10,1010,Coop_Risk,0,0,0,0.01,0.01,0.01,0.0,15.392000000000001,-6.397,,,SSE,10.457,-21.322,62.052
162,5016,joint,11,1011,Coop_Risk_Nash,0,0,0,0.22399999999999998,0.22399999999999998,0.10300000000000001,0.0,1.579,-2.647,4.086,,SSE,9.748,-16.826,57.911
162,5016,joint,12,1100,Coop_Greed,0,0,0,0.465,0.465,0.24,0.0,0.868,1.8769999999999998,,,SSE,8.443999999999999,-7.635,34.679
162,5016,joint,13,1101,Coop_Greed_Nash,0,0,0,0.948,0.948,0.092,0.0,2.221,5.0889999999999995,-0.718,,SSE,8.384,-7.178999999999999,38.618
162,5016,joint,14,1110,Coop_Greed_Risk,0,0,0,0.28,0.28,0.222,0.0,0.815,1.9809999999999999,-0.275,,SSE,8.7,-9.55,43.36
162,5016,joint,15,1111,Coop_Greed_Risk_Nash,0,0,0,0.247,0.247,0.203,0.0,0.895,2.095,-0.34700000000000003,0.095,SSE,8.665,-9.29,47.693000000000005
163,5017,joint,1,0001,Nash,0,0,0,1.3769999999999998,1.3769999999999998,0.23800000000000002,0.0,0.569,,,,SSE,14.314,-41.413999999999994,97.384
163,5017,joint,2,0010,Risk,0,0,0,0.37200000000000005,0.37200000000000005,0.16399999999999998,0.0,-1.815,,,,SSE,15.272,-45.559,105.67399999999999
163,5017,joint,3,0011,Risk_Nash,0,0,0,0.478,0.478,0.23800000000000002,0.0,-2.367,1.932,,,SSE,13.812999999999999,-39.135,97.677
163,5017,joint,4,0100,Greed,0,0,0,0.905,0.905,0.311,0.0,1.624,,,,SSE,11.970999999999998,-29.971999999999998,74.499
163,5017,joint,5,0101,Greed_Nash,0,0,0,0.8540000000000001,0.8540000000000001,0.303,0.0,1.929,-0.736,,,SSE,11.142000000000001,-25.379,70.166
163,5017,joint,6,0110,Greed_Risk,0,0,0,3.238,3.238,0.057999999999999996,0.0,8.379,-6.864,,,SSE,11.505999999999998,-27.44,74.288
163,5017,joint,7,0111,Greed_Risk_Nash,0,0,0,0.742,0.742,0.22699999999999998,0.0,1.89,-1.8880000000000001,0.461,,SSE,11.154000000000002,-25.449,75.158
163,5017,joint,8,1000,Coop,0,0,0,0.01,0.01,0.01,0.0,6.606,,,,SSE,16.021,-48.626000000000005,111.807
163,5017,joint,9,1001,Coop_Nash,0,0,0,0.996,0.996,0.319,0.0,0.603,0.38799999999999996,,,SSE,14.493,-42.207,103.823
163,5017,joint,10,1010,Coop_Risk,0,0,0,0.281,0.281,0.185,0.0,0.485,-1.574,,,SSE,15.31,-45.718999999999994,110.845
163,5017,joint,11,1011,Coop_Risk_Nash,0,0,0,0.419,0.419,0.265,0.0,0.385,-2.094,1.704,,SSE,13.869000000000002,-39.391999999999996,103.045
163,5017,joint,12,1100,Coop_Greed,0,0,0,0.941,0.941,0.295,0.0,0.614,1.706,,,SSE,11.982999999999999,-30.039,79.487
163,5017,joint,13,1101,Coop_Greed_Nash,0,0,0,1.159,1.159,0.253,0.0,0.593,2.353,-0.929,,SSE,10.924000000000001,-24.114,72.488
163,5017,joint,14,1110,Coop_Greed_Risk,0,0,0,0.736,0.736,0.282,0.0,0.601,1.7380000000000002,-1.422,,SSE,11.300999999999998,-26.29,76.84
163,5017,joint,15,1111,Coop_Greed_Risk_Nash,0,0,0,0.6829999999999999,0.6829999999999999,0.267,0.0,0.44799999999999995,1.653,-1.5730000000000002,0.331,SSE,10.972999999999999,-24.404,77.921
164,5018,joint,1,0001,Nash,0,0,0,1.125,1.125,0.301,0.0,1.294,,,,SSE,5.894,15.370999999999999,-16.186
164,5018,joint,2,0010,Risk,0,0,0,0.6559999999999999,0.6559999999999999,0.29600000000000004,0.0,1.246,,,,SSE,5.678,17.758,-20.96
164,5018,joint,3,0011,Risk_Nash,0,0,0,0.6759999999999999,0.6759999999999999,0.34600000000000003,0.0,0.9129999999999999,0.741,,,SSE,4.613,31.06,-42.711999999999996
164,5018,joint,4,0100,Greed,0,0,0,0.897,0.897,0.31,0.0,0.7979999999999999,,,,SSE,4.743,29.281,-44.006
164,5018,joint,5,0101,Greed_Nash,0,0,0,0.8809999999999999,0.8809999999999999,0.316,0.0,0.441,1.139,,,SSE,3.806,43.357,-67.307
164,5018,joint,6,0110,Greed_Risk,0,0,0,1.474,1.474,0.209,0.0,1.304,2.252,,,SSE,1.729,93.846,-168.28400000000002
164,5018,joint,7,0111,Greed_Risk_Nash,0,0,0,0.826,0.826,0.299,0.0,0.846,1.465,0.284,,SSE,1.9869999999999999,84.971,-145.68200000000002
164,5018,joint,8,1000,Coop,0,0,0,0.01,0.01,0.01,0.0,-0.75,,,,SSE,7.8389999999999995,-2.8810000000000002,20.317999999999998
164,5018,joint,9,1001,Coop_Nash,0,0,0,2.67,2.67,0.08800000000000001,0.0,-0.336,3.903,,,SSE,6.53,8.814,1.7790000000000001
164,5018,joint,10,1010,Coop_Risk,0,0,0,0.565,0.565,0.27899999999999997,0.0,-0.033,1.217,,,SSE,6.077999999999999,13.4,-7.391
164,5018,joint,11,1011,Coop_Risk_Nash,0,0,0,0.696,0.696,0.293,0.0,-0.038,0.997,0.8220000000000001,,SSE,4.9719999999999995,26.265,-28.271
164,5018,joint,12,1100,Coop_Greed,0,0,0,1.061,1.061,0.218,0.0,-0.128,1.055,,,SSE,5.225,23.08,-26.750999999999998
164,5018,joint,13,1101,Coop_Greed_Nash,0,0,0,0.36200000000000004,0.36200000000000004,0.711,0.0,-0.046,0.188,0.494,,SSE,4.112,38.409,-52.558
164,5018,joint,14,1110,Coop_Greed_Risk,0,0,0,1.129,1.129,0.27699999999999997,0.0,-0.040999999999999995,0.9570000000000001,1.6540000000000001,,SSE,1.79,91.646,-159.031
164,5018,joint,15,1111,Coop_Greed_Risk_Nash,0,0,0,0.9490000000000001,0.9490000000000001,0.263,0.0,-0.079,0.9209999999999999,1.617,0.349,SSE,2.057,82.75,-136.388
165,5019,joint,1,0001,Nash,0,0,0,0.883,0.883,0.11900000000000001,0.0,3.592,,,,SSE,2.234,77.464,-140.373
165,5019,joint,2,0010,Risk,0,0,0,0.188,0.188,0.153,0.0,0.9009999999999999,,,,SSE,3.12,56.085,-97.61399999999999
165,5019,joint,3,0011,Risk_Nash,0,0,0,0.10099999999999999,0.10099999999999999,0.391,0.0,-0.196,1.149,,,SSE,2.2840000000000003,76.056,-132.704
165,5019,joint,4,0100,Greed,0,0,0,0.355,0.355,0.18600000000000003,0.0,2.312,,,,SSE,1.8940000000000001,88.02799999999999,-161.5
165,5019,joint,5,0101,Greed_Nash,0,0,0,0.348,0.348,0.183,0.0,1.854,1.195,,,SSE,1.625,97.836,-176.263
165,5019,joint,6,0110,Greed_Risk,0,0,0,0.293,0.293,0.188,0.0,2.274,0.787,,,SSE,1.68,95.68299999999999,-171.959
165,5019,joint,7,0111,Greed_Risk_Nash,0,0,0,0.26899999999999996,0.26899999999999996,0.17600000000000002,0.0,2.135,0.57,0.669,,SSE,1.5919999999999999,99.154,-174.048
165,5019,joint,8,1000,Coop,0,0,0,0.16699999999999998,0.16699999999999998,0.13699999999999998,0.0,0.46799999999999997,,,,SSE,3.292,52.641999999999996,-90.728
165,5019,joint,9,1001,Coop_Nash,0,0,0,0.52,0.52,0.22,0.0,0.429,1.963,,,SSE,2.167,79.407,-139.405
165,5019,joint,10,1010,Coop_Risk,0,0,0,0.221,0.221,0.14300000000000002,0.0,0.45299999999999996,0.971,,,SSE,3.0869999999999997,56.766999999999996,-94.12700000000001
165,5019,joint,11,1011,Coop_Risk_Nash,0,0,0,0.214,0.214,0.20199999999999999,0.0,0.34,-0.37200000000000005,2.225,,SSE,2.2359999999999998,77.392,-130.523
165,5019,joint,12,1100,Coop_Greed,0,0,0,0.325,0.325,0.218,0.0,0.38,1.972,,,SSE,1.849,89.559,-159.71
165,5019,joint,13,1101,Coop_Greed_Nash,0,0,0,0.302,0.302,0.226,0.0,0.37200000000000005,1.482,0.996,,SSE,1.5630000000000002,100.329,-176.398
165,5019,joint,14,1110,Coop_Greed_Risk,0,0,0,0.27399999999999997,0.27399999999999997,0.221,0.0,0.332,1.9340000000000002,0.677,,SSE,1.621,97.971,-171.68200000000002
165,5019,joint,15,1111,Coop_Greed_Risk_Nash,0,0,0,0.79,0.79,0.065,0.0,1.131,5.7589999999999995,1.517,1.952,SSE,1.5330000000000001,101.566,-174.02
166,5020,joint,1,0001,Nash,0,0,0,0.5579999999999999,0.5579999999999999,0.285,0.0,2.5660000000000003,,,,SSE,2.806,62.867,-111.178
166,5020,joint,2,0010,Risk,0,0,0,0.42,0.42,0.242,0.0,1.546,,,,SSE,3.7089999999999996,45.013000000000005,-75.471
166,5020,joint,3,0011,Risk_Nash,0,0,0,0.354,0.354,0.27,0.0,0.478,2.2640000000000002,,,SSE,2.46,71.295,-123.182
166,5020,joint,4,0100,Greed,0,0,0,0.359,0.359,0.21,0.0,1.588,,,,SSE,4.101,38.582,-62.608999999999995
166,5020,joint,5,0101,Greed_Nash,0,0,0,0.345,0.345,0.21899999999999997,0.0,0.345,2.764,,,SSE,2.7769999999999997,63.534,-107.66
166,5020,joint,6,0110,Greed_Risk,0,0,0,0.48100000000000004,0.48100000000000004,0.218,0.0,1.686,1.787,,,SSE,2.485,70.652,-121.896
166,5020,joint,7,0111,Greed_Risk_Nash,0,0,0,0.462,0.462,0.17300000000000001,0.0,0.997,1.202,2.515,,SSE,2.1959999999999997,78.563,-132.866
166,5020,joint,8,1000,Coop,0,0,0,0.01,0.01,0.01,0.0,6.1610000000000005,,,,SSE,5.142,24.105,-33.654
166,5020,joint,9,1001,Coop_Nash,0,0,0,0.8009999999999999,0.8009999999999999,0.182,0.0,0.473,3.924,,,SSE,2.8569999999999998,61.708,-104.009
166,5020,joint,10,1010,Coop_Risk,0,0,0,0.45,0.45,0.22,0.0,0.374,1.686,,,SSE,3.7260000000000004,44.715,-70.02199999999999
166,5020,joint,11,1011,Coop_Risk_Nash,0,0,0,0.462,0.462,0.209,0.0,0.35600000000000004,0.61,2.92,,SSE,2.443,71.72399999999999,-119.189
166,5020,joint,12,1100,Coop_Greed,0,0,0,0.34299999999999997,0.34299999999999997,0.212,0.0,0.379,1.564,,,SSE,4.111000000000001,38.433,-57.458
166,5020,joint,13,1101,Coop_Greed_Nash,0,0,0,0.301,0.301,0.252,0.0,0.289,0.297,2.395,,SSE,2.7680000000000002,63.751000000000005,-103.242
166,5020,joint,14,1110,Coop_Greed_Risk,0,0,0,0.348,0.348,0.319,0.0,0.263,1.155,1.219,,SSE,2.425,72.204,-120.147
166,5020,joint,15,1111,Coop_Greed_Risk_Nash,0,0,0,0.392,0.392,0.212,0.0,0.326,0.8140000000000001,0.98,2.062,SSE,2.15,79.913,-130.715
167,5021,joint,1,0001,Nash,0,0,0,0.01,0.01,0.059000000000000004,0.0,19.995,,,,SSE,13.945,-39.763000000000005,94.083
167,5021,joint,2,0010,Risk,0,0,0,0.01,0.01,0.026000000000000002,0.0,19.998,,,,SSE,18.62,-58.256,131.06799999999998
167,5021,joint,3,0011,Risk_Nash,0,0,0,0.01,0.01,0.059000000000000004,0.0,0.26899999999999996,19.999000000000002,,,SSE,13.949000000000002,-39.783,98.97399999999999
167,5021,joint,4,0100,Greed,0,0,0,0.337,0.337,0.27,0.0,3.0269999999999997,,,,SSE,17.076,-52.721000000000004,119.999
167,5021,joint,5,0101,Greed_Nash,0,0,0,0.14400000000000002,0.14400000000000002,0.237,0.0,0.825,4.827,,,SSE,13.786,-39.033,97.47399999999999
167,5021,joint,6,0110,Greed_Risk,0,0,0,0.062,0.062,0.16399999999999998,0.0,4.47,3.679,,,SSE,15.352,-45.911,111.23100000000001
167,5021,joint,7,0111,Greed_Risk_Nash,0,0,0,0.01,0.01,0.047,0.0,5.0569999999999995,3.1639999999999997,19.997,,SSE,13.825,-39.213,102.68700000000001
167,5021,joint,8,1000,Coop,0,0,0,1.516,1.516,0.105,0.0,3.167,,,,SSE,20.203,-63.468,141.493
167,5021,joint,9,1001,Coop_Nash,0,0,0,0.01,0.01,0.064,0.0,5.84,19.996,,,SSE,13.305,-36.738,92.885
167,5021,joint,10,1010,Coop_Risk,0,0,0,0.01,0.01,0.027000000000000003,0.0,9.764,19.998,,,SSE,18.149,-56.608000000000004,132.624
167,5021,joint,11,1011,Coop_Risk_Nash,0,0,0,0.01,0.01,0.064,0.0,5.841,-0.001,19.999000000000002,,SSE,13.311,-36.765,97.789
167,5021,joint,12,1100,Coop_Greed,0,0,0,0.507,0.507,0.221,0.0,1.504,3.8360000000000003,,,SSE,16.494,-50.489,120.38600000000001
167,5021,joint,13,1101,Coop_Greed_Nash,0,0,0,0.11699999999999999,0.11699999999999999,0.27399999999999997,0.0,1.3530000000000002,0.639,4.428999999999999,,SSE,13.182,-36.145,96.54899999999999
167,5021,joint,14,1110,Coop_Greed_Risk,0,0,0,0.062,0.062,0.17600000000000002,0.0,1.715,4.26,3.5,,SSE,14.849,-43.766000000000005,111.791
167,5021,joint,15,1111,Coop_Greed_Risk_Nash,0,0,0,0.01,0.01,0.052000000000000005,0.0,6.928,4.074,2.3409999999999997,19.998,SSE,13.22,-36.328,101.76799999999999
168,5022,joint,1,0001,Nash,0,0,0,0.892,0.892,0.583,0.0,1.318,,,,SSE,10.812999999999999,-23.465999999999998,61.486999999999995
168,5022,joint,2,0010,Risk,0,0,0,0.72,0.72,0.21600000000000003,0.0,1.0659999999999998,,,,SSE,13.282,-36.626,87.809
168,5022,joint,3,0011,Risk_Nash,0,0,0,0.6579999999999999,0.6579999999999999,0.33399999999999996,0.0,0.031,2.055,,,SSE,10.901,-23.983,67.374
168,5022,joint,4,0100,Greed,0,0,0,2.465,2.465,0.12,0.0,6.327999999999999,,,,SSE,9.687000000000001,-16.424,47.405
168,5022,joint,5,0101,Greed_Nash,0,0,0,0.925,0.925,0.332,0.0,1.9680000000000002,1.169,,,SSE,8.255,-6.187,31.781999999999996
168,5022,joint,6,0110,Greed_Risk,0,0,0,2.6889999999999996,2.6889999999999996,0.105,0.0,7.147,2.947,,,SSE,7.722,-1.9180000000000001,23.245
168,5022,joint,7,0111,Greed_Risk_Nash,0,0,0,0.588,0.588,0.373,0.0,1.6909999999999998,0.5479999999999999,0.67,,SSE,7.654,-1.35,26.961
168,5022,joint,8,1000,Coop,0,0,0,0.01,0.01,0.01,0.0,-4.17,,,,SSE,14.661,-42.949,100.45299999999999
168,5022,joint,9,1001,Coop_Nash,0,0,0,0.909,0.909,0.446,0.0,-0.11900000000000001,1.6130000000000002,,,SSE,11.645999999999999,-28.214000000000002,75.835
168,5022,joint,10,1010,Coop_Risk,0,0,0,0.528,0.528,0.23800000000000002,0.0,-0.252,0.8859999999999999,,,SSE,13.607999999999999,-38.18,95.76799999999999
168,5022,joint,11,1011,Coop_Risk_Nash,0,0,0,0.634,0.634,0.308,0.0,-0.192,0.031,2.12,,SSE,11.243,-25.96,76.18
168,5022,joint,12,1100,Coop_Greed,0,0,0,0.8640000000000001,0.8640000000000001,0.29,0.0,-0.251,2.448,,,SSE,10.189,-19.658,58.723
168,5022,joint,13,1101,Coop_Greed_Nash,0,0,0,0.188,0.188,1.521,0.0,-0.055,0.414,0.251,,SSE,8.597000000000001,-8.783,41.827
168,5022,joint,14,1110,Coop_Greed_Risk,0,0,0,0.9229999999999999,0.9229999999999999,0.308,0.0,-0.301,2.376,1.035,,SSE,7.831,-2.815,29.89
168,5022,joint,15,1111,Coop_Greed_Risk_Nash,0,0,0,0.735,0.735,0.298,0.0,-0.258,2.07,0.72,0.813,SSE,7.768,-2.3,33.713
169,5023,joint,1,0001,Nash,0,0,0,0.402,0.402,0.207,0.0,3.2439999999999998,,,,SSE,17.339000000000002,-53.696999999999996,121.95100000000001
169,5023,joint,2,0010,Risk,0,0,0,0.01,0.01,0.01,0.0,-4.563,,,,SSE,19.437,-61.005,136.566
169,5023,joint,3,0011,Risk_Nash,0,0,0,0.01,0.01,0.055,0.0,-11.931,19.998,,,SSE,16.019000000000002,-48.635,116.678
169,5023,joint,4,0100,Greed,0,0,0,0.61,0.61,0.45399999999999996,0.0,3.514,,,,SSE,10.0,-18.516,51.589
169,5023,joint,5,0101,Greed_Nash,0,0,0,0.5529999999999999,0.5529999999999999,0.314,0.0,4.192,0.742,,,SSE,10.855,-23.755,66.918
169,5023,joint,6,0110,Greed_Risk,0,0,0,0.43799999999999994,0.43799999999999994,0.255,0.0,4.664,-0.195,,,SSE,12.023,-30.288,79.983
169,5023,joint,7,0111,Greed_Risk_Nash,0,0,0,0.278,0.278,0.29,0.0,3.8939999999999997,-0.109,0.212,,SSE,12.190999999999999,-31.174,86.60700000000001
169,5023,joint,8,1000,Coop,0,0,0,0.01,0.01,0.013000000000000001,0.0,19.424,,,,SSE,18.959,-59.403,133.363
169,5023,joint,9,1001,Coop_Nash,0,0,0,0.153,0.153,0.623,0.0,0.519,1.097,,,SSE,16.84,-51.818000000000005,123.045
169,5023,joint,10,1010,Coop_Risk,0,0,0,0.01,0.01,0.012,0.0,19.995,-3.7119999999999997,,,SSE,18.944000000000003,-59.35,138.109
169,5023,joint,11,1011,Coop_Risk_Nash,0,0,0,0.01,0.01,0.055999999999999994,0.0,4.973,-11.982000000000001,19.998,,SSE,15.534,-46.652,117.564
169,5023,joint,12,1100,Coop_Greed,0,0,0,0.627,0.627,0.466,0.0,1.078,3.437,,,SSE,9.392000000000001,-14.446,48.3
169,5023,joint,13,1101,Coop_Greed_Nash,0,0,0,0.47700000000000004,0.47700000000000004,0.395,0.0,1.0390000000000001,3.362,0.621,,SSE,10.270999999999999,-20.172,64.60300000000001
169,5023,joint,14,1110,Coop_Greed_Risk,0,0,0,0.35,0.35,0.34,0.0,1.054,3.52,-0.18600000000000003,,SSE,11.508,-27.451,79.163
169,5023,joint,15,1111,Coop_Greed_Risk_Nash,0,0,0,0.257,0.257,0.327,0.0,1.041,3.4530000000000003,-0.155,0.228,SSE,11.697000000000001,-28.491999999999997,86.095
170,5024,joint,1,0001,Nash,0,0,0,0.778,0.778,0.39899999999999997,0.0,1.249,,,,SSE,11.078,-25.014,64.584
170,5024,joint,2,0010,Risk,0,0,0,0.54,0.54,0.24,0.0,-0.129,,,,SSE,12.151,-30.928,76.41199999999999
170,5024,joint,3,0011,Risk_Nash,0,0,0,0.52,0.52,0.29600000000000004,0.0,-0.971,2.1069999999999998,,,SSE,10.35,-20.664,60.736999999999995
170,5024,joint,4,0100,Greed,0,0,0,1.3730000000000002,1.3730000000000002,0.214,0.0,3.373,,,,SSE,8.267000000000001,-6.278,27.113000000000003
170,5024,joint,5,0101,Greed_Nash,0,0,0,1.011,1.011,0.261,0.0,2.4859999999999998,0.606,,,SSE,7.81,-2.637,24.682
170,5024,joint,6,0110,Greed_Risk,0,0,0,0.725,0.725,0.348,0.0,2.037,-0.165,,,SSE,6.882999999999999,5.445,8.517999999999999
170,5024,joint,7,0111,Greed_Risk_Nash,0,0,0,0.866,0.866,0.228,0.0,2.5469999999999997,-0.331,0.833,,SSE,7.189,2.665,18.929000000000002
170,5024,joint,8,1000,Coop,0,0,0,0.01,0.01,0.01,0.0,12.901,,,,SSE,13.01,-35.304,85.163
170,5024,joint,9,1001,Coop_Nash,0,0,0,0.767,0.767,0.355,0.0,0.669,1.3319999999999999,,,SSE,11.195,-25.686,70.78
170,5024,joint,10,1010,Coop_Risk,0,0,0,0.5920000000000001,0.5920000000000001,0.204,0.0,0.8640000000000001,-0.13,,,SSE,12.133,-30.838,81.083
170,5024,joint,11,1011,Coop_Risk_Nash,0,0,0,0.524,0.524,0.292,0.0,0.626,-0.941,2.084,,SSE,10.297,-20.336,64.932
170,5024,joint,12,1100,Coop_Greed,0,0,0,0.212,0.212,1.2590000000000001,0.0,0.18899999999999997,0.55,,,SSE,8.31,-6.614,32.635999999999996
170,5024,joint,13,1101,Coop_Greed_Nash,0,0,0,1.236,1.236,0.21100000000000002,0.0,1.014,2.998,0.738,,SSE,7.71,-1.819,27.898000000000003
170,5024,joint,14,1110,Coop_Greed_Risk,0,0,0,0.7959999999999999,0.7959999999999999,0.33399999999999996,0.0,0.735,2.096,-0.17800000000000002,,SSE,6.575,8.377,7.506
170,5024,joint,15,1111,Coop_Greed_Risk_Nash,0,0,0,0.331,0.331,0.622,0.0,0.322,0.917,-0.129,0.313,SSE,6.94,4.919,19.274
171,5025,joint,1,0001,Nash,0,0,0,1.062,1.062,0.203,0.0,1.83,,,,SSE,9.533999999999999,-15.439,45.434
171,5025,joint,2,0010,Risk,0,0,0,0.01,0.01,0.01,0.0,9.453,,,,SSE,10.785,-23.33,61.216
171,5025,joint,3,0011,Risk_Nash,0,0,0,0.214,0.214,0.11599999999999999,0.0,-0.649,3.035,,,SSE,10.26,-20.137999999999998,59.685
171,5025,joint,4,0100,Greed,0,0,0,0.8370000000000001,0.8370000000000001,0.306,0.0,1.7069999999999999,,,,SSE,7.296,1.621,11.314
171,5025,joint,5,0101,Greed_Nash,0,0,0,0.657,0.657,0.306,0.0,1.3769999999999998,0.601,,,SSE,7.178,2.696,14.015999999999998
171,5025,joint,6,0110,Greed_Risk,0,0,0,0.45,0.45,0.23600000000000002,0.0,1.86,0.462,,,SSE,8.62,-9.019,37.446
171,5025,joint,7,0111,Greed_Risk_Nash,0,0,0,0.37200000000000005,0.37200000000000005,0.237,0.0,1.7690000000000001,0.451,0.159,,SSE,8.482999999999999,-7.989,40.238
171,5025,joint,8,1000,Coop,0,0,0,0.01,0.01,0.012,0.0,19.975,,,,SSE,10.427,-21.135,56.827
171,5025,joint,9,1001,Coop_Nash,0,0,0,0.5670000000000001,0.5670000000000001,0.301,0.0,1.018,1.155,,,SSE,9.398,-14.489,48.386
171,5025,joint,10,1010,Coop_Risk,0,0,0,0.01,0.01,0.012,0.0,19.991,8.222999999999999,,,SSE,10.356,-20.698,60.803000000000004
171,5025,joint,11,1011,Coop_Risk_Nash,0,0,0,0.043,0.043,0.4,0.0,0.603,-0.17,0.86,,SSE,9.878,-17.677,59.614
171,5025,joint,12,1100,Coop_Greed,0,0,0,0.7120000000000001,0.7120000000000001,0.34600000000000003,0.0,1.107,1.505,,,SSE,6.973,4.61,10.189
171,5025,joint,13,1101,Coop_Greed_Nash,0,0,0,0.46399999999999997,0.46399999999999997,0.44,0.0,0.746,0.978,0.34700000000000003,,SSE,6.819,6.037999999999999,12.183
171,5025,joint,14,1110,Coop_Greed_Risk,0,0,0,0.408,0.408,0.267,0.0,1.088,1.6369999999999998,0.42,,SSE,8.243,-6.097,36.454
171,5025,joint,15,1111,Coop_Greed_Risk_Nash,0,0,0,0.618,0.618,0.145,0.0,1.883,2.97,0.828,0.092,SSE,8.117,-5.109,39.33
172,5026,joint,1,0001,Nash,0,0,0,0.341,0.341,0.353,0.0,2.03,,,,SSE,3.855,42.545,-70.53399999999999
172,5026,joint,2,0010,Risk,0,0,0,0.01,0.01,0.016,0.0,19.608,,,,SSE,5.46,20.262999999999998,-25.971
172,5026,joint,3,0011,Risk_Nash,0,0,0,0.11199999999999999,0.11199999999999999,0.16699999999999998,0.0,0.149,3.563,,,SSE,4.172,37.494,-55.581
172,5026,joint,4,0100,Greed,0,0,0,0.27399999999999997,0.27399999999999997,0.35,0.0,1.485,,,,SSE,4.272,35.966,-57.375
172,5026,joint,5,0101,Greed_Nash,0,0,0,0.33399999999999996,0.33399999999999996,0.255,0.0,1.1840000000000002,2.186,,,SSE,3.2769999999999997,52.948,-86.48700000000001
172,5026,joint,6,0110,Greed_Risk,0,0,0,0.24,0.24,0.20800000000000002,0.0,2.32,1.659,,,SSE,3.778,43.833,-68.257
172,5026,joint,7,0111,Greed_Risk_Nash,0,0,0,0.521,0.521,0.087,0.0,4.066,2.3369999999999997,3.5989999999999998,,SSE,3.52,48.361999999999995,-72.46300000000001
172,5026,joint,8,1000,Coop,0,0,0,0.01,0.01,0.01,0.0,6.507999999999999,,,,SSE,6.172000000000001,12.421,-10.286
172,5026,joint,9,1001,Coop_Nash,0,0,0,0.473,0.473,0.24600000000000002,0.0,0.358,2.885,,,SSE,3.841,42.773999999999994,-66.139
172,5026,joint,10,1010,Coop_Risk,0,0,0,0.01,0.01,0.015,0.0,4.33,19.942,,,SSE,5.426,20.662,-21.915
172,5026,joint,11,1011,Coop_Risk_Nash,0,0,0,0.114,0.114,0.16399999999999998,0.0,0.43700000000000006,0.159,3.603,,SSE,4.141,37.966,-51.67100000000001
172,5026,joint,12,1100,Coop_Greed,0,0,0,0.467,0.467,0.21100000000000002,0.0,0.38,2.463,,,SSE,4.236000000000001,36.514,-53.621
172,5026,joint,13,1101,Coop_Greed_Nash,0,0,0,0.39799999999999996,0.39799999999999996,0.223,0.0,0.40700000000000003,1.364,2.525,,SSE,3.215,54.162,-84.06299999999999
172,5026,joint,14,1110,Coop_Greed_Risk,0,0,0,0.307,0.307,0.177,0.0,0.44,2.7460000000000004,1.969,,SSE,3.725,44.736999999999995,-65.214
172,5026,joint,15,1111,Coop_Greed_Risk_Nash,0,0,0,0.222,0.222,0.217,0.0,0.387,1.646,0.9540000000000001,1.4480000000000002,SSE,3.464,49.385,-69.65899999999999
173,5027,joint,1,0001,Nash,0,0,0,0.276,0.276,1.2209999999999999,0.0,0.9329999999999999,,,,SSE,7.3660000000000005,1.1059999999999999,12.344000000000001
173,5027,joint,2,0010,Risk,0,0,0,0.452,0.452,0.215,0.0,2.302,,,,SSE,10.741,-23.035999999999998,60.628
173,5027,joint,3,0011,Risk_Nash,0,0,0,0.5660000000000001,0.5660000000000001,0.218,0.0,0.48100000000000004,4.316,,,SSE,7.706,-1.786,22.980999999999998
173,5027,joint,4,0100,Greed,0,0,0,0.483,0.483,0.174,0.0,3.315,,,,SSE,10.297,-20.333,55.222
173,5027,joint,5,0101,Greed_Nash,0,0,0,0.392,0.392,0.318,0.0,0.858,2.659,,,SSE,7.718999999999999,-1.892,23.193
173,5027,joint,6,0110,Greed_Risk,0,0,0,0.415,0.415,0.248,0.0,2.381,2.01,,,SSE,8.47,-7.836,35.079
173,5027,joint,7,0111,Greed_Risk_Nash,0,0,0,0.361,0.361,0.27899999999999997,0.0,0.996,0.596,2.73,,SSE,7.2860000000000005,1.806,20.647
173,5027,joint,8,1000,Coop,0,0,0,0.01,0.01,0.01,0.0,-11.74,,,,SSE,12.475,-32.614000000000004,79.78399999999999
173,5027,joint,9,1001,Coop_Nash,0,0,0,0.794,0.794,0.43200000000000005,0.0,-0.622,2.6719999999999997,,,SSE,7.183,2.7110000000000003,13.985999999999999
173,5027,joint,10,1010,Coop_Risk,0,0,0,0.406,0.406,0.247,0.0,-0.695,2.006,,,SSE,10.623,-22.33,64.068
173,5027,joint,11,1011,Coop_Risk_Nash,0,0,0,0.46799999999999997,0.46799999999999997,0.27899999999999997,0.0,-0.675,0.446,3.388,,SSE,7.521,-0.231,24.721999999999998
173,5027,joint,12,1100,Coop_Greed,0,0,0,0.37200000000000005,0.37200000000000005,0.231,0.0,-0.645,2.503,,,SSE,10.19,-19.668,58.745
173,5027,joint,13,1101,Coop_Greed_Nash,0,0,0,0.51,0.51,0.263,0.0,-0.679,1.0859999999999999,3.259,,SSE,7.529,-0.299,24.858
173,5027,joint,14,1110,Coop_Greed_Risk,0,0,0,0.37200000000000005,0.37200000000000005,0.303,0.0,-0.623,1.999,1.6969999999999998,,SSE,8.238,-6.053999999999999,36.369
173,5027,joint,15,1111,Coop_Greed_Risk_Nash,0,0,0,0.435,0.435,0.249,0.0,-0.716,1.163,0.738,3.0860000000000003,SSE,7.056,3.852,21.406999999999996
174,5028,joint,1,0001,Nash,0,0,0,0.5920000000000001,0.5920000000000001,0.322,0.0,3.239,,,,SSE,11.725,-28.648000000000003,71.852
174,5028,joint,2,0010,Risk,0,0,0,0.35600000000000004,0.35600000000000004,0.262,0.0,2.082,,,,SSE,13.978,-39.895,94.346
174,5028,joint,3,0011,Risk_Nash,0,0,0,0.065,0.065,1.476,0.0,0.127,0.5760000000000001,,,SSE,11.595,-27.930999999999997,75.271
174,5028,joint,4,0100,Greed,0,0,0,0.01,0.01,0.026000000000000002,0.0,19.987000000000002,,,,SSE,14.056,-40.248000000000005,95.051
174,5028,joint,5,0101,Greed_Nash,0,0,0,0.16399999999999998,0.16399999999999998,0.191,0.0,1.137,3.733,,,SSE,12.270999999999999,-31.56,82.52799999999999
174,5028,joint,6,0110,Greed_Risk,0,0,0,0.16699999999999998,0.16699999999999998,0.21,0.0,2.694,2.43,,,SSE,12.322000000000001,-31.824,83.056
174,5028,joint,7,0111,Greed_Risk_Nash,0,0,0,0.242,0.242,0.204,0.0,1.848,1.585,2.3,,SSE,11.717,-28.601999999999997,81.465
174,5028,joint,8,1000,Coop,0,0,0,0.01,0.01,0.01,0.0,-12.579,,,,SSE,15.95,-48.34,111.235
174,5028,joint,9,1001,Coop_Nash,0,0,0,0.628,0.628,0.38299999999999995,0.0,-0.857,2.95,,,SSE,11.345,-26.538,72.485
174,5028,joint,10,1010,Coop_Risk,0,0,0,0.429,0.429,0.235,0.0,-0.7809999999999999,2.344,,,SSE,13.819,-39.163000000000004,97.734
174,5028,joint,11,1011,Coop_Risk_Nash,0,0,0,0.436,0.436,0.25,0.0,-0.905,0.79,3.5460000000000003,,SSE,11.327,-26.438000000000002,77.13600000000001
174,5028,joint,12,1100,Coop_Greed,0,0,0,0.01,0.01,0.026000000000000002,0.0,-5.244,19.992,,,SSE,13.927999999999999,-39.664,98.736
174,5028,joint,13,1101,Coop_Greed_Nash,0,0,0,0.16,0.16,0.23,0.0,-0.8220000000000001,0.991,3.1830000000000003,,SSE,12.079,-30.548000000000002,85.35700000000001
174,5028,joint,14,1110,Coop_Greed_Risk,0,0,0,0.2,0.2,0.205,0.0,-0.943,2.845,2.593,,SSE,12.118,-30.758000000000003,85.775
174,5028,joint,15,1111,Coop_Greed_Risk_Nash,0,0,0,0.235,0.235,0.242,0.0,-0.884,1.665,1.439,1.9769999999999999,SSE,11.468,-27.228,83.568
175,5029,joint,1,0001,Nash,0,0,0,0.382,0.382,0.434,0.0,1.527,,,,SSE,8.988,-11.977,38.510999999999996
175,5029,joint,2,0010,Risk,0,0,0,0.139,0.139,0.10400000000000001,0.0,1.122,,,,SSE,10.912,-24.272,63.1
175,5029,joint,3,0011,Risk_Nash,0,0,0,0.231,0.231,0.161,0.0,-1.403,4.479,,,SSE,9.027000000000001,-12.261,43.93
175,5029,joint,4,0100,Greed,0,0,0,0.664,0.664,0.20199999999999999,0.0,3.074,,,,SSE,8.052999999999999,-5.0489999999999995,24.655
175,5029,joint,5,0101,Greed_Nash,0,0,0,0.423,0.423,0.257,0.0,1.777,1.5219999999999998,,,SSE,7.6579999999999995,-1.8730000000000002,23.154
175,5029,joint,6,0110,Greed_Risk,0,0,0,0.341,0.341,0.24600000000000002,0.0,2.372,0.603,,,SSE,8.211,-6.281000000000001,31.97
175,5029,joint,7,0111,Greed_Risk_Nash,0,0,0,0.306,0.306,0.218,0.0,1.765,-0.193,1.94,,SSE,7.957000000000001,-4.295,32.85
175,5029,joint,8,1000,Coop,0,0,0,0.281,0.281,0.09699999999999999,0.0,-3.773,,,,SSE,10.079,-18.963,52.482
175,5029,joint,9,1001,Coop_Nash,0,0,0,0.57,0.57,0.292,0.0,-1.64,2.293,,,SSE,8.038,-4.484,28.375999999999998
175,5029,joint,10,1010,Coop_Risk,0,0,0,0.099,0.099,0.16899999999999998,0.0,-2.123,0.703,,,SSE,9.962,-18.22,55.847
175,5029,joint,11,1011,Coop_Risk_Nash,0,0,0,0.174,0.174,0.239,0.0,-1.661,-0.988,3.108,,SSE,8.067,-4.7139999999999995,33.687
175,5029,joint,12,1100,Coop_Greed,0,0,0,0.544,0.544,0.264,0.0,-1.8130000000000002,2.418,,,SSE,7.031000000000001,4.082,11.244000000000002
175,5029,joint,13,1101,Coop_Greed_Nash,0,0,0,1.0659999999999998,1.0659999999999998,0.115,0.0,-4.23,4.248,3.657,,SSE,6.562,8.504,7.252999999999999
175,5029,joint,14,1110,Coop_Greed_Risk,0,0,0,0.4,0.4,0.24600000000000002,0.0,-1.9069999999999998,2.5469999999999997,0.655,,SSE,7.0920000000000005,3.533,17.195
175,5029,joint,15,1111,Coop_Greed_Risk_Nash,0,0,0,0.314,0.314,0.243,0.0,-1.871,1.757,-0.155,1.785,SSE,6.856,5.695,17.722
176,5030,joint,1,0001,Nash,0,0,0,0.397,0.397,0.19899999999999998,0.0,3.055,,,,SSE,5.047,25.301,-36.046
176,5030,joint,2,0010,Risk,0,0,0,0.225,0.225,0.19399999999999998,0.0,2.231,,,,SSE,5.622999999999999,18.385,-22.214000000000002
176,5030,joint,3,0011,Risk_Nash,0,0,0,0.25,0.25,0.213,0.0,1.072,2.274,,,SSE,4.76,29.041,-38.675
176,5030,joint,4,0100,Greed,0,0,0,1.094,1.094,0.10300000000000001,0.0,4.489,,,,SSE,4.984,26.105999999999998,-37.656
176,5030,joint,5,0101,Greed_Nash,0,0,0,0.355,0.355,0.237,0.0,0.945,2.125,,,SSE,4.312,35.375,-51.342
176,5030,joint,6,0110,Greed_Risk,0,0,0,0.369,0.369,0.256,0.0,1.854,1.963,,,SSE,3.6210000000000004,46.556000000000004,-73.705
176,5030,joint,7,0111,Greed_Risk_Nash,0,0,0,0.284,0.284,0.24600000000000002,0.0,1.6230000000000002,1.725,0.6629999999999999,,SSE,3.719,44.842,-65.423
176,5030,joint,8,1000,Coop,0,0,0,0.01,0.01,0.01,0.0,-10.364,,,,SSE,6.881,5.465,3.6260000000000003
176,5030,joint,9,1001,Coop_Nash,0,0,0,0.299,0.299,0.196,0.0,-0.6759999999999999,3.014,,,SSE,5.032,25.498,-31.587
176,5030,joint,10,1010,Coop_Risk,0,0,0,0.196,0.196,0.183,0.0,-0.6409999999999999,2.316,,,SSE,5.579,18.885,-18.362000000000002
176,5030,joint,11,1011,Coop_Risk_Nash,0,0,0,0.22699999999999998,0.22699999999999998,0.21600000000000003,0.0,-0.5720000000000001,1.0270000000000001,2.217,,SSE,4.723,29.55,-34.84
176,5030,joint,12,1100,Coop_Greed,0,0,0,0.446,0.446,0.244,0.0,-0.562,1.8719999999999999,,,SSE,4.963,26.372,-33.336
176,5030,joint,13,1101,Coop_Greed_Nash,0,0,0,0.366,0.366,0.22399999999999998,0.0,-0.607,1.006,2.215,,SSE,4.275,35.921,-47.581
176,5030,joint,14,1110,Coop_Greed_Risk,0,0,0,0.445,0.445,0.21600000000000003,0.0,-0.615,2.185,2.3040000000000003,,SSE,3.568,47.495,-70.73
176,5030,joint,15,1111,Coop_Greed_Risk_Nash,0,0,0,0.455,0.455,0.154,0.0,-0.8270000000000001,2.588,2.735,1.051,SSE,3.667,45.75,-62.388000000000005
177,5031,joint,1,0001,Nash,0,0,0,0.578,0.578,0.306,0.0,4.927,,,,SSE,8.824,-10.460999999999999,35.477
177,5031,joint,2,0010,Risk,0,0,0,0.429,0.429,0.239,0.0,2.031,,,,SSE,14.209000000000001,-40.943000000000005,96.441
177,5031,joint,3,0011,Risk_Nash,0,0,0,0.34299999999999997,0.34299999999999997,0.361,0.0,-0.551,4.703,,,SSE,7.97,-3.949,27.305
177,5031,joint,4,0100,Greed,0,0,0,0.285,0.285,0.24600000000000002,0.0,3.875,,,,SSE,10.491,-21.535,57.625
177,5031,joint,5,0101,Greed_Nash,0,0,0,0.324,0.324,0.21100000000000002,0.0,2.719,4.704,,,SSE,8.001,-4.203,27.814
177,5031,joint,6,0110,Greed_Risk,0,0,0,0.309,0.309,0.32899999999999996,0.0,3.2239999999999998,1.729,,,SSE,8.666,-9.309,38.025999999999996
177,5031,joint,7,0111,Greed_Risk_Nash,0,0,0,0.261,0.261,0.331,0.0,1.949,0.45399999999999996,3.08,,SSE,7.386,0.917,22.426
177,5031,joint,8,1000,Coop,0,0,0,0.191,0.191,0.092,0.0,1.882,,,,SSE,15.716,-47.398,109.351
177,5031,joint,9,1001,Coop_Nash,0,0,0,0.27699999999999997,0.27699999999999997,0.7020000000000001,0.0,0.41700000000000004,2.198,,,SSE,8.519,-8.203,35.815
177,5031,joint,10,1010,Coop_Risk,0,0,0,1.004,1.004,0.109,0.0,1.777,4.542,,,SSE,13.937999999999999,-39.714,98.836
177,5031,joint,11,1011,Coop_Risk_Nash,0,0,0,0.31,0.31,0.44,0.0,0.667,-0.43,4.005,,SSE,7.595,-0.853,25.967
177,5031,joint,12,1100,Coop_Greed,0,0,0,0.28,0.28,0.301,0.0,0.7829999999999999,3.2689999999999997,,,SSE,10.166,-19.516,58.43899999999999
177,5031,joint,13,1101,Coop_Greed_Nash,0,0,0,0.262,0.262,0.295,0.0,0.8320000000000001,2.0140000000000002,3.403,,SSE,7.715,-1.8630000000000002,27.986
177,5031,joint,14,1110,Coop_Greed_Risk,0,0,0,0.341,0.341,0.35600000000000004,0.0,0.7140000000000001,3.1010000000000004,1.6480000000000001,,SSE,8.212,-5.854,35.968
177,5031,joint,15,1111,Coop_Greed_Risk_Nash,0,0,0,0.12300000000000001,0.12300000000000001,0.7859999999999999,0.0,0.34600000000000003,0.857,0.20199999999999999,1.3319999999999999,SSE,7.004,4.33,20.452
178,5032,joint,1,0001,Nash,0,0,0,2.035,2.035,0.163,0.0,1.645,,,,SSE,11.557,-27.721999999999998,70.0
178,5032,joint,2,0010,Risk,0,0,0,0.027000000000000003,0.027000000000000003,0.297,0.0,-0.716,,,,SSE,12.758,-34.048,82.652
178,5032,joint,3,0011,Risk_Nash,0,0,0,0.225,0.225,0.22399999999999998,0.0,-1.87,1.8619999999999999,,,SSE,11.912,-29.66,78.727
178,5032,joint,4,0100,Greed,0,0,0,1.835,1.835,0.172,0.0,4.958,,,,SSE,7.747999999999999,-2.134,18.824
178,5032,joint,5,0101,Greed_Nash,0,0,0,0.633,0.633,0.409,0.0,2.416,-0.758,,,SSE,7.084,3.6039999999999996,12.2
178,5032,joint,6,0110,Greed_Risk,0,0,0,0.735,0.735,0.212,0.0,3.233,-1.187,,,SSE,8.747,-9.895,39.199
178,5032,joint,7,0111,Greed_Risk_Nash,0,0,0,0.41200000000000003,0.41200000000000003,0.314,0.0,2.68,-0.172,-0.985,,SSE,8.493,-8.009,40.279
178,5032,joint,8,1000,Coop,0,0,0,0.01,0.01,0.01,0.0,13.037,,,,SSE,12.981,-35.16,84.875
178,5032,joint,9,1001,Coop_Nash,0,0,0,1.005,1.005,0.35700000000000004,0.0,0.987,0.7859999999999999,,,SSE,11.308,-26.326999999999998,72.063
178,5032,joint,10,1010,Coop_Risk,0,0,0,0.057999999999999996,0.057999999999999996,0.083,0.0,1.619,-2.5660000000000003,,,SSE,12.625,-33.379,86.166
178,5032,joint,11,1011,Coop_Risk_Nash,0,0,0,0.237,0.237,0.218,0.0,0.6779999999999999,-1.8880000000000001,1.876,,SSE,11.797,-29.037,82.333
178,5032,joint,12,1100,Coop_Greed,0,0,0,0.8540000000000001,0.8540000000000001,0.415,0.0,0.8690000000000001,1.989,,,SSE,7.269,1.952,15.505
178,5032,joint,13,1101,Coop_Greed_Nash,0,0,0,0.9229999999999999,0.9229999999999999,0.33299999999999996,0.0,1.0170000000000001,2.9989999999999997,-1.023,,SSE,6.5120000000000005,8.993,6.274
178,5032,joint,14,1110,Coop_Greed_Risk,0,0,0,0.613,0.613,0.28600000000000003,0.0,0.7929999999999999,2.405,-0.866,,SSE,8.416,-7.425,39.11
178,5032,joint,15,1111,Coop_Greed_Risk_Nash,0,0,0,0.579,0.579,0.249,0.0,0.903,3.4989999999999997,-0.15,-1.402,SSE,8.171,-5.53,40.171
179,5033,joint,1,0001,Nash,0,0,0,0.599,0.599,0.298,0.0,2.221,,,,SSE,9.149,-12.77,40.096
179,5033,joint,2,0010,Risk,0,0,0,0.159,0.159,0.14800000000000002,0.0,2.526,,,,SSE,10.289000000000001,-20.283,55.122
179,5033,joint,3,0011,Risk_Nash,0,0,0,0.214,0.214,0.21100000000000002,0.0,0.887,2.031,,,SSE,9.471,-14.984000000000002,49.376000000000005
179,5033,joint,4,0100,Greed,0,0,0,0.505,0.505,0.17,0.0,2.862,,,,SSE,9.636000000000001,-16.088,46.732
179,5033,joint,5,0101,Greed_Nash,0,0,0,0.39,0.39,0.23800000000000002,0.0,1.3230000000000002,1.8630000000000002,,,SSE,8.76,-9.99,39.388000000000005
179,5033,joint,6,0110,Greed_Risk,0,0,0,0.244,0.244,0.23800000000000002,0.0,1.963,1.693,,,SSE,8.657,-9.23,37.868
179,5033,joint,7,0111,Greed_Risk_Nash,0,0,0,0.242,0.242,0.23600000000000002,0.0,2.072,1.7590000000000001,0.084,,SSE,8.443999999999999,-7.6339999999999995,39.529
179,5033,joint,8,1000,Coop,0,0,0,0.01,0.01,0.01,0.0,1.412,,,,SSE,11.356,-26.599,67.75399999999999
179,5033,joint,9,1001,Coop_Nash,0,0,0,0.852,0.852,0.217,0.0,0.067,2.991,,,SSE,9.142999999999999,-12.725,44.858999999999995
179,5033,joint,10,1010,Coop_Risk,0,0,0,0.163,0.163,0.14,0.0,0.102,2.6719999999999997,,,SSE,10.292,-20.301,60.01
179,5033,joint,11,1011,Coop_Risk_Nash,0,0,0,0.244,0.244,0.18899999999999997,0.0,0.079,1.004,2.246,,SSE,9.472000000000001,-14.99,54.24
179,5033,joint,12,1100,Coop_Greed,0,0,0,0.486,0.486,0.18600000000000003,0.0,0.09699999999999999,2.614,,,SSE,9.622,-15.995999999999999,51.4
179,5033,joint,13,1101,Coop_Greed_Nash,0,0,0,0.38799999999999996,0.38799999999999996,0.254,0.0,0.048,1.253,1.736,,SSE,8.722999999999999,-9.716000000000001,43.692
179,5033,joint,14,1110,Coop_Greed_Risk,0,0,0,0.271,0.271,0.23199999999999998,0.0,0.03,2.021,1.744,,SSE,8.63,-9.029,42.318999999999996
179,5033,joint,15,1111,Coop_Greed_Risk_Nash,0,0,0,0.259,0.259,0.23399999999999999,0.0,0.011000000000000001,2.106,1.788,0.063,SSE,8.408,-7.361000000000001,43.833999999999996
180,5034,joint,1,0001,Nash,0,0,0,0.539,0.539,0.27899999999999997,0.0,2.87,,,,SSE,9.151,-12.78,40.116
180,5034,joint,2,0010,Risk,0,0,0,0.335,0.335,0.221,0.0,3.025,,,,SSE,9.062999999999999,-12.165999999999999,38.887
180,5034,joint,3,0011,Risk_Nash,0,0,0,0.42100000000000004,0.42100000000000004,0.18899999999999997,0.0,2.6710000000000003,2.423,,,SSE,8.3,-6.537000000000001,32.483000000000004
180,5034,joint,4,0100,Greed,0,0,0,0.42,0.42,0.061,0.0,4.874,,,,SSE,11.232999999999999,-25.901999999999997,66.359
180,5034,joint,5,0101,Greed_Nash,0,0,0,0.20800000000000002,0.20800000000000002,0.239,0.0,-0.1,3.016,,,SSE,9.421,-14.644,48.695
180,5034,joint,6,0110,Greed_Risk,0,0,0,0.228,0.228,0.25,0.0,1.358,2.625,,,SSE,8.422,-7.47,34.348
180,5034,joint,7,0111,Greed_Risk_Nash,0,0,0,0.237,0.237,0.24,0.0,1.161,2.49,0.8440000000000001,,SSE,8.184,-5.635,35.531
180,5034,joint,8,1000,Coop,0,0,0,0.01,0.01,0.01,0.0,-5.261,,,,SSE,11.887,-29.526,73.608
180,5034,joint,9,1001,Coop_Nash,0,0,0,0.517,0.517,0.289,0.0,-0.228,2.7569999999999997,,,SSE,9.125,-12.6,44.607
180,5034,joint,10,1010,Coop_Risk,0,0,0,0.312,0.312,0.23199999999999998,0.0,-0.228,2.845,,,SSE,9.065,-12.181,43.77
180,5034,joint,11,1011,Coop_Risk_Nash,0,0,0,0.40399999999999997,0.40399999999999997,0.203,0.0,-0.335,2.458,2.294,,SSE,8.26,-6.225,36.711
180,5034,joint,12,1100,Coop_Greed,0,0,0,0.161,0.161,0.147,0.0,-0.358,2.017,,,SSE,11.22,-25.828000000000003,71.065
180,5034,joint,13,1101,Coop_Greed_Nash,0,0,0,0.237,0.237,0.222,0.0,-0.299,-0.11,3.284,,SSE,9.381,-14.375,53.00899999999999
180,5034,joint,14,1110,Coop_Greed_Risk,0,0,0,0.255,0.255,0.23399999999999999,0.0,-0.3,1.46,2.806,,SSE,8.389,-7.22,38.699
180,5034,joint,15,1111,Coop_Greed_Risk_Nash,0,0,0,0.249,0.249,0.24,0.0,-0.305,1.159,2.483,0.888,SSE,8.137,-5.267,39.646
181,5035,joint,1,0001,Nash,0,0,0,1.041,1.041,0.263,0.0,4.761,,,,SSE,17.3,-53.542,121.639
181,5035,joint,2,0010,Risk,0,0,0,0.19899999999999998,0.19899999999999998,0.22399999999999998,0.0,3.182,,,,SSE,18.896,-59.18899999999999,132.933
181,5035,joint,3,0011,Risk_Nash,0,0,0,0.322,0.322,0.251,0.0,1.955,2.645,,,SSE,17.320999999999998,-53.619,126.646
181,5035,joint,4,0100,Greed,0,0,0,0.715,0.715,0.424,0.0,2.528,,,,SSE,15.898,-48.13399999999999,110.824
181,5035,joint,5,0101,Greed_Nash,0,0,0,0.595,0.595,0.41600000000000004,0.0,1.865,2.324,,,SSE,14.402999999999999,-41.81100000000001,103.03
181,5035,joint,6,0110,Greed_Risk,0,0,0,0.75,0.75,0.282,0.0,4.119,3.9530000000000003,,,SSE,13.087,-35.68,90.76799999999999
181,5035,joint,7,0111,Greed_Risk_Nash,0,0,0,0.375,0.375,0.46399999999999997,0.0,2.799,2.665,0.001,,SSE,13.042,-35.459,95.179
181,5035,joint,8,1000,Coop,0,0,0,0.01,0.01,0.01,0.0,1.3730000000000002,,,,SSE,22.2,-69.502,153.561
181,5035,joint,9,1001,Coop_Nash,0,0,0,0.5870000000000001,0.5870000000000001,0.363,0.0,-0.065,3.089,,,SSE,17.672,-54.903,129.215
181,5035,joint,10,1010,Coop_Risk,0,0,0,0.179,0.179,0.19699999999999998,0.0,0.12300000000000001,3.548,,,SSE,18.947,-59.36,138.128
181,5035,joint,11,1011,Coop_Risk_Nash,0,0,0,0.313,0.313,0.237,0.0,0.09300000000000001,2.02,2.7119999999999997,,SSE,17.416,-53.97,132.19899999999998
181,5035,joint,12,1100,Coop_Greed,0,0,0,0.795,0.795,0.34299999999999997,0.0,0.011000000000000001,2.955,,,SSE,16.141,-49.105,117.618
181,5035,joint,13,1101,Coop_Greed_Nash,0,0,0,0.625,0.625,0.392,0.0,-0.039,1.9509999999999998,2.414,,SSE,14.511,-42.291000000000004,108.84299999999999
181,5035,joint,14,1110,Coop_Greed_Risk,0,0,0,0.609,0.609,0.361,0.0,-0.049,3.222,3.094,,SSE,13.058,-35.538000000000004,95.337
181,5035,joint,15,1111,Coop_Greed_Risk_Nash,0,0,0,0.461,0.461,0.38299999999999995,0.0,-0.043,3.352,3.202,0.013000000000000001,SSE,13.057,-35.533,100.178
182,5036,joint,1,0001,Nash,0,0,0,0.773,0.773,0.147,0.0,4.435,,,,SSE,8.237,-6.0489999999999995,26.654
182,5036,joint,2,0010,Risk,0,0,0,0.245,0.245,0.16899999999999998,0.0,1.2429999999999999,,,,SSE,9.854,-17.519000000000002,49.593999999999994
182,5036,joint,3,0011,Risk_Nash,0,0,0,0.27399999999999997,0.27399999999999997,0.16699999999999998,0.0,-0.7120000000000001,4.099,,,SSE,8.197000000000001,-5.74,30.888
182,5036,joint,4,0100,Greed,0,0,0,0.8490000000000001,0.8490000000000001,0.23800000000000002,0.0,3.61,,,,SSE,5.5089999999999995,19.698,-24.84
182,5036,joint,5,0101,Greed_Nash,0,0,0,0.688,0.688,0.213,0.0,3.176,1.7409999999999999,,,SSE,5.531000000000001,19.439,-19.471
182,5036,joint,6,0110,Greed_Risk,0,0,0,0.5329999999999999,0.5329999999999999,0.265,0.0,3.0980000000000003,1.008,,,SSE,5.252999999999999,22.745,-26.081999999999997
182,5036,joint,7,0111,Greed_Risk_Nash,0,0,0,0.341,0.341,0.302,0.0,2.545,0.883,0.293,,SSE,5.531000000000001,19.438,-14.615
182,5036,joint,8,1000,Coop,0,0,0,0.01,0.01,0.01,0.0,3.3689999999999998,,,,SSE,10.294,-20.317999999999998,55.192
182,5036,joint,9,1001,Coop_Nash,0,0,0,0.37799999999999995,0.37799999999999995,0.244,0.0,0.16399999999999998,2.5669999999999997,,,SSE,8.331,-6.776,32.96
182,5036,joint,10,1010,Coop_Risk,0,0,0,0.222,0.222,0.155,0.0,0.23399999999999999,1.344,,,SSE,9.887,-17.735,54.879
182,5036,joint,11,1011,Coop_Risk_Nash,0,0,0,0.191,0.191,0.225,0.0,0.162,-0.527,3.025,,SSE,8.23,-5.992999999999999,36.246
182,5036,joint,12,1100,Coop_Greed,0,0,0,0.7020000000000001,0.7020000000000001,0.28600000000000003,0.0,0.18899999999999997,2.9530000000000003,,,SSE,5.5329999999999995,19.417,-19.427
182,5036,joint,13,1101,Coop_Greed_Nash,0,0,0,1.054,1.054,0.14400000000000002,0.0,0.405,4.698,2.563,,SSE,5.517,19.597,-14.935
182,5036,joint,14,1110,Coop_Greed_Risk,0,0,0,0.48200000000000004,0.48200000000000004,0.308,0.0,0.198,2.658,0.878,,SSE,5.186,23.557,-22.855
182,5036,joint,15,1111,Coop_Greed_Risk_Nash,0,0,0,0.368,0.368,0.29100000000000004,0.0,0.218,2.6430000000000002,0.934,0.289,SSE,5.487,19.951,-10.789000000000001
183,5037,joint,1,0001,Nash,0,0,0,0.469,0.469,0.22899999999999998,0.0,3.04,,,,SSE,3.1689999999999996,55.07899999999999,-95.602
183,5037,joint,2,0010,Risk,0,0,0,0.436,0.436,0.083,0.0,2.261,,,,SSE,5.007,25.811,-37.065
183,5037,joint,3,0011,Risk_Nash,0,0,0,0.20199999999999999,0.20199999999999999,0.20600000000000002,0.0,-0.797,3.648,,,SSE,3.0669999999999997,57.185,-94.962
183,5037,joint,4,0100,Greed,0,0,0,0.3,0.3,0.16699999999999998,0.0,3.341,,,,SSE,3.161,55.253,-95.949
183,5037,joint,5,0101,Greed_Nash,0,0,0,0.319,0.319,0.157,0.0,2.484,2.557,,,SSE,2.594,67.906,-116.404
183,5037,joint,6,0110,Greed_Risk,0,0,0,0.382,0.382,0.132,0.0,4.272,1.537,,,SSE,2.807,62.84,-106.272
183,5037,joint,7,0111,Greed_Risk_Nash,0,0,0,0.124,0.124,0.33899999999999997,0.0,1.155,0.1,1.12,,SSE,2.531,69.479,-114.699
183,5037,joint,8,1000,Coop,0,0,0,0.01,0.01,0.01,0.0,7.449,,,,SSE,5.287000000000001,22.331,-30.107
183,5037,joint,9,1001,Coop_Nash,0,0,0,0.531,0.531,0.172,0.0,0.5329999999999999,3.883,,,SSE,3.1919999999999997,54.626999999999995,-89.846
183,5037,joint,10,1010,Coop_Risk,0,0,0,0.242,0.242,0.146,0.0,0.569,1.271,,,SSE,4.973,26.250999999999998,-33.094
183,5037,joint,11,1011,Coop_Risk_Nash,0,0,0,0.185,0.185,0.221,0.0,0.40700000000000003,-0.741,3.3810000000000002,,SSE,3.036,57.838,-91.417
183,5037,joint,12,1100,Coop_Greed,0,0,0,0.235,0.235,0.217,0.0,0.40399999999999997,2.573,,,SSE,3.1210000000000004,56.062,-92.715
183,5037,joint,13,1101,Coop_Greed_Nash,0,0,0,0.32,0.32,0.157,0.0,0.503,2.495,2.517,,SSE,2.569,68.53,-112.79899999999999
183,5037,joint,14,1110,Coop_Greed_Risk,0,0,0,0.239,0.239,0.225,0.0,0.39299999999999996,2.512,0.892,,SSE,2.7560000000000002,64.01899999999999,-103.777
183,5037,joint,15,1111,Coop_Greed_Risk_Nash,0,0,0,0.257,0.257,0.17,0.0,0.479,2.314,0.205,2.208,SSE,2.491,70.5,-111.88799999999999
184,5038,joint,1,0001,Nash,0,0,0,0.813,0.813,0.436,0.0,2.591,,,,SSE,6.7170000000000005,7.007999999999999,0.54
184,5038,joint,2,0010,Risk,0,0,0,0.33,0.33,0.195,0.0,2.044,,,,SSE,10.002,-18.476,51.508
184,5038,joint,3,0011,Risk_Nash,0,0,0,0.435,0.435,0.257,0.0,0.5379999999999999,2.988,,,SSE,7.612,-1.0,21.406999999999996
184,5038,joint,4,0100,Greed,0,0,0,1.902,1.902,0.188,0.0,4.078,,,,SSE,6.053,13.668,-12.779000000000002
184,5038,joint,5,0101,Greed_Nash,0,0,0,2.068,2.068,0.162,0.0,3.048,5.973,,,SSE,3.9019999999999997,41.765,-64.122
184,5038,joint,6,0110,Greed_Risk,0,0,0,0.605,0.605,0.361,0.0,1.788,1.515,,,SSE,5.426,20.662,-21.916
184,5038,joint,7,0111,Greed_Risk_Nash,0,0,0,0.535,0.535,0.34600000000000003,0.0,1.421,1.127,1.517,,SSE,4.746,29.235,-34.21
184,5038,joint,8,1000,Coop,0,0,0,0.01,0.01,0.01,0.0,-12.847999999999999,,,,SSE,11.085,-25.055999999999997,64.669
184,5038,joint,9,1001,Coop_Nash,0,0,0,0.215,0.215,1.256,0.0,-0.183,0.804,,,SSE,7.172999999999999,2.803,13.802
184,5038,joint,10,1010,Coop_Risk,0,0,0,0.293,0.293,0.16899999999999998,0.0,-0.88,2.272,,,SSE,9.985,-18.362000000000002,56.133
184,5038,joint,11,1011,Coop_Risk_Nash,0,0,0,0.35600000000000004,0.35600000000000004,0.289,0.0,-0.604,0.45399999999999996,2.6180000000000003,,SSE,7.64,-1.2329999999999999,26.725
184,5038,joint,12,1100,Coop_Greed,0,0,0,0.8590000000000001,0.8590000000000001,0.363,0.0,-0.6629999999999999,1.9680000000000002,,,SSE,6.252999999999999,11.592,-3.7760000000000002
184,5038,joint,13,1101,Coop_Greed_Nash,0,0,0,0.7490000000000001,0.7490000000000001,0.43,0.0,-0.601,1.159,2.144,,SSE,3.9610000000000003,40.802,-57.345
184,5038,joint,14,1110,Coop_Greed_Risk,0,0,0,0.62,0.62,0.376,0.0,-0.6759999999999999,1.7690000000000001,1.476,,SSE,5.196000000000001,23.445,-22.629
184,5038,joint,15,1111,Coop_Greed_Risk_Nash,0,0,0,1.959,1.959,0.099,0.0,-2.245,5.2589999999999995,4.19,4.966,SSE,4.572,31.625,-34.137
185,5039,joint,1,0001,Nash,0,0,0,1.7380000000000002,1.7380000000000002,0.348,0.0,1.535,,,,SSE,8.225,-5.956,26.467
185,5039,joint,2,0010,Risk,0,0,0,1.6969999999999998,1.6969999999999998,0.184,0.0,2.57,,,,SSE,8.402999999999999,-7.327999999999999,29.212
185,5039,joint,3,0011,Risk_Nash,0,0,0,0.924,0.924,0.392,0.0,1.077,0.8390000000000001,,,SSE,6.362,10.478,-1.547
185,5039,joint,4,0100,Greed,0,0,0,0.8420000000000001,0.8420000000000001,0.305,0.0,0.313,,,,SSE,9.375,-14.331,43.218
185,5039,joint,5,0101,Greed_Nash,0,0,0,1.7,1.7,0.237,0.0,-0.20800000000000002,1.9880000000000002,,,SSE,6.746,6.735,5.939
185,5039,joint,6,0110,Greed_Risk,0,0,0,0.9390000000000001,0.9390000000000001,0.439,0.0,0.114,1.3359999999999999,,,SSE,4.38,34.368,-49.328
185,5039,joint,7,0111,Greed_Risk_Nash,0,0,0,5.462000000000001,5.462000000000001,0.066,0.0,0.23600000000000002,7.5520000000000005,3.543,,SSE,3.8089999999999997,43.306999999999995,-62.354
185,5039,joint,8,1000,Coop,0,0,0,0.01,0.01,0.01,0.0,2.781,,,,SSE,12.015999999999998,-30.214000000000002,74.985
185,5039,joint,9,1001,Coop_Nash,0,0,0,1.079,1.079,0.376,0.0,0.386,1.2109999999999999,,,SSE,9.286,-13.72,46.849
185,5039,joint,10,1010,Coop_Risk,0,0,0,0.893,0.893,0.27899999999999997,0.0,0.235,1.4609999999999999,,,SSE,9.011000000000001,-11.796,43.001000000000005
185,5039,joint,11,1011,Coop_Risk_Nash,0,0,0,0.88,0.88,0.37200000000000005,0.0,0.257,1.036,0.885,,SSE,6.807,6.151,11.959000000000001
185,5039,joint,12,1100,Coop_Greed,0,0,0,0.9,0.9,0.235,0.0,0.314,0.402,,,SSE,9.878,-17.677,54.762
185,5039,joint,13,1101,Coop_Greed_Nash,0,0,0,0.387,0.387,0.8859999999999999,0.0,0.147,-0.025,0.478,,SSE,7.268,1.9580000000000002,20.344
185,5039,joint,14,1110,Coop_Greed_Risk,0,0,0,1.246,1.246,0.34299999999999997,0.0,0.349,0.207,1.64,,SSE,4.348,34.839,-45.418
185,5039,joint,15,1111,Coop_Greed_Risk_Nash,0,0,0,1.1059999999999999,1.1059999999999999,0.33799999999999997,0.0,0.316,0.096,1.454,0.653,SSE,3.78,43.803999999999995,-58.495
186,5040,joint,1,0001,Nash,0,0,0,0.551,0.551,0.069,0.0,15.469000000000001,,,,SSE,14.652000000000001,-43.113,100.781
186,5040,joint,2,0010,Risk,0,0,0,0.01,0.01,0.024,0.0,19.989,,,,SSE,18.324,-57.339,129.234
186,5040,joint,3,0011,Risk_Nash,0,0,0,0.01,0.01,0.053,0.0,-0.9490000000000001,19.963,,,SSE,14.673,-43.199,105.807
186,5040,joint,4,0100,Greed,0,0,0,0.27699999999999997,0.27699999999999997,0.284,0.0,3.0460000000000003,,,,SSE,15.725999999999999,-47.619,109.794
186,5040,joint,5,0101,Greed_Nash,0,0,0,0.23600000000000002,0.23600000000000002,0.244,0.0,2.01,3.534,,,SSE,13.728,-38.985,97.37799999999999
186,5040,joint,6,0110,Greed_Risk,0,0,0,0.149,0.149,0.235,0.0,3.611,2.445,,,SSE,14.202,-41.146,101.7
186,5040,joint,7,0111,Greed_Risk_Nash,0,0,0,0.15,0.15,0.201,0.0,2.9389999999999996,1.5219999999999998,2.759,,SSE,13.690999999999999,-38.814,101.889
186,5040,joint,8,1000,Coop,0,0,0,0.899,0.899,0.22399999999999998,0.0,2.398,,,,SSE,18.729,-58.622,131.8
186,5040,joint,9,1001,Coop_Nash,0,0,0,0.237,0.237,0.29,0.0,1.8419999999999999,4.015,,,SSE,13.347000000000001,-36.94,93.288
186,5040,joint,10,1010,Coop_Risk,0,0,0,0.01,0.01,0.025,0.0,16.744,19.804000000000002,,,SSE,17.109,-52.832,125.073
186,5040,joint,11,1011,Coop_Risk_Nash,0,0,0,0.042,0.042,0.165,0.0,2.985,0.162,6.544,,SSE,13.425,-37.313,98.885
186,5040,joint,12,1100,Coop_Greed,0,0,0,0.34700000000000003,0.34700000000000003,0.307,0.0,1.7409999999999999,3.0610000000000004,,,SSE,14.337,-41.52,102.449
186,5040,joint,13,1101,Coop_Greed_Nash,0,0,0,0.239,0.239,0.306,0.0,1.8130000000000002,1.7530000000000001,3.0439999999999996,,SSE,12.353,-31.988000000000003,88.235
186,5040,joint,14,1110,Coop_Greed_Risk,0,0,0,0.257,0.257,0.27699999999999997,0.0,2.301,3.707,2.5810000000000004,,SSE,12.469000000000001,-32.583,89.425
186,5040,joint,15,1111,Coop_Greed_Risk_Nash,0,0,0,0.17300000000000001,0.17300000000000001,0.271,0.0,2.174,2.717,1.702,1.9069999999999998,SSE,12.142999999999999,-30.886999999999997,90.88600000000001
187,5041,joint,1,0001,Nash,0,0,0,4.9639999999999995,4.9639999999999995,0.115,0.0,10.786,,,,SSE,7.938,-3.681,21.918000000000003
187,5041,joint,2,0010,Risk,0,0,0,1.328,1.328,0.177,0.0,3.2539999999999996,,,,SSE,10.201,-19.730999999999998,54.018
187,5041,joint,3,0011,Risk_Nash,0,0,0,0.862,0.862,0.405,0.0,0.9109999999999999,2.477,,,SSE,6.843999999999999,5.811,7.7860000000000005
187,5041,joint,4,0100,Greed,0,0,0,1.6880000000000002,1.6880000000000002,0.135,0.0,5.122999999999999,,,,SSE,9.597999999999999,-15.833,46.221000000000004
187,5041,joint,5,0101,Greed_Nash,0,0,0,0.884,0.884,0.315,0.0,1.619,2.367,,,SSE,7.232,2.281,14.847000000000001
187,5041,joint,6,0110,Greed_Risk,0,0,0,0.892,0.892,0.336,0.0,2.358,1.98,,,SSE,5.557,19.144000000000002,-18.879
187,5041,joint,7,0111,Greed_Risk_Nash,0,0,0,0.91,0.91,0.282,0.0,2.461,1.9240000000000002,1.659,,SSE,4.965,26.357,-28.453000000000003
187,5041,joint,8,1000,Coop,0,0,0,0.01,0.01,0.01,0.0,7.183,,,,SSE,13.382,-37.108000000000004,88.771
187,5041,joint,9,1001,Coop_Nash,0,0,0,2.69,2.69,0.171,0.0,0.6920000000000001,6.598,,,SSE,8.425,-7.4910000000000005,34.391
187,5041,joint,10,1010,Coop_Risk,0,0,0,0.735,0.735,0.278,0.0,0.395,1.95,,,SSE,10.431,-21.163,61.733000000000004
187,5041,joint,11,1011,Coop_Risk_Nash,0,0,0,0.8590000000000001,0.8590000000000001,0.371,0.0,0.295,0.9359999999999999,2.593,,SSE,6.986000000000001,4.494,15.272
187,5041,joint,12,1100,Coop_Greed,0,0,0,0.605,0.605,0.345,0.0,0.32799999999999996,1.935,,,SSE,9.754,-16.867,53.141000000000005
187,5041,joint,13,1101,Coop_Greed_Nash,0,0,0,0.32299999999999995,0.32299999999999995,0.85,0.0,0.139,0.594,0.858,,SSE,7.261,2.021,20.218
187,5041,joint,14,1110,Coop_Greed_Risk,0,0,0,1.074,1.074,0.28300000000000003,0.0,0.54,2.795,2.333,,SSE,5.395,21.029,-17.797
187,5041,joint,15,1111,Coop_Greed_Risk_Nash,0,0,0,0.6459999999999999,0.6459999999999999,0.401,0.0,0.345,1.7180000000000002,1.3559999999999999,1.166,SSE,4.821000000000001,28.236,-27.36
188,5042,joint,1,0001,Nash,0,0,0,0.138,0.138,1.145,0.0,0.976,,,,SSE,8.451,-7.688,29.930999999999997
188,5042,joint,2,0010,Risk,0,0,0,0.33899999999999997,0.33899999999999997,0.257,0.0,2.175,,,,SSE,11.234000000000002,-25.905,66.366
188,5042,joint,3,0011,Risk_Nash,0,0,0,0.32899999999999996,0.32899999999999996,0.282,0.0,0.517,3.609,,,SSE,8.105,-5.015,29.439
188,5042,joint,4,0100,Greed,0,0,0,0.33799999999999997,0.33799999999999997,0.228,0.0,2.8569999999999998,,,,SSE,10.757,-23.13,60.817
188,5042,joint,5,0101,Greed_Nash,0,0,0,0.428,0.428,0.17800000000000002,0.0,1.4880000000000002,5.077,,,SSE,8.232000000000001,-6.007000000000001,31.423000000000002
188,5042,joint,6,0110,Greed_Risk,0,0,0,0.574,0.574,0.18899999999999997,0.0,3.95,3.3089999999999997,,,SSE,8.204,-5.792000000000001,30.991999999999997
188,5042,joint,7,0111,Greed_Risk_Nash,0,0,0,0.289,0.289,0.282,0.0,1.494,1.192,2.371,,SSE,7.556,-0.524,25.308000000000003
188,5042,joint,8,1000,Coop,0,0,0,0.11599999999999999,0.11599999999999999,0.10099999999999999,0.0,-0.893,,,,SSE,13.524000000000001,-37.782,90.119
188,5042,joint,9,1001,Coop_Nash,0,0,0,0.59,0.59,0.332,0.0,-0.579,3.455,,,SSE,8.222999999999999,-5.942,31.291
188,5042,joint,10,1010,Coop_Risk,0,0,0,1.181,1.181,0.08199999999999999,0.0,-1.5830000000000002,6.877000000000001,,,SSE,11.113,-25.217,69.84100000000001
188,5042,joint,11,1011,Coop_Risk_Nash,0,0,0,0.325,0.325,0.317,0.0,-0.433,0.509,3.2060000000000004,,SSE,7.936,-3.667,31.595
188,5042,joint,12,1100,Coop_Greed,0,0,0,0.358,0.358,0.22899999999999998,0.0,-0.537,2.833,,,SSE,10.679,-22.666,64.741
188,5042,joint,13,1101,Coop_Greed_Nash,0,0,0,0.317,0.317,0.271,0.0,-0.531,0.992,3.3819999999999997,,SSE,8.081,-4.829,33.917
188,5042,joint,14,1110,Coop_Greed_Risk,0,0,0,0.41100000000000003,0.41100000000000003,0.295,0.0,-0.586,2.575,2.1630000000000003,,SSE,7.989,-4.088,32.437
188,5042,joint,15,1111,Coop_Greed_Risk_Nash,0,0,0,0.45899999999999996,0.45899999999999996,0.19399999999999998,0.0,-0.768,2.208,1.81,3.469,SSE,7.367000000000001,1.091,26.93
189,5043,joint,1,0001,Nash,0,0,0,0.084,0.084,0.22699999999999998,0.0,5.257000000000001,,,,SSE,9.783,-17.053,48.662
189,5043,joint,2,0010,Risk,0,0,0,0.187,0.187,0.22899999999999998,0.0,3.657,,,,SSE,11.829,-29.213,72.98100000000001
189,5043,joint,3,0011,Risk_Nash,0,0,0,0.13699999999999998,0.13699999999999998,0.249,0.0,1.6680000000000001,3.895,,,SSE,9.139,-12.7,44.809
189,5043,joint,4,0100,Greed,0,0,0,0.01,0.01,0.028999999999999998,0.0,19.989,,,,SSE,13.894,-39.51,93.575
189,5043,joint,5,0101,Greed_Nash,0,0,0,0.01,0.01,0.057,0.0,0.5670000000000001,19.994,,,SSE,9.786,-17.076,53.56
189,5043,joint,6,0110,Greed_Risk,0,0,0,0.08,0.08,0.23199999999999998,0.0,3.0380000000000003,3.853,,,SSE,9.416,-14.607999999999999,48.623000000000005
189,5043,joint,7,0111,Greed_Risk_Nash,0,0,0,0.084,0.084,0.16899999999999998,0.0,2.488,3.634,3.3760000000000003,,SSE,8.841000000000001,-10.574000000000002,45.408
189,5043,joint,8,1000,Coop,0,0,0,0.27899999999999997,0.27899999999999997,0.136,0.0,-0.547,,,,SSE,16.36,-49.966,114.48899999999999
189,5043,joint,9,1001,Coop_Nash,0,0,0,0.134,0.134,0.271,0.0,-0.318,4.49,,,SSE,9.731,-16.714000000000002,52.835
189,5043,joint,10,1010,Coop_Risk,0,0,0,0.085,0.085,0.57,0.0,-0.16,1.48,,,SSE,11.77,-28.891,77.19
189,5043,joint,11,1011,Coop_Risk_Nash,0,0,0,0.068,0.068,0.589,0.0,-0.14400000000000002,0.715,1.66,,SSE,9.076,-12.26,48.778999999999996
189,5043,joint,12,1100,Coop_Greed,0,0,0,0.01,0.01,0.028999999999999998,0.0,-2.536,19.99,,,SSE,13.857999999999999,-39.344,98.095
189,5043,joint,13,1101,Coop_Greed_Nash,0,0,0,0.01,0.01,0.057,0.0,-1.534,0.64,19.993,,SSE,9.746,-16.817,57.894
189,5043,joint,14,1110,Coop_Greed_Risk,0,0,0,0.10099999999999999,0.10099999999999999,0.22399999999999998,0.0,-0.434,3.162,4.012,,SSE,9.357000000000001,-14.210999999999999,52.683
189,5043,joint,15,1111,Coop_Greed_Risk_Nash,0,0,0,0.11599999999999999,0.11599999999999999,0.147,0.0,-0.63,2.903,4.2139999999999995,3.887,SSE,8.788,-10.195,49.503
190,5044,joint,1,0001,Nash,0,0,0,2.126,2.126,0.34700000000000003,0.0,4.39,,,,SSE,20.816,-65.395,145.346
190,5044,joint,2,0010,Risk,0,0,0,0.182,0.182,0.43700000000000006,0.0,0.413,,,,SSE,27.965999999999998,-84.28200000000001,183.12
190,5044,joint,3,0011,Risk_Nash,0,0,0,0.8740000000000001,0.8740000000000001,0.261,0.0,-1.173,4.476,,,SSE,23.068,-71.965,163.338
190,5044,joint,4,0100,Greed,0,0,0,0.65,0.65,0.345,0.0,2.688,,,,SSE,23.991999999999997,-74.47399999999999,163.505
190,5044,joint,5,0101,Greed_Nash,0,0,0,0.764,0.764,0.382,0.0,2.194,1.9869999999999999,,,SSE,20.831999999999997,-65.444,150.296
190,5044,joint,6,0110,Greed_Risk,0,0,0,0.505,0.505,0.354,0.0,2.47,0.38,,,SSE,23.346999999999998,-72.73,164.86900000000003
190,5044,joint,7,0111,Greed_Risk_Nash,0,0,0,0.977,0.977,0.192,0.0,3.555,-0.47,3.639,,SSE,21.285,-66.816,157.892
190,5044,joint,8,1000,Coop,0,0,0,0.01,0.01,0.013000000000000001,0.0,-19.961,,,,SSE,28.017,-84.397,183.35
190,5044,joint,9,1001,Coop_Nash,0,0,0,1.429,1.429,0.47200000000000003,0.0,-1.819,3.695,,,SSE,20.095,-63.126000000000005,145.66
190,5044,joint,10,1010,Coop_Risk,0,0,0,0.603,0.603,0.12300000000000001,0.0,-2.622,1.412,,,SSE,27.474,-83.14399999999999,185.697
190,5044,joint,11,1011,Coop_Risk_Nash,0,0,0,0.718,0.718,0.36200000000000004,0.0,-1.429,-0.9309999999999999,3.4960000000000004,,SSE,22.22,-69.56,163.38
190,5044,joint,12,1100,Coop_Greed,0,0,0,0.47700000000000004,0.47700000000000004,0.43200000000000005,0.0,-0.9490000000000001,2.024,,,SSE,23.654,-73.561,166.53
190,5044,joint,13,1101,Coop_Greed_Nash,0,0,0,0.456,0.456,0.684,0.0,-0.77,1.1740000000000002,1.2790000000000001,,SSE,20.167,-63.356,150.97299999999998
190,5044,joint,14,1110,Coop_Greed_Risk,0,0,0,0.5579999999999999,0.5579999999999999,0.324,0.0,-1.185,2.572,0.446,,SSE,22.89,-71.462,167.18400000000003
190,5044,joint,15,1111,Coop_Greed_Risk_Nash,0,0,0,0.5820000000000001,0.5820000000000001,0.345,0.0,-1.298,1.726,-0.402,2.387,SSE,20.596999999999998,-64.705,158.523
191,5045,joint,1,0001,Nash,0,0,0,0.363,0.363,0.282,0.0,2.333,,,,SSE,8.852,-10.815999999999999,36.189
191,5045,joint,2,0010,Risk,0,0,0,0.043,0.043,0.06,0.0,5.39,,,,SSE,10.298,-20.467,55.49
191,5045,joint,3,0011,Risk_Nash,0,0,0,0.442,0.442,0.071,0.0,0.828,8.293,,,SSE,9.016,-11.997,43.401
191,5045,joint,4,0100,Greed,0,0,0,0.522,0.522,0.29,0.0,2.745,,,,SSE,7.324,1.177,12.202
191,5045,joint,5,0101,Greed_Nash,0,0,0,0.379,0.379,0.28800000000000003,0.0,2.048,1.315,,,SSE,7.055,3.6069999999999998,12.195
191,5045,joint,6,0110,Greed_Risk,0,0,0,0.311,0.311,0.256,0.0,2.7910000000000004,1.518,,,SSE,7.005,4.0089999999999995,11.39
191,5045,joint,7,0111,Greed_Risk_Nash,0,0,0,0.084,0.084,0.7809999999999999,0.0,0.937,0.542,-0.026000000000000002,,SSE,6.938,4.645,14.970999999999998
191,5045,joint,8,1000,Coop,0,0,0,4.332,4.332,0.027999999999999997,0.0,12.652000000000001,,,,SSE,10.388,-20.898000000000003,56.351000000000006
191,5045,joint,9,1001,Coop_Nash,0,0,0,0.395,0.395,0.27399999999999997,0.0,1.351,2.47,,,SSE,8.137,-5.27,29.948
191,5045,joint,10,1010,Coop_Risk,0,0,0,0.054000000000000006,0.054000000000000006,0.098,0.0,3.1430000000000002,3.378,,,SSE,9.603,-15.869000000000002,51.147
191,5045,joint,11,1011,Coop_Risk_Nash,0,0,0,0.174,0.174,0.203,0.0,1.6440000000000001,0.316,2.9589999999999996,,SSE,8.316,-6.6579999999999995,37.576
191,5045,joint,12,1100,Coop_Greed,0,0,0,0.5539999999999999,0.5539999999999999,0.311,0.0,1.426,2.742,,,SSE,6.41,10.0,-0.593
191,5045,joint,13,1101,Coop_Greed_Nash,0,0,0,0.386,0.386,0.311,0.0,1.3530000000000002,2.03,1.3230000000000002,,SSE,6.1770000000000005,12.366,-0.47200000000000003
191,5045,joint,14,1110,Coop_Greed_Risk,0,0,0,0.36700000000000005,0.36700000000000005,0.264,0.0,1.555,2.892,1.557,,SSE,6.119,12.97,-1.679
191,5045,joint,15,1111,Coop_Greed_Risk_Nash,0,0,0,0.139,0.139,0.5710000000000001,0.0,0.708,1.381,0.795,-0.035,SSE,6.06,13.592,1.929
192,5046,joint,1,0001,Nash,0,0,0,0.624,0.624,0.136,0.0,3.147,,,,SSE,7.584,-0.758,16.072
192,5046,joint,2,0010,Risk,0,0,0,0.29,0.29,0.177,0.0,2.655,,,,SSE,7.084,3.608,7.34
192,5046,joint,3,0011,Risk_Nash,0,0,0,0.22899999999999998,0.22899999999999998,0.193,0.0,2.006,0.863,,,SSE,6.949,4.84,9.729
192,5046,joint,4,0100,Greed,0,0,0,0.043,0.043,0.212,0.0,0.958,,,,SSE,8.294,-6.4879999999999995,27.531999999999996
192,5046,joint,5,0101,Greed_Nash,0,0,0,0.157,0.157,0.163,0.0,0.185,2.363,,,SSE,7.688,-1.6340000000000001,22.677
192,5046,joint,6,0110,Greed_Risk,0,0,0,0.284,0.284,0.113,0.0,1.946,4.001,,,SSE,6.816,6.07,7.268
192,5046,joint,7,0111,Greed_Risk_Nash,0,0,0,0.16699999999999998,0.16699999999999998,0.18100000000000002,0.0,1.524,2.7560000000000002,-0.47600000000000003,,SSE,6.745,6.74,10.78
192,5046,joint,8,1000,Coop,0,0,0,0.998,0.998,0.166,0.0,0.627,,,,SSE,8.532,-8.3,31.156999999999996
192,5046,joint,9,1001,Coop_Nash,0,0,0,0.524,0.524,0.20600000000000002,0.0,0.55,2.133,,,SSE,7.457999999999999,0.306,18.797
192,5046,joint,10,1010,Coop_Risk,0,0,0,0.369,0.369,0.172,0.0,0.48100000000000004,2.807,,,SSE,6.985,4.504,10.401
192,5046,joint,11,1011,Coop_Risk_Nash,0,0,0,0.138,0.138,0.38299999999999995,0.0,0.231,1.0390000000000001,0.43,,SSE,6.85,5.747999999999999,12.765
192,5046,joint,12,1100,Coop_Greed,0,0,0,0.125,0.125,0.11,0.0,0.67,1.8630000000000002,,,SSE,8.248,-6.138,31.683000000000003
192,5046,joint,13,1101,Coop_Greed_Nash,0,0,0,0.18600000000000003,0.18600000000000003,0.16699999999999998,0.0,0.483,0.2,2.303,,SSE,7.622999999999999,-1.094,26.448
192,5046,joint,14,1110,Coop_Greed_Risk,0,0,0,0.20600000000000002,0.20600000000000002,0.192,0.0,0.384,1.148,2.387,,SSE,6.7410000000000005,6.776,10.709000000000001
192,5046,joint,15,1111,Coop_Greed_Risk_Nash,0,0,0,0.18899999999999997,0.18899999999999997,0.188,0.0,0.42700000000000005,1.4769999999999999,2.68,-0.461,SSE,6.666,7.496,14.120999999999999
193,5047,joint,1,0001,Nash,0,0,0,0.431,0.431,0.33299999999999996,0.0,3.056,,,,SSE,8.599,-8.8,32.157
193,5047,joint,2,0010,Risk,0,0,0,0.517,0.517,0.266,0.0,2.908,,,,SSE,9.103,-12.448,39.453
193,5047,joint,3,0011,Risk_Nash,0,0,0,0.6629999999999999,0.6629999999999999,0.17600000000000002,0.0,2.376,4.671,,,SSE,7.426,0.588,18.232
193,5047,joint,4,0100,Greed,0,0,0,0.33299999999999996,0.33299999999999996,0.27,0.0,2.237,,,,SSE,10.293,-20.312,55.18
193,5047,joint,5,0101,Greed_Nash,0,0,0,0.355,0.355,0.276,0.0,0.937,3.096,,,SSE,8.101,-4.986000000000001,29.38
193,5047,joint,6,0110,Greed_Risk,0,0,0,0.39799999999999996,0.39799999999999996,0.35200000000000004,0.0,2.039,2.37,,,SSE,6.35,10.603,-1.7990000000000002
193,5047,joint,7,0111,Greed_Risk_Nash,0,0,0,0.358,0.358,0.306,0.0,1.8530000000000002,2.181,1.318,,SSE,6.352,10.579,3.102
193,5047,joint,8,1000,Coop,0,0,0,0.01,0.01,0.01,0.0,2.228,,,,SSE,12.860999999999999,-34.567,83.69
193,5047,joint,9,1001,Coop_Nash,0,0,0,0.504,0.504,0.271,0.0,-0.006999999999999999,3.69,,,SSE,8.686,-9.442,38.292
193,5047,joint,10,1010,Coop_Risk,0,0,0,0.43,0.43,0.308,0.0,-0.012,2.4619999999999997,,,SSE,9.183,-13.008,45.424
193,5047,joint,11,1011,Coop_Risk_Nash,0,0,0,0.40299999999999997,0.40299999999999997,0.298,0.0,0.081,1.416,2.759,,SSE,7.433,0.525,23.21
193,5047,joint,12,1100,Coop_Greed,0,0,0,0.345,0.345,0.233,0.0,0.07400000000000001,2.5380000000000003,,,SSE,10.378,-20.838,61.083999999999996
193,5047,joint,13,1101,Coop_Greed_Nash,0,0,0,0.358,0.358,0.268,0.0,0.066,0.946,3.155,,SSE,8.149,-5.357,34.975
193,5047,joint,14,1110,Coop_Greed_Risk,0,0,0,0.888,0.888,0.161,0.0,0.129,4.4110000000000005,5.14,,SSE,6.354,10.562000000000001,3.136
193,5047,joint,15,1111,Coop_Greed_Risk_Nash,0,0,0,0.34700000000000003,0.34700000000000003,0.32299999999999995,0.0,0.139,1.7369999999999999,2.0469999999999997,1.272,SSE,6.337999999999999,10.719000000000001,7.672999999999999
194,5048,joint,1,0001,Nash,0,0,0,0.615,0.615,0.324,0.0,1.329,,,,SSE,3.522,48.327,-82.09899999999999
194,5048,joint,2,0010,Risk,0,0,0,0.439,0.439,0.21,0.0,1.071,,,,SSE,4.178999999999999,37.381,-60.205
194,5048,joint,3,0011,Risk_Nash,0,0,0,1.1640000000000001,1.1640000000000001,0.083,0.0,0.69,4.6160000000000005,,,SSE,3.367,51.211000000000006,-83.014
194,5048,joint,4,0100,Greed,0,0,0,0.5479999999999999,0.5479999999999999,0.24600000000000002,0.0,1.464,,,,SSE,3.31,52.308,-90.06
194,5048,joint,5,0101,Greed_Nash,0,0,0,0.157,0.157,0.8270000000000001,0.0,0.29,0.34,,,SSE,2.752,64.12,-108.83200000000001
194,5048,joint,6,0110,Greed_Risk,0,0,0,0.716,0.716,0.18600000000000003,0.0,1.989,1.273,,,SSE,2.3,75.605,-131.80200000000002
194,5048,joint,7,0111,Greed_Risk_Nash,0,0,0,0.442,0.442,0.237,0.0,1.315,0.802,0.527,,SSE,2.286,75.977,-127.695
194,5048,joint,8,1000,Coop,0,0,0,0.01,0.01,0.01,0.0,-0.75,,,,SSE,5.003,25.864,-37.172
194,5048,joint,9,1001,Coop_Nash,0,0,0,0.428,0.428,0.36700000000000005,0.0,-0.071,1.115,,,SSE,3.764,44.07899999999999,-68.75
194,5048,joint,10,1010,Coop_Risk,0,0,0,0.235,0.235,0.34600000000000003,0.0,-0.033,0.634,,,SSE,4.289,35.718,-52.028
194,5048,joint,11,1011,Coop_Risk_Nash,0,0,0,0.384,0.384,0.237,0.0,-0.061,0.23800000000000002,1.584,,SSE,3.4610000000000003,49.446000000000005,-74.632
194,5048,joint,12,1100,Coop_Greed,0,0,0,0.7809999999999999,0.7809999999999999,0.161,0.0,-0.156,2.197,,,SSE,3.4339999999999997,49.93899999999999,-80.47
194,5048,joint,13,1101,Coop_Greed_Nash,0,0,0,0.479,0.479,0.264,0.0,-0.096,0.899,1.037,,SSE,2.842,62.051,-99.84200000000001
194,5048,joint,14,1110,Coop_Greed_Risk,0,0,0,0.51,0.51,0.26899999999999996,0.0,-0.077,1.3630000000000002,0.8690000000000001,,SSE,2.3169999999999997,75.127,-125.994
194,5048,joint,15,1111,Coop_Greed_Risk_Nash,0,0,0,0.24600000000000002,0.24600000000000002,0.433,0.0,-0.042,0.7170000000000001,0.436,0.28,SSE,2.309,75.34100000000001,-121.57
195,5049,joint,1,0001,Nash,0,0,0,0.466,0.466,0.27899999999999997,0.0,2.9760000000000004,,,,SSE,18.457,-57.684,129.924
195,5049,joint,2,0010,Risk,0,0,0,0.304,0.304,0.282,0.0,2.8289999999999997,,,,SSE,17.514,-54.327,123.211
195,5049,joint,3,0011,Risk_Nash,0,0,0,0.318,0.318,0.258,0.0,2.426,1.734,,,SSE,16.871,-51.934,123.27600000000001
195,5049,joint,4,0100,Greed,0,0,0,0.882,0.882,0.255,0.0,1.0590000000000002,,,,SSE,18.817999999999998,-58.922,132.399
195,5049,joint,5,0101,Greed_Nash,0,0,0,0.633,0.633,0.272,0.0,-0.43700000000000006,3.536,,,SSE,16.597,-50.888000000000005,121.184
195,5049,joint,6,0110,Greed_Risk,0,0,0,0.675,0.675,0.272,0.0,1.228,3.529,,,SSE,14.672,-42.998999999999995,105.405
195,5049,joint,7,0111,Greed_Risk_Nash,0,0,0,0.409,0.409,0.33,0.0,0.741,2.46,0.919,,SSE,15.036,-44.567,113.39399999999999
195,5049,joint,8,1000,Coop,0,0,0,0.01,0.01,0.01,0.0,16.133,,,,SSE,21.35,-67.003,148.561
195,5049,joint,9,1001,Coop_Nash,0,0,0,0.456,0.456,0.255,0.0,0.892,3.137,,,SSE,18.329,-57.238,133.885
195,5049,joint,10,1010,Coop_Risk,0,0,0,0.40299999999999997,0.40299999999999997,0.20600000000000002,0.0,1.053,3.8689999999999998,,,SSE,17.325,-53.633,126.67299999999999
195,5049,joint,11,1011,Coop_Risk_Nash,0,0,0,0.207,0.207,0.395,0.0,0.5720000000000001,1.588,1.102,,SSE,16.669,-51.163999999999994,126.589
195,5049,joint,12,1100,Coop_Greed,0,0,0,1.1640000000000001,1.1640000000000001,0.20600000000000002,0.0,1.3530000000000002,1.3019999999999998,,,SSE,18.456,-57.68,134.768
195,5049,joint,13,1101,Coop_Greed_Nash,0,0,0,0.524,0.524,0.366,0.0,0.8,-0.318,2.535,,SSE,16.294,-49.707,123.67299999999999
195,5049,joint,14,1110,Coop_Greed_Risk,0,0,0,0.552,0.552,0.35100000000000003,0.0,0.718,0.937,2.693,,SSE,14.293,-41.321999999999996,106.904
195,5049,joint,15,1111,Coop_Greed_Risk_Nash,0,0,0,0.524,0.524,0.27,0.0,0.945,0.937,3.0180000000000002,1.02,SSE,14.7,-43.119,115.34899999999999
196,5050,joint,1,0001,Nash,0,0,0,4.591,4.591,0.10400000000000001,0.0,11.095999999999998,,,,SSE,9.546,-15.488,45.533
196,5050,joint,2,0010,Risk,0,0,0,0.335,0.335,0.21899999999999997,0.0,2.165,,,,SSE,12.965,-35.08,84.715
196,5050,joint,3,0011,Risk_Nash,0,0,0,0.56,0.56,0.24,0.0,1.083,2.891,,,SSE,10.707,-22.834,65.075
196,5050,joint,4,0100,Greed,0,0,0,1.219,1.219,0.331,0.0,1.6980000000000002,,,,SSE,9.236,-13.377,41.31
196,5050,joint,5,0101,Greed_Nash,0,0,0,1.27,1.27,0.364,0.0,0.705,3.075,,,SSE,5.945,14.82,-10.232000000000001
196,5050,joint,6,0110,Greed_Risk,0,0,0,1.556,1.556,0.16399999999999998,0.0,2.79,3.9589999999999996,,,SSE,8.293,-6.484,32.376999999999995
196,5050,joint,7,0111,Greed_Risk_Nash,0,0,0,0.64,0.64,0.34700000000000003,0.0,0.706,1.1179999999999999,1.9569999999999999,,SSE,7.267,1.9669999999999999,20.327
196,5050,joint,8,1000,Coop,0,0,0,0.01,0.01,0.01,0.0,-15.847999999999999,,,,SSE,14.384,-41.729,98.015
196,5050,joint,9,1001,Coop_Nash,0,0,0,1.0959999999999999,1.0959999999999999,0.32,0.0,-0.8079999999999999,3.213,,,SSE,10.124,-19.252,57.912
196,5050,joint,10,1010,Coop_Risk,0,0,0,0.281,0.281,0.184,0.0,-0.991,2.463,,,SSE,12.925999999999998,-34.885,89.179
196,5050,joint,11,1011,Coop_Risk_Nash,0,0,0,0.418,0.418,0.285,0.0,-0.746,0.8590000000000001,2.417,,SSE,10.72,-22.91,70.08
196,5050,joint,12,1100,Coop_Greed,0,0,0,2.079,2.079,0.162,0.0,-1.4409999999999998,3.255,,,SSE,9.597000000000001,-15.825,51.058
196,5050,joint,13,1101,Coop_Greed_Nash,0,0,0,3.657,3.657,0.132,0.0,-1.974,2.168,8.65,,SSE,5.822,16.158,-8.056000000000001
196,5050,joint,14,1110,Coop_Greed_Risk,0,0,0,1.014,1.014,0.257,0.0,-1.023,1.85,2.541,,SSE,8.125,-5.171,34.603
196,5050,joint,15,1111,Coop_Greed_Risk_Nash,0,0,0,0.662,0.662,0.35200000000000004,0.0,-0.693,0.7509999999999999,1.139,1.979,SSE,7.042000000000001,3.983,21.147
197,5051,joint,1,0001,Nash,0,0,0,0.196,0.196,0.179,0.0,3.177,,,,SSE,6.111000000000001,13.056,-11.557
197,5051,joint,2,0010,Risk,0,0,0,0.01,0.01,0.01,0.0,17.861,,,,SSE,7.593,-0.8340000000000001,16.225
197,5051,joint,3,0011,Risk_Nash,0,0,0,0.033,0.033,0.196,0.0,-0.809,3.3989999999999996,,,SSE,6.023,13.99,-8.571
197,5051,joint,4,0100,Greed,0,0,0,0.625,0.625,0.20800000000000002,0.0,3.157,,,,SSE,4.814,28.316999999999997,-42.078
197,5051,joint,5,0101,Greed_Nash,0,0,0,0.307,0.307,0.248,0.0,1.811,1.462,,,SSE,4.787,28.685,-37.961999999999996
197,5051,joint,6,0110,Greed_Risk,0,0,0,0.33,0.33,0.21,0.0,2.915,1.041,,,SSE,4.944,26.625999999999998,-33.844
197,5051,joint,7,0111,Greed_Risk_Nash,0,0,0,0.215,0.215,0.21100000000000002,0.0,2.214,0.47100000000000003,1.222,,SSE,4.997,25.939,-27.618000000000002
197,5051,joint,8,1000,Coop,0,0,0,0.01,0.01,0.01,0.0,9.863,,,,SSE,7.77,-2.311,19.179000000000002
197,5051,joint,9,1001,Coop_Nash,0,0,0,0.198,0.198,0.165,0.0,0.6459999999999999,3.4339999999999997,,,SSE,6.04,13.802,-8.195
197,5051,joint,10,1010,Coop_Risk,0,0,0,0.01,0.01,0.01,0.0,9.976,17.936,,,SSE,7.513999999999999,-0.171,19.75
197,5051,joint,11,1011,Coop_Risk_Nash,0,0,0,0.046,0.046,0.115,0.0,0.927,-1.4,5.797000000000001,,SSE,5.944,14.832,-5.405
197,5051,joint,12,1100,Coop_Greed,0,0,0,0.555,0.555,0.247,0.0,0.503,2.6460000000000004,,,SSE,4.7010000000000005,29.848000000000003,-40.287
197,5051,joint,13,1101,Coop_Greed_Nash,0,0,0,0.655,0.655,0.125,0.0,0.9890000000000001,3.5780000000000003,2.96,,SSE,4.673,30.235,-36.209
197,5051,joint,14,1110,Coop_Greed_Risk,0,0,0,0.342,0.342,0.217,0.0,0.556,2.825,1.025,,SSE,4.834,28.066999999999997,-31.874000000000002
197,5051,joint,15,1111,Coop_Greed_Risk_Nash,0,0,0,0.233,0.233,0.207,0.0,0.573,2.2569999999999997,0.488,1.266,SSE,4.898,27.215,-25.318
198,5052,joint,1,0001,Nash,0,0,0,0.66,0.66,0.257,0.0,2.15,,,,SSE,2.247,77.09899999999999,-139.642
198,5052,joint,2,0010,Risk,0,0,0,0.34,0.34,0.237,0.0,1.689,,,,SSE,2.63,67.014,-119.471
198,5052,joint,3,0011,Risk_Nash,0,0,0,0.319,0.319,0.244,0.0,0.919,1.635,,,SSE,1.963,85.75399999999999,-152.101
198,5052,joint,4,0100,Greed,0,0,0,0.258,0.258,0.192,0.0,1.526,,,,SSE,3.219,54.091,-93.62700000000001
198,5052,joint,5,0101,Greed_Nash,0,0,0,0.267,0.267,0.221,0.0,0.39899999999999997,2.068,,,SSE,2.338,74.54899999999999,-129.689
198,5052,joint,6,0110,Greed_Risk,0,0,0,0.682,0.682,0.109,0.0,2.818,3.648,,,SSE,1.859,89.22200000000001,-159.036
198,5052,joint,7,0111,Greed_Risk_Nash,0,0,0,0.282,0.282,0.215,0.0,1.023,1.4280000000000002,0.938,,SSE,1.7480000000000002,93.165,-162.07
198,5052,joint,8,1000,Coop,0,0,0,0.01,0.01,0.01,0.0,3.15,,,,SSE,3.949,40.996,-67.436
198,5052,joint,9,1001,Coop_Nash,0,0,0,0.47100000000000003,0.47100000000000003,0.289,0.0,0.094,1.8359999999999999,,,SSE,2.406,72.72399999999999,-126.039
198,5052,joint,10,1010,Coop_Risk,0,0,0,0.22899999999999998,0.22899999999999998,0.325,0.0,0.10800000000000001,1.213,,,SSE,2.69,65.562,-111.715
198,5052,joint,11,1011,Coop_Risk_Nash,0,0,0,0.373,0.373,0.203,0.0,0.174,1.097,1.933,,SSE,2.006,84.36200000000001,-144.463
198,5052,joint,12,1100,Coop_Greed,0,0,0,0.228,0.228,0.183,0.0,0.175,1.575,,,SSE,3.26,53.27,-87.133
198,5052,joint,13,1101,Coop_Greed_Nash,0,0,0,0.256,0.256,0.21600000000000003,0.0,0.13699999999999998,0.41,2.084,,SSE,2.384,73.315,-122.37
198,5052,joint,14,1110,Coop_Greed_Risk,0,0,0,0.326,0.326,0.23399999999999999,0.0,0.157,1.315,1.694,,SSE,1.868,88.9,-153.54
198,5052,joint,15,1111,Coop_Greed_Risk_Nash,0,0,0,0.321,0.321,0.192,0.0,0.177,1.1640000000000001,1.61,1.016,SSE,1.758,92.786,-156.46
199,5053,joint,1,0001,Nash,0,0,0,0.32299999999999995,0.32299999999999995,0.514,0.0,1.9280000000000002,,,,SSE,7.954,-3.8139999999999996,22.185
199,5053,joint,2,0010,Risk,0,0,0,0.22699999999999998,0.22699999999999998,0.18899999999999997,0.0,1.962,,,,SSE,10.704,-22.813000000000002,60.181999999999995
199,5053,joint,3,0011,Risk_Nash,0,0,0,0.19899999999999998,0.19899999999999998,0.263,0.0,-0.138,3.3819999999999997,,,SSE,8.134,-5.2410000000000005,29.89
199,5053,joint,4,0100,Greed,0,0,0,0.15,0.15,1.2409999999999999,0.0,0.6609999999999999,,,,SSE,7.409,0.735,13.085999999999999
199,5053,joint,5,0101,Greed_Nash,0,0,0,0.429,0.429,0.324,0.0,1.6019999999999999,2.335,,,SSE,6.325,10.853,-2.298
199,5053,joint,6,0110,Greed_Risk,0,0,0,0.42100000000000004,0.42100000000000004,0.325,0.0,2.427,1.53,,,SSE,6.579,8.333,2.7430000000000003
199,5053,joint,7,0111,Greed_Risk_Nash,0,0,0,0.18100000000000002,0.18100000000000002,0.544,0.0,1.052,0.527,0.89,,SSE,6.452000000000001,9.58,5.1
199,5053,joint,8,1000,Coop,0,0,0,0.01,0.01,0.01,0.0,-4.849,,,,SSE,11.710999999999999,-28.569000000000003,71.693
199,5053,joint,9,1001,Coop_Nash,0,0,0,0.45399999999999996,0.45399999999999996,0.302,0.0,-0.247,3.11,,,SSE,8.091000000000001,-4.9,29.209
199,5053,joint,10,1010,Coop_Risk,0,0,0,0.324,0.324,0.106,0.0,-0.474,3.411,,,SSE,10.729000000000001,-22.967,65.342
199,5053,joint,11,1011,Coop_Risk_Nash,0,0,0,0.071,0.071,0.667,0.0,-0.114,-0.063,1.3259999999999998,,SSE,8.157,-5.421,35.103
199,5053,joint,12,1100,Coop_Greed,0,0,0,0.396,0.396,0.47200000000000003,0.0,-0.11699999999999999,1.7269999999999999,,,SSE,7.398,0.823,17.762999999999998
199,5053,joint,13,1101,Coop_Greed_Nash,0,0,0,0.43799999999999994,0.43799999999999994,0.324,0.0,-0.23800000000000002,1.639,2.2969999999999997,,SSE,6.311,10.994000000000002,2.272
199,5053,joint,14,1110,Coop_Greed_Risk,0,0,0,0.428,0.428,0.336,0.0,-0.278,2.384,1.5019999999999998,,SSE,6.495,9.161,5.939
199,5053,joint,15,1111,Coop_Greed_Risk_Nash,0,0,0,0.345,0.345,0.294,0.0,-0.299,1.9909999999999999,1.005,1.615,SSE,6.41,10.004,9.104
200,5054,joint,1,0001,Nash,0,0,0,1.0659999999999998,1.0659999999999998,0.21600000000000003,0.0,6.1739999999999995,,,,SSE,8.779,-10.124,34.804
200,5054,joint,2,0010,Risk,0,0,0,0.539,0.539,0.381,0.0,2.374,,,,SSE,10.095,-19.064,52.683
200,5054,joint,3,0011,Risk_Nash,0,0,0,0.655,0.655,0.27699999999999997,0.0,1.9080000000000001,3.937,,,SSE,7.409,0.735,17.938
200,5054,joint,4,0100,Greed,0,0,0,0.33899999999999997,0.33899999999999997,0.256,0.0,2.9139999999999997,,,,SSE,11.171,-25.546999999999997,65.649
200,5054,joint,5,0101,Greed_Nash,0,0,0,0.33899999999999997,0.33899999999999997,0.31,0.0,1.31,2.964,,,SSE,8.584,-8.687000000000001,36.781
200,5054,joint,6,0110,Greed_Risk,0,0,0,1.415,1.415,0.128,0.0,7.319,7.651,,,SSE,6.447,9.637,0.135
200,5054,joint,7,0111,Greed_Risk_Nash,0,0,0,0.7879999999999999,0.7879999999999999,0.18600000000000003,0.0,4.721,4.898,1.916,,SSE,6.169,12.452,-0.644
200,5054,joint,8,1000,Coop,0,0,0,0.01,0.01,0.01,0.0,7.166,,,,SSE,14.728,-43.239,101.03399999999999
200,5054,joint,9,1001,Coop_Nash,0,0,0,0.498,0.498,0.401,0.0,0.278,3.148,,,SSE,8.98,-11.573,42.553999999999995
200,5054,joint,10,1010,Coop_Risk,0,0,0,0.527,0.527,0.36,0.0,0.298,2.435,,,SSE,10.209,-19.783,58.973
200,5054,joint,11,1011,Coop_Risk_Nash,0,0,0,1.093,1.093,0.166,0.0,0.847,3.2569999999999997,6.517,,SSE,7.417999999999999,0.657,22.947
200,5054,joint,12,1100,Coop_Greed,0,0,0,0.685,0.685,0.115,0.0,0.765,6.375,,,SSE,11.22,-25.829,71.066
200,5054,joint,13,1101,Coop_Greed_Nash,0,0,0,0.322,0.322,0.314,0.0,0.303,1.261,2.8739999999999997,,SSE,8.632,-9.046,42.353
200,5054,joint,14,1110,Coop_Greed_Risk,0,0,0,1.514,1.514,0.12300000000000001,0.0,0.7290000000000001,7.565,7.99,,SSE,6.393,10.168,3.925
200,5054,joint,15,1111,Coop_Greed_Risk_Nash,0,0,0,0.409,0.409,0.364,0.0,0.29,2.386,2.498,1.024,SSE,6.126,12.904000000000002,3.304
